{"name": "0006.png", "type": "001", "params": {"illumination": {"color": {"brightness_factor": 1.140314393726709, "contrast_factor": 1.3599318378323515, "saturation_factor": 1.2065933071222648}, "halo": {"num": 2, "center_a": [897, 935], "dia_a": 1875.916551840656, "center_b": [897, 935], "dia_b": 4118.366417065117}, "hole": {"center": [1050, 1057], "diameter_circle": 1270, "brightness_factor": -0.29357555289695214, "rad_w": 779, "rad_h": 875, "sigma": 699.9999999999999}}}}