{"name": "0006.png", "type": "101", "params": {"illumination": {"color": {"brightness_factor": 1.1092401815228572, "contrast_factor": 0.8852787642508625, "saturation_factor": 1.0033209330015636}, "halo": {"num": 1, "center_a": [1254, 875], "dia_a": 1835.3975729200802, "center_b": [1254, 875], "dia_b": 4480.157079107608}, "hole": {"center": [1293, 1060], "diameter_circle": 1079, "brightness_factor": -0.2939117198648294, "rad_w": 609, "rad_h": 635, "sigma": 507.19999999999993}}, "blur": {"sigma": 8.979205759996919, "rad_w": 3, "rad_h": 3}}}