{"name": "0014.png", "type": "101", "params": {"illumination": {"color": {"brightness_factor": 0.7862485823358836, "contrast_factor": 0.7031341310449988, "saturation_factor": 1.3977267266451197}, "halo": {"num": 2, "center_a": [888, 814], "dia_a": 1948.0536743731734, "center_b": [888, 814], "dia_b": 3649.231232966647}, "hole": {"center": [704, 1267], "diameter_circle": 981, "brightness_factor": -0.2840303535574592, "rad_w": 565, "rad_h": 565, "sigma": 451.99999999999994}}, "blur": {"sigma": 7.648272204832439, "rad_w": 3, "rad_h": 3}}}