{"name": "0014.png", "type": "001", "params": {"illumination": {"color": {"brightness_factor": 0.8450926139164943, "contrast_factor": 1.2212019702946488, "saturation_factor": 1.0846652452123002}, "halo": {"num": 2, "center_a": [1077, 1277], "dia_a": 2085.1229333288493, "center_b": [1077, 1277], "dia_b": 4319.50409533271}, "hole": {"center": [803, 969], "diameter_circle": 1375, "brightness_factor": -0.28411242820008736, "rad_w": 1021, "rad_h": 1031, "sigma": 823.9999999999999}}}}