{"name": "0015.png", "type": "001", "params": {"illumination": {"color": {"brightness_factor": 1.109536756832667, "contrast_factor": 0.9996917577215945, "saturation_factor": 0.7132431121567604}, "halo": {"num": 2, "center_a": [1138, 887], "dia_a": 2021.4368317544331, "center_b": [1138, 887], "dia_b": 3491.0903781755483}, "hole": {"center": [1074, 790], "diameter_circle": 917, "brightness_factor": -0.2896676271472915, "rad_w": 539, "rad_h": 609, "sigma": 487.2}}}}