{"name": "0015.png", "type": "101", "params": {"illumination": {"color": {"brightness_factor": 0.9584692909986734, "contrast_factor": 1.2826646723832718, "saturation_factor": 0.7378618146250888}, "halo": {"num": 1, "center_a": [1284, 1170], "dia_a": 2063.2375630205106, "center_b": [1284, 1170], "dia_b": 4301.09038899251}, "hole": {"center": [1006, 1030], "diameter_circle": 1216, "brightness_factor": -0.29127108247509736, "rad_w": 847, "rad_h": 683, "sigma": 676.8}}, "blur": {"sigma": 7.883970141582816, "rad_w": 3, "rad_h": 3}}}