{"name": "0017.png", "type": "101", "params": {"illumination": {"color": {"brightness_factor": 1.1237868971006084, "contrast_factor": 0.8555525402109733, "saturation_factor": 0.9691673029656782}, "halo": {"num": 1, "center_a": [951, 1324], "dia_a": 1733.5308775434996, "center_b": [951, 1324], "dia_b": 4063.1392905157727}, "hole": {"center": [1142, 1159], "diameter_circle": 1339, "brightness_factor": -0.2947789066416883, "rad_w": 885, "rad_h": 763, "sigma": 708.0}}, "blur": {"sigma": 8.53125026184916, "rad_w": 3, "rad_h": 3}}}