{"name": "0017.png", "type": "001", "params": {"illumination": {"color": {"brightness_factor": 0.7594357555686294, "contrast_factor": 1.057098267725011, "saturation_factor": 0.7119774680912981}, "halo": {"num": 2, "center_a": [997, 855], "dia_a": 1662.362891501552, "center_b": [997, 855], "dia_b": 4377.423519807375}, "hole": {"center": [1181, 1132], "diameter_circle": 1115, "brightness_factor": -0.28582451952018617, "rad_w": 667, "rad_h": 743, "sigma": 594.4}}}}