{"name": "0019.png", "type": "101", "params": {"illumination": {"color": {"brightness_factor": 0.9035516123156864, "contrast_factor": 0.8062633648908843, "saturation_factor": 1.0795027678648146}, "halo": {"num": 2, "center_a": [979, 851], "dia_a": 1564.2385093456035, "center_b": [979, 851], "dia_b": 3480.487321652773}, "hole": {"center": [803, 1034], "diameter_circle": 888, "brightness_factor": -0.28851104095347796, "rad_w": 541, "rad_h": 653, "sigma": 521.5999999999999}}, "blur": {"sigma": 13.66847088227407, "rad_w": 5, "rad_h": 5}}}