{"name": "0019.png", "type": "001", "params": {"illumination": {"color": {"brightness_factor": 0.7661586801800033, "contrast_factor": 1.2222394981251319, "saturation_factor": 1.308708343976194}, "halo": {"num": 2, "center_a": [1230, 1259], "dia_a": 1934.5365206353026, "center_b": [1230, 1259], "dia_b": 4217.610254273852}, "hole": {"center": [1148, 877], "diameter_circle": 976, "brightness_factor": -0.28277523045005426, "rad_w": 727, "rad_h": 701, "sigma": 580.8}}}}