{"name": "0020.png", "type": "001", "params": {"illumination": {"color": {"brightness_factor": 0.7711333622414415, "contrast_factor": 1.2257637433997859, "saturation_factor": 1.19596947038454}, "halo": {"num": 2, "center_a": [1097, 864], "dia_a": 1883.5467485658135, "center_b": [1097, 864], "dia_b": 3302.397911739793}, "hole": {"center": [1326, 1206], "diameter_circle": 1247, "brightness_factor": -0.28343614569924475, "rad_w": 819, "rad_h": 789, "sigma": 654.3999999999999}}}}