{"name": "0020.png", "type": "101", "params": {"illumination": {"color": {"brightness_factor": 0.8851230870232139, "contrast_factor": 0.7782863031420827, "saturation_factor": 1.0949041886544861}, "halo": {"num": 2, "center_a": [870, 1207], "dia_a": 1948.4530424822194, "center_b": [870, 1207], "dia_b": 3411.720794127181}, "hole": {"center": [1036, 796], "diameter_circle": 1014, "brightness_factor": -0.2858001108618416, "rad_w": 729, "rad_h": 675, "sigma": 583.1999999999999}}, "blur": {"sigma": 14.337217674692377, "rad_w": 5, "rad_h": 7}}}