{"name": "0022.png", "type": "001", "params": {"illumination": {"color": {"brightness_factor": 0.7015010304793532, "contrast_factor": 0.8310478092189546, "saturation_factor": 1.0518695222175143}, "halo": {"num": 1, "center_a": [1121, 1226], "dia_a": 1659.5154659127832, "center_b": [1121, 1226], "dia_b": 3415.0346687843785}, "hole": {"center": [1531, 975], "diameter_circle": 1422, "brightness_factor": -0.28429825814948545, "rad_w": 979, "rad_h": 1029, "sigma": 823.1999999999999}}}}