{"name": "0022.png", "type": "101", "params": {"illumination": {"color": {"brightness_factor": 1.0541418084762524, "contrast_factor": 0.9008551680079684, "saturation_factor": 0.6824830575985277}, "halo": {"num": 1, "center_a": [980, 886], "dia_a": 1955.1816222391797, "center_b": [980, 886], "dia_b": 3755.8310364354747}, "hole": {"center": [1104, 1041], "diameter_circle": 1128, "brightness_factor": -0.29186697255775035, "rad_w": 783, "rad_h": 837, "sigma": 668.7999999999998}}, "blur": {"sigma": 9.630488134475936, "rad_w": 5, "rad_h": 5}}}