{"name": "0025.png", "type": "101", "params": {"illumination": {"color": {"brightness_factor": 0.9984260368384077, "contrast_factor": 1.0703480133868364, "saturation_factor": 1.302895677255044}, "halo": {"num": 1, "center_a": [1161, 1175], "dia_a": 1768.580371576096, "center_b": [1161, 1175], "dia_b": 3655.1949780866876}, "hole": {"center": [1093, 1100], "diameter_circle": 1017, "brightness_factor": -0.28821538540719455, "rad_w": 689, "rad_h": 627, "sigma": 550.4}}, "blur": {"sigma": 10.035625837994923, "rad_w": 5, "rad_h": 5}}}