{"name": "0025.png", "type": "001", "params": {"illumination": {"color": {"brightness_factor": 0.8625070460507, "contrast_factor": 0.9799612033436957, "saturation_factor": 1.245870622649961}, "halo": {"num": 1, "center_a": [1296, 1021], "dia_a": 1821.3113664250386, "center_b": [1296, 1021], "dia_b": 4226.216384910295}, "hole": {"center": [641, 1250], "diameter_circle": 1031, "brightness_factor": -0.285343404893216, "rad_w": 637, "rad_h": 639, "sigma": 511.2}}}}