{"name": "0026.png", "type": "101", "params": {"illumination": {"color": {"brightness_factor": 0.8002132543380724, "contrast_factor": 0.8822306873771644, "saturation_factor": 0.9956744882442616}, "halo": {"num": 1, "center_a": [963, 868], "dia_a": 2090.050176674469, "center_b": [963, 868], "dia_b": 4284.957828448203}, "hole": {"center": [1288, 1135], "diameter_circle": 1304, "brightness_factor": -0.2826008901787651, "rad_w": 921, "rad_h": 793, "sigma": 736.8}}, "blur": {"sigma": 7.600718776622762, "rad_w": 3, "rad_h": 3}}}