{"name": "0026.png", "type": "001", "params": {"illumination": {"color": {"brightness_factor": 1.1174832851787762, "contrast_factor": 0.6624143001145503, "saturation_factor": 1.3459479953835911}, "halo": {"num": 1, "center_a": [1021, 960], "dia_a": 1800.338187225943, "center_b": [1021, 960], "dia_b": 4084.289358983063}, "hole": {"center": [575, 1066], "diameter_circle": 1401, "brightness_factor": -0.2954757049134001, "rad_w": 971, "rad_h": 839, "sigma": 775.9999999999999}}}}