{"name": "0029.png", "type": "101", "params": {"illumination": {"color": {"brightness_factor": 1.1144179139767187, "contrast_factor": 0.8683956729595798, "saturation_factor": 1.1218915732878765}, "halo": {"num": 2, "center_a": [1024, 916], "dia_a": 1643.9275737509563, "center_b": [1024, 916], "dia_b": 3478.437785427255}, "hole": {"center": [745, 1273], "diameter_circle": 847, "brightness_factor": -0.29788700069046486, "rad_w": 487, "rad_h": 521, "sigma": 415.99999999999994}}, "blur": {"sigma": 7.861291066261996, "rad_w": 3, "rad_h": 3}}}