{"name": "0029.png", "type": "001", "params": {"illumination": {"color": {"brightness_factor": 1.0954870508218244, "contrast_factor": 1.2850737305390598, "saturation_factor": 0.7580236941331824}, "halo": {"num": 1, "center_a": [1188, 1172], "dia_a": 1933.0243026287014, "center_b": [1188, 1172], "dia_b": 3423.1011543625978}, "hole": {"center": [726, 1261], "diameter_circle": 856, "brightness_factor": -0.299436107865239, "rad_w": 573, "rad_h": 581, "sigma": 463.99999999999994}}}}