{"name": "0032.png", "type": "001", "params": {"illumination": {"color": {"brightness_factor": 0.913082095920908, "contrast_factor": 0.8224151206142853, "saturation_factor": 1.3451437252105487}, "halo": {"num": 1, "center_a": [1019, 1193], "dia_a": 1777.0977720405176, "center_b": [1019, 1193], "dia_b": 3875.5796749359265}, "hole": {"center": [1488, 1237], "diameter_circle": 909, "brightness_factor": -0.2884784415872185, "rad_w": 597, "rad_h": 537, "sigma": 477.59999999999997}}}}