{"name": "0032.png", "type": "101", "params": {"illumination": {"color": {"brightness_factor": 0.7611945236952142, "contrast_factor": 1.255362253262079, "saturation_factor": 0.806486771235993}, "halo": {"num": 2, "center_a": [1317, 999], "dia_a": 1904.4655389981222, "center_b": [1317, 999], "dia_b": 4014.3736304889276}, "hole": {"center": [602, 1196], "diameter_circle": 1230, "brightness_factor": -0.28528822812808463, "rad_w": 741, "rad_h": 781, "sigma": 624.8}}, "blur": {"sigma": 10.398504593347322, "rad_w": 3, "rad_h": 5}}}