{"name": "0037.png", "type": "101", "params": {"illumination": {"color": {"brightness_factor": 0.8204866782169924, "contrast_factor": 1.0137618284556478, "saturation_factor": 0.9939060700469147}, "halo": {"num": 2, "center_a": [800, 909], "dia_a": 1839.2829220198464, "center_b": [800, 909], "dia_b": 3112.980546142223}, "hole": {"center": [784, 818], "diameter_circle": 1297, "brightness_factor": -0.2856914034573946, "rad_w": 869, "rad_h": 893, "sigma": 713.5999999999999}}, "blur": {"sigma": 13.66139847065112, "rad_w": 5, "rad_h": 7}}}