{"name": "0037.png", "type": "001", "params": {"illumination": {"color": {"brightness_factor": 1.067142855351012, "contrast_factor": 1.2119011556125354, "saturation_factor": 0.6501891095283726}, "halo": {"num": 2, "center_a": [1013, 990], "dia_a": 1639.671534643198, "center_b": [1013, 990], "dia_b": 3771.619603349673}, "hole": {"center": [811, 982], "diameter_circle": 1192, "brightness_factor": -0.2949469238216793, "rad_w": 823, "rad_h": 797, "sigma": 658.4}}}}