{"name": "0039.png", "type": "101", "params": {"illumination": {"color": {"brightness_factor": 1.0291634369792177, "contrast_factor": 0.7712839331551964, "saturation_factor": 1.3165098279047338}, "halo": {"num": 2, "center_a": [1134, 1296], "dia_a": 1854.356092000647, "center_b": [1134, 1296], "dia_b": 4670.437658546467}, "hole": {"center": [1129, 1150], "diameter_circle": 1346, "brightness_factor": -0.2923566593972508, "rad_w": 935, "rad_h": 943, "sigma": 753.6}}, "blur": {"sigma": 8.716451360386595, "rad_w": 3, "rad_h": 5}}}