{"name": "0039.png", "type": "001", "params": {"illumination": {"color": {"brightness_factor": 0.8259114644383863, "contrast_factor": 1.3814289017652368, "saturation_factor": 1.1867989978930464}, "halo": {"num": 1, "center_a": [1264, 1201], "dia_a": 1939.798023221636, "center_b": [1264, 1201], "dia_b": 4307.931078634712}, "hole": {"center": [1547, 812], "diameter_circle": 915, "brightness_factor": -0.28525102420085235, "rad_w": 599, "rad_h": 557, "sigma": 478.3999999999999}}}}