{"name": "0041.png", "type": "101", "params": {"illumination": {"color": {"brightness_factor": 0.7046909851839055, "contrast_factor": 0.6098479924519303, "saturation_factor": 0.8799183574793121}, "halo": {"num": 2, "center_a": [1218, 881], "dia_a": 1809.6376667809234, "center_b": [1218, 881], "dia_b": 4277.698360989703}, "hole": {"center": [1556, 879], "diameter_circle": 947, "brightness_factor": -0.2805239011796503, "rad_w": 583, "rad_h": 645, "sigma": 515.1999999999999}}, "blur": {"sigma": 7.400579613513947, "rad_w": 3, "rad_h": 3}}}