{"name": "0041.png", "type": "001", "params": {"illumination": {"color": {"brightness_factor": 1.1239173295688394, "contrast_factor": 0.8840791203412288, "saturation_factor": 1.0623776221452557}, "halo": {"num": 2, "center_a": [1007, 814], "dia_a": 1943.2608213100752, "center_b": [1007, 814], "dia_b": 3741.843855651052}, "hole": {"center": [1039, 908], "diameter_circle": 1237, "brightness_factor": -0.29257841542085067, "rad_w": 691, "rad_h": 773, "sigma": 617.5999999999999}}}}