{"name": "0046.png", "type": "101", "params": {"illumination": {"color": {"brightness_factor": 1.008055802357026, "contrast_factor": 1.0571763466532604, "saturation_factor": 1.3111148826857875}, "halo": {"num": 1, "center_a": [1294, 833], "dia_a": 1819.1557829161056, "center_b": [1294, 833], "dia_b": 4523.652002490598}, "hole": {"center": [773, 840], "diameter_circle": 848, "brightness_factor": -0.29241148892084806, "rad_w": 479, "rad_h": 553, "sigma": 441.59999999999997}}, "blur": {"sigma": 14.89325183888912, "rad_w": 7, "rad_h": 7}}}