{"name": "0046.png", "type": "001", "params": {"illumination": {"color": {"brightness_factor": 0.8299439246013515, "contrast_factor": 0.7776734120532608, "saturation_factor": 0.8757675859128723}, "halo": {"num": 1, "center_a": [928, 1297], "dia_a": 1842.8589521062486, "center_b": [928, 1297], "dia_b": 4526.164314835563}, "hole": {"center": [1075, 946], "diameter_circle": 1106, "brightness_factor": -0.2885426761378018, "rad_w": 797, "rad_h": 611, "sigma": 636.8}}}}