{"name": "0047.png", "type": "001", "params": {"illumination": {"color": {"brightness_factor": 0.8177921437838658, "contrast_factor": 1.1661393944058491, "saturation_factor": 1.2092691665757238}, "halo": {"num": 2, "center_a": [1200, 1058], "dia_a": 1638.5151580117558, "center_b": [1200, 1058], "dia_b": 4323.139369727489}, "hole": {"center": [1334, 1296], "diameter_circle": 1429, "brightness_factor": -0.2874613591758497, "rad_w": 937, "rad_h": 895, "sigma": 749.5999999999999}}}}