{"name": "0047.png", "type": "101", "params": {"illumination": {"color": {"brightness_factor": 0.9206761901810121, "contrast_factor": 0.6370593620563799, "saturation_factor": 1.0208322045620062}, "halo": {"num": 2, "center_a": [936, 1175], "dia_a": 1611.6530351964723, "center_b": [936, 1175], "dia_b": 3960.874574719341}, "hole": {"center": [827, 847], "diameter_circle": 1082, "brightness_factor": -0.2901344196219965, "rad_w": 679, "rad_h": 805, "sigma": 643.9999999999999}}, "blur": {"sigma": 9.955799607732063, "rad_w": 3, "rad_h": 5}}}