{"name": "0050.png", "type": "101", "params": {"illumination": {"color": {"brightness_factor": 0.7669435111742114, "contrast_factor": 0.6440829559423135, "saturation_factor": 1.1293458645183436}, "halo": {"num": 2, "center_a": [967, 1204], "dia_a": 1571.6954474712697, "center_b": [967, 1204], "dia_b": 4201.245848845957}, "hole": {"center": [801, 844], "diameter_circle": 1107, "brightness_factor": -0.2864542161327332, "rad_w": 777, "rad_h": 661, "sigma": 620.7999999999998}}, "blur": {"sigma": 8.45753632521269, "rad_w": 3, "rad_h": 3}}}