{"name": "0050.png", "type": "001", "params": {"illumination": {"color": {"brightness_factor": 0.7263471008182734, "contrast_factor": 1.3379546837551803, "saturation_factor": 0.6693988740355883}, "halo": {"num": 2, "center_a": [889, 1062], "dia_a": 1565.5294174082167, "center_b": [889, 1062], "dia_b": 3314.472470074389}, "hole": {"center": [797, 1115], "diameter_circle": 981, "brightness_factor": -0.2872900848273215, "rad_w": 719, "rad_h": 597, "sigma": 574.4}}}}