{"name": "0053.png", "type": "001", "params": {"illumination": {"color": {"brightness_factor": 0.8888615430460356, "contrast_factor": 1.3870044706575546, "saturation_factor": 1.2326154443300086}, "halo": {"num": 2, "center_a": [1065, 802], "dia_a": 1888.1214063333143, "center_b": [1065, 802], "dia_b": 3418.939868426767}, "hole": {"center": [1404, 825], "diameter_circle": 1322, "brightness_factor": -0.28758388750568264, "rad_w": 929, "rad_h": 875, "sigma": 743.1999999999999}}}}