{"name": "0053.png", "type": "101", "params": {"illumination": {"color": {"brightness_factor": 1.1514007516109894, "contrast_factor": 1.2391684090083337, "saturation_factor": 1.0414163254664894}, "halo": {"num": 2, "center_a": [1249, 916], "dia_a": 1926.863722884613, "center_b": [1249, 916], "dia_b": 3454.3487588643375}, "hole": {"center": [1161, 1192], "diameter_circle": 864, "brightness_factor": -0.29043313956335376, "rad_w": 597, "rad_h": 611, "sigma": 487.99999999999994}}, "blur": {"sigma": 5.386470744605925, "rad_w": 3, "rad_h": 3}}}