{"name": "0054.png", "type": "001", "params": {"illumination": {"color": {"brightness_factor": 0.7126917120262779, "contrast_factor": 0.7010407783601076, "saturation_factor": 0.8847878755580649}, "halo": {"num": 1, "center_a": [1757, 1547], "dia_a": 2171.262624916935, "center_b": [1757, 1547], "dia_b": 5154.989519173894}, "hole": {"center": [1139, 1618], "diameter_circle": 1255, "brightness_factor": -0.2940094145568082, "rad_w": 701, "rad_h": 823, "sigma": 657.6}}}}