{"name": "0054.png", "type": "101", "params": {"illumination": {"color": {"brightness_factor": 0.8632580963792618, "contrast_factor": 0.8937864311238349, "saturation_factor": 1.3188813615666861}, "halo": {"num": 2, "center_a": [1498, 1399], "dia_a": 2244.1594212719842, "center_b": [1498, 1399], "dia_b": 5082.365697704196}, "hole": {"center": [1703, 1286], "diameter_circle": 1819, "brightness_factor": -0.295394098584652, "rad_w": 1005, "rad_h": 1029, "sigma": 822.3999999999999}}, "blur": {"sigma": 13.98229244839894, "rad_w": 7, "rad_h": 7}}}