{"name": "0056.png", "type": "101", "params": {"illumination": {"color": {"brightness_factor": 1.1476583710191819, "contrast_factor": 1.1498801535448715, "saturation_factor": 1.05619218593394}, "halo": {"num": 1, "center_a": [1884, 1432], "dia_a": 3044.9952913489083, "center_b": [1884, 1432], "dia_b": 5875.2770015483875}, "hole": {"center": [1245, 1429], "diameter_circle": 2138, "brightness_factor": -0.30043704362217544, "rad_w": 1357, "rad_h": 1495, "sigma": 1195.2}}, "blur": {"sigma": 12.703736799747123, "rad_w": 5, "rad_h": 7}}}