{"name": "0056.png", "type": "001", "params": {"illumination": {"color": {"brightness_factor": 0.9896629480934485, "contrast_factor": 1.2265743097016812, "saturation_factor": 0.8357467304287393}, "halo": {"num": 2, "center_a": [1288, 1784], "dia_a": 2580.46233365977, "center_b": [1288, 1784], "dia_b": 5275.388193456189}, "hole": {"center": [2323, 1551], "diameter_circle": 1820, "brightness_factor": -0.2951233075715457, "rad_w": 1231, "rad_h": 1245, "sigma": 996.0}}}}