{"name": "0057.png", "type": "001", "params": {"illumination": {"color": {"brightness_factor": 0.857309543552482, "contrast_factor": 0.8810727301070082, "saturation_factor": 1.353946195164317}, "halo": {"num": 1, "center_a": [1702, 1419], "dia_a": 2950.804127380316, "center_b": [1702, 1419], "dia_b": 6497.985124362167}, "hole": {"center": [871, 1844], "diameter_circle": 2107, "brightness_factor": -0.28937844573933885, "rad_w": 1191, "rad_h": 1573, "sigma": 1258.3999999999999}}}}