{"name": "0057.png", "type": "101", "params": {"illumination": {"color": {"brightness_factor": 1.02789814642217, "contrast_factor": 1.2892372443790505, "saturation_factor": 1.1713590100065674}, "halo": {"num": 1, "center_a": [1950, 1557], "dia_a": 2450.567390454783, "center_b": [1950, 1557], "dia_b": 6253.240862328077}, "hole": {"center": [2143, 1671], "diameter_circle": 1284, "brightness_factor": -0.299507956988582, "rad_w": 727, "rad_h": 837, "sigma": 669.6}}, "blur": {"sigma": 11.788993900243183, "rad_w": 5, "rad_h": 5}}}