{"name": "0060.png", "type": "001", "params": {"illumination": {"color": {"brightness_factor": 0.9250908229650583, "contrast_factor": 1.2315990032852482, "saturation_factor": 0.7263647818146384}, "halo": {"num": 1, "center_a": [1462, 1547], "dia_a": 2971.5466844510147, "center_b": [1462, 1547], "dia_b": 5021.502019292975}, "hole": {"center": [789, 1777], "diameter_circle": 1445, "brightness_factor": -0.2959733643114712, "rad_w": 813, "rad_h": 1013, "sigma": 809.5999999999999}}}}