{"name": "0060.png", "type": "101", "params": {"illumination": {"color": {"brightness_factor": 0.9668404615643635, "contrast_factor": 0.6266002271436709, "saturation_factor": 1.3209425698860702}, "halo": {"num": 1, "center_a": [1407, 1457], "dia_a": 2403.784126462428, "center_b": [1407, 1457], "dia_b": 4818.884267091156}, "hole": {"center": [930, 1751], "diameter_circle": 1486, "brightness_factor": -0.29934154614836866, "rad_w": 931, "rad_h": 841, "sigma": 744.0}}, "blur": {"sigma": 9.493889098096098, "rad_w": 5, "rad_h": 5}}}