{"name": "0062.png", "type": "001", "params": {"illumination": {"color": {"brightness_factor": 1.0910698960110456, "contrast_factor": 0.6130372372567102, "saturation_factor": 0.7720948930512624}, "halo": {"num": 1, "center_a": [401, 594], "dia_a": 803.2771424347269, "center_b": [401, 594], "dia_b": 1758.0664718856867}, "hole": {"center": [263, 517], "diameter_circle": 644, "brightness_factor": -0.30338380840757007, "rad_w": 457, "rad_h": 385, "sigma": 365.59999999999997}}}}