{"name": "0062.png", "type": "101", "params": {"illumination": {"color": {"brightness_factor": 1.1260675397152389, "contrast_factor": 0.9318508351849051, "saturation_factor": 0.646492879846027}, "halo": {"num": 2, "center_a": [467, 594], "dia_a": 878.0033777714542, "center_b": [467, 594], "dia_b": 1866.5932999161191}, "hole": {"center": [634, 540], "diameter_circle": 663, "brightness_factor": -0.29637422499835286, "rad_w": 389, "rad_h": 413, "sigma": 329.59999999999997}}, "blur": {"sigma": 7.03969381158473, "rad_w": 3, "rad_h": 3}}}