{"name": "0063.png", "type": "001", "params": {"illumination": {"color": {"brightness_factor": 0.8445465794271012, "contrast_factor": 0.6647991880296245, "saturation_factor": 0.6250183252005056}, "halo": {"num": 2, "center_a": [967, 1055], "dia_a": 1863.8160303077832, "center_b": [967, 1055], "dia_b": 3922.812167495533}, "hole": {"center": [989, 1375], "diameter_circle": 1438, "brightness_factor": -0.27616236137513744, "rad_w": 1025, "rad_h": 835, "sigma": 819.9999999999999}}}}