{"name": "0063.png", "type": "101", "params": {"illumination": {"color": {"brightness_factor": 1.1617693163918736, "contrast_factor": 0.6700590337326595, "saturation_factor": 1.3931051184880763}, "halo": {"num": 2, "center_a": [1393, 1040], "dia_a": 2252.8408606687526, "center_b": [1393, 1040], "dia_b": 4310.41204874496}, "hole": {"center": [667, 1030], "diameter_circle": 1496, "brightness_factor": -0.2769158940794513, "rad_w": 843, "rad_h": 1003, "sigma": 802.4}}, "blur": {"sigma": 12.876195489046374, "rad_w": 7, "rad_h": 5}}}