{"name": "0064.png", "type": "001", "params": {"illumination": {"color": {"brightness_factor": 0.8546941156069887, "contrast_factor": 1.3184510512526562, "saturation_factor": 0.8173597363816527}, "halo": {"num": 2, "center_a": [1501, 1295], "dia_a": 2251.878114161242, "center_b": [1501, 1295], "dia_b": 4128.767922029083}, "hole": {"center": [742, 1227], "diameter_circle": 1336, "brightness_factor": -0.28305173925135785, "rad_w": 747, "rad_h": 735, "sigma": 596.8}}}}