{"name": "0064.png", "type": "101", "params": {"illumination": {"color": {"brightness_factor": 1.1202420320786912, "contrast_factor": 1.009491673232084, "saturation_factor": 1.2853444358302795}, "halo": {"num": 2, "center_a": [1076, 1001], "dia_a": 2055.0289962171187, "center_b": [1076, 1001], "dia_b": 4759.597422039493}, "hole": {"center": [761, 1165], "diameter_circle": 1615, "brightness_factor": -0.2895424340291783, "rad_w": 1119, "rad_h": 1153, "sigma": 921.5999999999999}}, "blur": {"sigma": 6.689555904033079, "rad_w": 3, "rad_h": 3}}}