{"name": "0066.png", "type": "001", "params": {"illumination": {"color": {"brightness_factor": 0.8386111437517685, "contrast_factor": 0.8817853521931729, "saturation_factor": 1.0996271643812365}, "halo": {"num": 2, "center_a": [1215, 1222], "dia_a": 2018.1462165972148, "center_b": [1215, 1222], "dia_b": 4662.9798132945525}, "hole": {"center": [1825, 1479], "diameter_circle": 1114, "brightness_factor": -0.2836648636141233, "rad_w": 687, "rad_h": 673, "sigma": 549.6}}}}