{"name": "0066.png", "type": "101", "params": {"illumination": {"color": {"brightness_factor": 1.1586275043287841, "contrast_factor": 0.8052881255499321, "saturation_factor": 1.3755502016715617}, "halo": {"num": 2, "center_a": [1170, 1477], "dia_a": 1974.3529911126548, "center_b": [1170, 1477], "dia_b": 4402.531119022742}, "hole": {"center": [1842, 1460], "diameter_circle": 1356, "brightness_factor": -0.2913076778086874, "rad_w": 877, "rad_h": 883, "sigma": 705.6}}, "blur": {"sigma": 11.639986848355175, "rad_w": 5, "rad_h": 5}}}