{"name": "0071.png", "type": "101", "params": {"illumination": {"color": {"brightness_factor": 1.0832878150946685, "contrast_factor": 0.6881791555966266, "saturation_factor": 0.8156823393489088}, "halo": {"num": 1, "center_a": [1657, 1734], "dia_a": 2401.5210041674463, "center_b": [1657, 1734], "dia_b": 5117.395332296814}, "hole": {"center": [1081, 1853], "diameter_circle": 1630, "brightness_factor": -0.31086923338238526, "rad_w": 1035, "rad_h": 1149, "sigma": 919.1999999999999}}, "blur": {"sigma": 8.353105667116147, "rad_w": 3, "rad_h": 3}}}