{"name": "0071.png", "type": "001", "params": {"illumination": {"color": {"brightness_factor": 0.8529814045538564, "contrast_factor": 0.7216559125743721, "saturation_factor": 0.648821573144387}, "halo": {"num": 2, "center_a": [1438, 1514], "dia_a": 2960.0714908951763, "center_b": [1438, 1514], "dia_b": 5651.489727375218}, "hole": {"center": [1539, 1327], "diameter_circle": 1790, "brightness_factor": -0.2926362598123261, "rad_w": 1157, "rad_h": 1143, "sigma": 925.5999999999999}}}}