{"name": "0081.png", "type": "001", "params": {"illumination": {"color": {"brightness_factor": 0.7121564432572223, "contrast_factor": 0.790960104830845, "saturation_factor": 0.7886384182361752}, "halo": {"num": 1, "center_a": [1659, 1283], "dia_a": 2713.3626734191203, "center_b": [1659, 1283], "dia_b": 6344.1601084302065}, "hole": {"center": [1006, 1375], "diameter_circle": 2082, "brightness_factor": -0.2836608085947277, "rad_w": 1493, "rad_h": 1545, "sigma": 1236.0}}}}