{"name": "0081.png", "type": "101", "params": {"illumination": {"color": {"brightness_factor": 0.8993357242215828, "contrast_factor": 0.9372541272500123, "saturation_factor": 0.9670885024802454}, "halo": {"num": 1, "center_a": [1320, 1805], "dia_a": 2700.225961640829, "center_b": [1320, 1805], "dia_b": 6610.652221355087}, "hole": {"center": [1774, 1397], "diameter_circle": 1536, "brightness_factor": -0.2901775501227698, "rad_w": 1047, "rad_h": 1063, "sigma": 849.6}}, "blur": {"sigma": 11.358197688125058, "rad_w": 5, "rad_h": 5}}}