{"name": "0082.png", "type": "001", "params": {"illumination": {"color": {"brightness_factor": 0.7042178443468488, "contrast_factor": 1.3691694910494756, "saturation_factor": 0.6196190102641942}, "halo": {"num": 1, "center_a": [1429, 1129], "dia_a": 1966.6612564192947, "center_b": [1429, 1129], "dia_b": 4429.077473985675}, "hole": {"center": [1605, 1451], "diameter_circle": 1071, "brightness_factor": -0.27776685534292855, "rad_w": 795, "rad_h": 619, "sigma": 635.1999999999999}}}}