{"name": "0082.png", "type": "101", "params": {"illumination": {"color": {"brightness_factor": 1.190212377120905, "contrast_factor": 0.9366962613026264, "saturation_factor": 1.2306326944511676}, "halo": {"num": 1, "center_a": [1118, 1377], "dia_a": 2279.2963095061036, "center_b": [1118, 1377], "dia_b": 4556.625636349774}, "hole": {"center": [749, 1413], "diameter_circle": 1001, "brightness_factor": -0.28123687394636043, "rad_w": 729, "rad_h": 611, "sigma": 583.1999999999999}}, "blur": {"sigma": 9.009149523604435, "rad_w": 5, "rad_h": 5}}}