{"name": "0090.png", "type": "101", "params": {"illumination": {"color": {"brightness_factor": 0.9797394316425467, "contrast_factor": 0.8457373972337715, "saturation_factor": 1.1921772988020494}, "halo": {"num": 1, "center_a": [1260, 1275], "dia_a": 1809.5544801602246, "center_b": [1260, 1275], "dia_b": 4161.718746771065}, "hole": {"center": [1006, 1136], "diameter_circle": 1186, "brightness_factor": -0.2981580966020784, "rad_w": 717, "rad_h": 783, "sigma": 626.4}}, "blur": {"sigma": 10.068617361303827, "rad_w": 5, "rad_h": 5}}}