{"name": "0090.png", "type": "001", "params": {"illumination": {"color": {"brightness_factor": 0.7369162616001155, "contrast_factor": 0.6880731945297514, "saturation_factor": 1.3341147813124838}, "halo": {"num": 1, "center_a": [970, 1026], "dia_a": 2066.3460954251586, "center_b": [970, 1026], "dia_b": 3480.554693802123}, "hole": {"center": [1060, 960], "diameter_circle": 942, "brightness_factor": -0.28906573080039055, "rad_w": 649, "rad_h": 525, "sigma": 518.4}}}}