{"name": "0094.png", "type": "101", "params": {"illumination": {"color": {"brightness_factor": 1.1011962757235105, "contrast_factor": 1.002005018608755, "saturation_factor": 1.1960206951079257}, "halo": {"num": 1, "center_a": [1985, 1336], "dia_a": 2983.580696564088, "center_b": [1985, 1336], "dia_b": 6617.32366737306}, "hole": {"center": [1690, 2021], "diameter_circle": 1675, "brightness_factor": -0.30650334805093427, "rad_w": 955, "rad_h": 1023, "sigma": 817.5999999999999}}, "blur": {"sigma": 9.162945615128132, "rad_w": 5, "rad_h": 3}}}