{"name": "0094.png", "type": "001", "params": {"illumination": {"color": {"brightness_factor": 1.1205434908567526, "contrast_factor": 1.2593275019583525, "saturation_factor": 0.9917935150907113}, "halo": {"num": 2, "center_a": [1433, 1541], "dia_a": 2802.0936910180435, "center_b": [1433, 1541], "dia_b": 6280.431388492464}, "hole": {"center": [2002, 1983], "diameter_circle": 2168, "brightness_factor": -0.3087657189599977, "rad_w": 1499, "rad_h": 1201, "sigma": 1198.3999999999999}}}}