{"name": "0097.png", "type": "101", "params": {"illumination": {"color": {"brightness_factor": 1.0550364353979977, "contrast_factor": 1.349765911960879, "saturation_factor": 0.9391962804735123}, "halo": {"num": 2, "center_a": [1467, 1226], "dia_a": 2060.01479534003, "center_b": [1467, 1226], "dia_b": 5184.828385133128}, "hole": {"center": [981, 1405], "diameter_circle": 1022, "brightness_factor": -0.2995218840374043, "rad_w": 579, "rad_h": 763, "sigma": 610.4}}, "blur": {"sigma": 14.902737538318199, "rad_w": 7, "rad_h": 5}}}