{"name": "0097.png", "type": "001", "params": {"illumination": {"color": {"brightness_factor": 1.097604502940024, "contrast_factor": 1.3475558320904502, "saturation_factor": 0.8761295935941643}, "halo": {"num": 2, "center_a": [1446, 1389], "dia_a": 1945.5374416089542, "center_b": [1446, 1389], "dia_b": 5152.203232098246}, "hole": {"center": [1063, 1126], "diameter_circle": 1234, "brightness_factor": -0.3057861524149091, "rad_w": 773, "rad_h": 769, "sigma": 617.5999999999999}}}}