{"name": "0098.png", "type": "001", "params": {"illumination": {"color": {"brightness_factor": 0.9456820191658643, "contrast_factor": 0.6961428734066247, "saturation_factor": 0.8955779352666843}, "halo": {"num": 2, "center_a": [1138, 1078], "dia_a": 2156.1144254437654, "center_b": [1138, 1078], "dia_b": 3972.6458354167758}, "hole": {"center": [574, 1388], "diameter_circle": 985, "brightness_factor": -0.2749498596009104, "rad_w": 679, "rad_h": 677, "sigma": 542.4}}}}