{"name": "0098.png", "type": "101", "params": {"illumination": {"color": {"brightness_factor": 0.951268324134318, "contrast_factor": 0.8021911910520135, "saturation_factor": 1.3804899471573364}, "halo": {"num": 1, "center_a": [1128, 1044], "dia_a": 1877.394118919211, "center_b": [1128, 1044], "dia_b": 4304.660437990961}, "hole": {"center": [1286, 1035], "diameter_circle": 937, "brightness_factor": -0.27592767683563046, "rad_w": 581, "rad_h": 551, "sigma": 463.99999999999994}}, "blur": {"sigma": 9.243030689475173, "rad_w": 3, "rad_h": 5}}}