{"name": "0099.png", "type": "101", "params": {"illumination": {"color": {"brightness_factor": 0.9120835018463782, "contrast_factor": 0.8303756515598423, "saturation_factor": 1.144454684055725}, "halo": {"num": 2, "center_a": [834, 971], "dia_a": 1581.3467965293955, "center_b": [834, 971], "dia_b": 4353.748002347201}, "hole": {"center": [1081, 977], "diameter_circle": 932, "brightness_factor": -0.28383824850347594, "rad_w": 591, "rad_h": 545, "sigma": 471.99999999999994}}, "blur": {"sigma": 11.582101434750435, "rad_w": 5, "rad_h": 3}}}