{"name": "0099.png", "type": "001", "params": {"illumination": {"color": {"brightness_factor": 1.1450999231800922, "contrast_factor": 0.6695604233454259, "saturation_factor": 0.6833391491902213}, "halo": {"num": 2, "center_a": [1146, 1090], "dia_a": 1902.4827428975, "center_b": [1146, 1090], "dia_b": 4084.8129596904664}, "hole": {"center": [966, 863], "diameter_circle": 1010, "brightness_factor": -0.28731824644514947, "rad_w": 717, "rad_h": 697, "sigma": 572.8}}}}