{"name": "0102.png", "type": "101", "params": {"illumination": {"color": {"brightness_factor": 0.9247423093513032, "contrast_factor": 0.9280448806588395, "saturation_factor": 1.0667782295109143}, "halo": {"num": 1, "center_a": [1846, 1232], "dia_a": 2713.7133663941404, "center_b": [1846, 1232], "dia_b": 5894.746168469492}, "hole": {"center": [2395, 1587], "diameter_circle": 2029, "brightness_factor": -0.29548878505023685, "rad_w": 1405, "rad_h": 1201, "sigma": 1123.2}}, "blur": {"sigma": 12.25590299709274, "rad_w": 7, "rad_h": 5}}}