{"name": "0102.png", "type": "001", "params": {"illumination": {"color": {"brightness_factor": 0.7666455617842118, "contrast_factor": 1.0281510580491038, "saturation_factor": 1.318731893072265}, "halo": {"num": 2, "center_a": [1670, 1254], "dia_a": 2673.1524497852306, "center_b": [1670, 1254], "dia_b": 5709.832120881108}, "hole": {"center": [2173, 1621], "diameter_circle": 2281, "brightness_factor": -0.2924923872650658, "rad_w": 1381, "rad_h": 1355, "sigma": 1104.0}}}}