{"name": "0103.png", "type": "001", "params": {"illumination": {"color": {"brightness_factor": 0.7339275337050984, "contrast_factor": 1.0646988119320158, "saturation_factor": 0.6688010453899345}, "halo": {"num": 2, "center_a": [1085, 1389], "dia_a": 2259.454877288291, "center_b": [1085, 1389], "dia_b": 4227.78456411293}, "hole": {"center": [1230, 1444], "diameter_circle": 1328, "brightness_factor": -0.2795330908759357, "rad_w": 739, "rad_h": 875, "sigma": 699.9999999999999}}}}