{"name": "0103.png", "type": "101", "params": {"illumination": {"color": {"brightness_factor": 0.8149755240667675, "contrast_factor": 0.6611058245918621, "saturation_factor": 0.7567252895665333}, "halo": {"num": 1, "center_a": [1263, 1297], "dia_a": 2430.103223203982, "center_b": [1263, 1297], "dia_b": 4676.813271331494}, "hole": {"center": [887, 1414], "diameter_circle": 1666, "brightness_factor": -0.2829338748878893, "rad_w": 1139, "rad_h": 951, "sigma": 911.1999999999999}}, "blur": {"sigma": 8.428573805796095, "rad_w": 5, "rad_h": 5}}}