{"name": "0106.png", "type": "101", "params": {"illumination": {"color": {"brightness_factor": 0.9378167410736072, "contrast_factor": 0.9880785233182632, "saturation_factor": 0.8169539574805826}, "halo": {"num": 1, "center_a": [1666, 1946], "dia_a": 2954.259863455079, "center_b": [1666, 1946], "dia_b": 6488.351829999482}, "hole": {"center": [1446, 1248], "diameter_circle": 1566, "brightness_factor": -0.29416447464302437, "rad_w": 1023, "rad_h": 1137, "sigma": 908.7999999999998}}, "blur": {"sigma": 9.148227782940396, "rad_w": 3, "rad_h": 3}}}