{"name": "0106.png", "type": "001", "params": {"illumination": {"color": {"brightness_factor": 1.1212521848826296, "contrast_factor": 1.324680216773484, "saturation_factor": 1.2714915198941688}, "halo": {"num": 2, "center_a": [1667, 1618], "dia_a": 3165.253267603367, "center_b": [1667, 1618], "dia_b": 6060.705466474541}, "hole": {"center": [2007, 1594], "diameter_circle": 1554, "brightness_factor": -0.2953665094285813, "rad_w": 1137, "rad_h": 1089, "sigma": 909.6}}}}