{"name": "0108.png", "type": "101", "params": {"illumination": {"color": {"brightness_factor": 1.1306257168163012, "contrast_factor": 0.8885941860040051, "saturation_factor": 1.3126324360952797}, "halo": {"num": 2, "center_a": [1066, 1398], "dia_a": 2292.5937330627576, "center_b": [1066, 1398], "dia_b": 5267.440136101093}, "hole": {"center": [923, 998], "diameter_circle": 1052, "brightness_factor": -0.29104989198432685, "rad_w": 761, "rad_h": 769, "sigma": 615.1999999999999}}, "blur": {"sigma": 11.550944541599108, "rad_w": 3, "rad_h": 5}}}