{"name": "0108.png", "type": "001", "params": {"illumination": {"color": {"brightness_factor": 0.9545767661023636, "contrast_factor": 0.8568345140848281, "saturation_factor": 0.7797945484327098}, "halo": {"num": 2, "center_a": [1536, 1123], "dia_a": 2319.6940838630894, "center_b": [1536, 1123], "dia_b": 4302.16563125442}, "hole": {"center": [987, 1320], "diameter_circle": 1567, "brightness_factor": -0.2890594736800639, "rad_w": 1097, "rad_h": 917, "sigma": 877.5999999999999}}}}