{"name": "0113.png", "type": "101", "params": {"illumination": {"color": {"brightness_factor": 1.1632831817261882, "contrast_factor": 1.0568507096920678, "saturation_factor": 0.7188857189077594}, "halo": {"num": 1, "center_a": [1402, 1123], "dia_a": 2151.2595757311196, "center_b": [1402, 1123], "dia_b": 5466.486038582954}, "hole": {"center": [2060, 1347], "diameter_circle": 1162, "brightness_factor": -0.30966155056981, "rad_w": 843, "rad_h": 693, "sigma": 673.5999999999999}}, "blur": {"sigma": 6.1646458055597755, "rad_w": 3, "rad_h": 3}}}