{"name": "0113.png", "type": "001", "params": {"illumination": {"color": {"brightness_factor": 1.0885664065141014, "contrast_factor": 0.9495183946460564, "saturation_factor": 1.309516767586864}, "halo": {"num": 1, "center_a": [1690, 1751], "dia_a": 2631.510801695929, "center_b": [1690, 1751], "dia_b": 5336.956716545306}, "hole": {"center": [1810, 1125], "diameter_circle": 1773, "brightness_factor": -0.3006806879570186, "rad_w": 1287, "rad_h": 1325, "sigma": 1059.1999999999998}}}}