{"name": "0118.png", "type": "001", "params": {"illumination": {"color": {"brightness_factor": 1.1469950029241645, "contrast_factor": 0.6389253576962297, "saturation_factor": 1.3515983985432818}, "halo": {"num": 1, "center_a": [1391, 1823], "dia_a": 3068.0381846245778, "center_b": [1391, 1823], "dia_b": 6699.518764170595}, "hole": {"center": [2335, 1231], "diameter_circle": 1572, "brightness_factor": -0.29660411254630903, "rad_w": 945, "rad_h": 1081, "sigma": 864.0}}}}