{"name": "0118.png", "type": "101", "params": {"illumination": {"color": {"brightness_factor": 0.8779262219880166, "contrast_factor": 0.9573176080764683, "saturation_factor": 1.0776058308506473}, "halo": {"num": 2, "center_a": [1899, 1710], "dia_a": 2406.02762931304, "center_b": [1899, 1710], "dia_b": 6087.129490905406}, "hole": {"center": [2331, 1502], "diameter_circle": 1801, "brightness_factor": -0.2913145859249299, "rad_w": 1131, "rad_h": 1163, "sigma": 929.5999999999999}}, "blur": {"sigma": 10.732282447622534, "rad_w": 5, "rad_h": 3}}}