{"name": "0121.png", "type": "001", "params": {"illumination": {"color": {"brightness_factor": 0.9393901593678382, "contrast_factor": 0.7823303241862458, "saturation_factor": 1.2290020749360693}, "halo": {"num": 2, "center_a": [1067, 799], "dia_a": 1615.3468350397386, "center_b": [1067, 799], "dia_b": 3649.30300816538}, "hole": {"center": [1128, 793], "diameter_circle": 1449, "brightness_factor": -0.29846802417002544, "rad_w": 837, "rad_h": 985, "sigma": 787.9999999999999}}}}