{"name": "0121.png", "type": "101", "params": {"illumination": {"color": {"brightness_factor": 0.9865850956899544, "contrast_factor": 1.3629740675721136, "saturation_factor": 0.6628883474760697}, "halo": {"num": 1, "center_a": [1041, 1147], "dia_a": 1654.2288923007704, "center_b": [1041, 1147], "dia_b": 4183.025620922142}, "hole": {"center": [909, 1261], "diameter_circle": 1073, "brightness_factor": -0.3090698469242887, "rad_w": 691, "rad_h": 707, "sigma": 565.5999999999999}}, "blur": {"sigma": 11.700159226682155, "rad_w": 3, "rad_h": 5}}}