{"name": "0124.png", "type": "001", "params": {"illumination": {"color": {"brightness_factor": 0.8791299422012104, "contrast_factor": 0.7624938227509014, "saturation_factor": 1.3197597858305052}, "halo": {"num": 2, "center_a": [1877, 1679], "dia_a": 2621.1623423017127, "center_b": [1877, 1679], "dia_b": 5352.406968698455}, "hole": {"center": [1999, 1596], "diameter_circle": 2218, "brightness_factor": -0.2870697732580406, "rad_w": 1403, "rad_h": 1379, "sigma": 1122.3999999999999}}}}