{"name": "0124.png", "type": "101", "params": {"illumination": {"color": {"brightness_factor": 0.9197740376698306, "contrast_factor": 1.3334389279989325, "saturation_factor": 1.1741882565561355}, "halo": {"num": 1, "center_a": [1725, 1920], "dia_a": 2738.075612832718, "center_b": [1725, 1920], "dia_b": 6510.42796486813}, "hole": {"center": [1792, 1525], "diameter_circle": 1594, "brightness_factor": -0.2879275859267847, "rad_w": 953, "rad_h": 1001, "sigma": 799.9999999999999}}, "blur": {"sigma": 14.463153441981857, "rad_w": 7, "rad_h": 5}}}