{"name": "0125.png", "type": "001", "params": {"illumination": {"color": {"brightness_factor": 0.8340634978625199, "contrast_factor": 1.2178939302475715, "saturation_factor": 0.6944990920208722}, "halo": {"num": 2, "center_a": [1848, 1355], "dia_a": 2551.2599520094163, "center_b": [1848, 1355], "dia_b": 7125.38346942778}, "hole": {"center": [932, 1536], "diameter_circle": 2110, "brightness_factor": -0.2876108469583056, "rad_w": 1375, "rad_h": 1339, "sigma": 1099.2}}}}