{"name": "0125.png", "type": "101", "params": {"illumination": {"color": {"brightness_factor": 0.9939552502097031, "contrast_factor": 1.0973276521268127, "saturation_factor": 1.161250218201925}, "halo": {"num": 1, "center_a": [1716, 1794], "dia_a": 2621.953272530252, "center_b": [1716, 1794], "dia_b": 6565.927244308225}, "hole": {"center": [2225, 1994], "diameter_circle": 1529, "brightness_factor": -0.2969525870563885, "rad_w": 883, "rad_h": 1105, "sigma": 883.9999999999999}}, "blur": {"sigma": 6.854487968556576, "rad_w": 3, "rad_h": 3}}}