{"name": "0127.png", "type": "101", "params": {"illumination": {"color": {"brightness_factor": 1.0107669717199623, "contrast_factor": 1.3200446824368366, "saturation_factor": 1.1087157551399294}, "halo": {"num": 1, "center_a": [1496, 1779], "dia_a": 2227.7005297852866, "center_b": [1496, 1779], "dia_b": 5225.642070149408}, "hole": {"center": [1724, 1349], "diameter_circle": 1853, "brightness_factor": -0.29168834470194127, "rad_w": 1311, "rad_h": 1223, "sigma": 1047.9999999999998}}, "blur": {"sigma": 8.562469965454707, "rad_w": 3, "rad_h": 3}}}