{"name": "0127.png", "type": "001", "params": {"illumination": {"color": {"brightness_factor": 0.8098506426657444, "contrast_factor": 1.392774030102743, "saturation_factor": 1.0339742588356537}, "halo": {"num": 1, "center_a": [1336, 1488], "dia_a": 2821.019680366259, "center_b": [1336, 1488], "dia_b": 4457.770060678997}, "hole": {"center": [1580, 1769], "diameter_circle": 1697, "brightness_factor": -0.28233255852358496, "rad_w": 1247, "rad_h": 1103, "sigma": 996.8}}}}