{"name": "0130.png", "type": "101", "params": {"illumination": {"color": {"brightness_factor": 0.9448873806644089, "contrast_factor": 1.0829175983963715, "saturation_factor": 0.9254445669084703}, "halo": {"num": 2, "center_a": [1284, 856], "dia_a": 2032.3200618194883, "center_b": [1284, 856], "dia_b": 4399.88639675677}, "hole": {"center": [655, 1178], "diameter_circle": 1402, "brightness_factor": -0.2759853156759936, "rad_w": 983, "rad_h": 881, "sigma": 786.3999999999999}}, "blur": {"sigma": 6.490546176284448, "rad_w": 3, "rad_h": 3}}}