{"name": "0130.png", "type": "001", "params": {"illumination": {"color": {"brightness_factor": 1.138320308886424, "contrast_factor": 0.723312688868945, "saturation_factor": 0.7136407378797975}, "halo": {"num": 2, "center_a": [1270, 791], "dia_a": 1579.7478973142854, "center_b": [1270, 791], "dia_b": 4256.436188046215}, "hole": {"center": [1526, 983], "diameter_circle": 1232, "brightness_factor": -0.2837782587765606, "rad_w": 895, "rad_h": 721, "sigma": 715.9999999999999}}}}