{"name": "0131.png", "type": "101", "params": {"illumination": {"color": {"brightness_factor": 1.1031520107912711, "contrast_factor": 1.34934198881673, "saturation_factor": 1.1270211693376337}, "halo": {"num": 1, "center_a": [1332, 1517], "dia_a": 2710.9245791679937, "center_b": [1332, 1517], "dia_b": 6028.785379541763}, "hole": {"center": [1430, 1765], "diameter_circle": 1401, "brightness_factor": -0.29778450064167816, "rad_w": 1035, "rad_h": 949, "sigma": 827.1999999999999}}, "blur": {"sigma": 14.984995380161177, "rad_w": 5, "rad_h": 7}}}