{"name": "0131.png", "type": "001", "params": {"illumination": {"color": {"brightness_factor": 0.7683475520977799, "contrast_factor": 1.3918277504119925, "saturation_factor": 1.3258527270211395}, "halo": {"num": 1, "center_a": [1762, 2016], "dia_a": 2924.909378686337, "center_b": [1762, 2016], "dia_b": 7365.585946610235}, "hole": {"center": [840, 1987], "diameter_circle": 2012, "brightness_factor": -0.2848669827284812, "rad_w": 1331, "rad_h": 1149, "sigma": 1064.8}}}}