{"name": "0132.png", "type": "001", "params": {"illumination": {"color": {"brightness_factor": 1.1705481558453141, "contrast_factor": 0.6745306839675146, "saturation_factor": 1.1383753130109984}, "halo": {"num": 1, "center_a": [1513, 1300], "dia_a": 2382.2552573498588, "center_b": [1513, 1300], "dia_b": 4774.463071155552}, "hole": {"center": [737, 1576], "diameter_circle": 1512, "brightness_factor": -0.2978694910622512, "rad_w": 875, "rad_h": 899, "sigma": 719.1999999999999}}}}