{"name": "0132.png", "type": "101", "params": {"illumination": {"color": {"brightness_factor": 0.912343042825125, "contrast_factor": 0.9199774669931895, "saturation_factor": 1.1170384278024783}, "halo": {"num": 2, "center_a": [1054, 1580], "dia_a": 2614.5025456453454, "center_b": [1054, 1580], "dia_b": 5740.010285238727}, "hole": {"center": [964, 1395], "diameter_circle": 1892, "brightness_factor": -0.2880955955621967, "rad_w": 1249, "rad_h": 1193, "sigma": 999.1999999999999}}, "blur": {"sigma": 9.66623057010143, "rad_w": 3, "rad_h": 3}}}