{"name": "0133.png", "type": "001", "params": {"illumination": {"color": {"brightness_factor": 1.196080817658438, "contrast_factor": 1.2665477988719338, "saturation_factor": 0.6891246234091385}, "halo": {"num": 1, "center_a": [1524, 1415], "dia_a": 2624.825884897704, "center_b": [1524, 1415], "dia_b": 5613.132032882976}, "hole": {"center": [1755, 1365], "diameter_circle": 1280, "brightness_factor": -0.2977226256893465, "rad_w": 835, "rad_h": 843, "sigma": 674.4}}}}