{"name": "0133.png", "type": "101", "params": {"illumination": {"color": {"brightness_factor": 0.7096340727309756, "contrast_factor": 1.3752441114300435, "saturation_factor": 0.7040725877871064}, "halo": {"num": 1, "center_a": [1605, 1466], "dia_a": 2451.5935226778056, "center_b": [1605, 1466], "dia_b": 5480.5734419720575}, "hole": {"center": [1021, 1214], "diameter_circle": 1658, "brightness_factor": -0.2837241727401045, "rad_w": 1151, "rad_h": 1165, "sigma": 931.1999999999999}}, "blur": {"sigma": 10.928389570012051, "rad_w": 5, "rad_h": 3}}}