{"name": "0134.png", "type": "101", "params": {"illumination": {"color": {"brightness_factor": 1.1168271233433034, "contrast_factor": 1.1368287208001662, "saturation_factor": 1.1547216070005755}, "halo": {"num": 1, "center_a": [1995, 1290], "dia_a": 3001.1331695641134, "center_b": [1995, 1290], "dia_b": 6451.6963202330235}, "hole": {"center": [1427, 1395], "diameter_circle": 2099, "brightness_factor": -0.29777625303814687, "rad_w": 1395, "rad_h": 1427, "sigma": 1141.6}}, "blur": {"sigma": 7.656389556990844, "rad_w": 3, "rad_h": 3}}}