{"name": "0134.png", "type": "001", "params": {"illumination": {"color": {"brightness_factor": 0.9838249403809776, "contrast_factor": 1.2759859733309211, "saturation_factor": 0.7542265003014581}, "halo": {"num": 2, "center_a": [1395, 1697], "dia_a": 3032.704830472611, "center_b": [1395, 1697], "dia_b": 5723.86216465521}, "hole": {"center": [836, 1407], "diameter_circle": 2048, "brightness_factor": -0.2943787713552901, "rad_w": 1271, "rad_h": 1521, "sigma": 1215.9999999999998}}}}