{"name": "0135.png", "type": "101", "params": {"illumination": {"color": {"brightness_factor": 0.7955290002637643, "contrast_factor": 0.6032149416915749, "saturation_factor": 0.8326666389357328}, "halo": {"num": 1, "center_a": [1429, 1224], "dia_a": 2283.3011068659885, "center_b": [1429, 1224], "dia_b": 5026.290282036343}, "hole": {"center": [1483, 1095], "diameter_circle": 1765, "brightness_factor": -0.28926497091032155, "rad_w": 1293, "rad_h": 1229, "sigma": 1033.6}}, "blur": {"sigma": 7.648933869257409, "rad_w": 3, "rad_h": 3}}}