{"name": "0135.png", "type": "001", "params": {"illumination": {"color": {"brightness_factor": 1.189826319874655, "contrast_factor": 0.6992817900543048, "saturation_factor": 0.8597510491949102}, "halo": {"num": 2, "center_a": [1689, 1087], "dia_a": 2643.258055139897, "center_b": [1689, 1087], "dia_b": 5105.239263317764}, "hole": {"center": [1348, 1328], "diameter_circle": 1808, "brightness_factor": -0.299592464834499, "rad_w": 1173, "rad_h": 1117, "sigma": 938.4}}}}