{"name": "0136.png", "type": "101", "params": {"illumination": {"color": {"brightness_factor": 1.144185365195614, "contrast_factor": 1.1412587228325535, "saturation_factor": 0.9889123328495636}, "halo": {"num": 2, "center_a": [1127, 1036], "dia_a": 1779.5240822252704, "center_b": [1127, 1036], "dia_b": 3383.160569092733}, "hole": {"center": [1249, 819], "diameter_circle": 1201, "brightness_factor": -0.28229955594705675, "rad_w": 779, "rad_h": 851, "sigma": 680.7999999999998}}, "blur": {"sigma": 10.054580661014107, "rad_w": 5, "rad_h": 5}}}