{"name": "0136.png", "type": "001", "params": {"illumination": {"color": {"brightness_factor": 0.8789006621174504, "contrast_factor": 0.8302910614659998, "saturation_factor": 0.941936343776877}, "halo": {"num": 1, "center_a": [1231, 1029], "dia_a": 1869.0835499150276, "center_b": [1231, 1029], "dia_b": 4269.604698485031}, "hole": {"center": [1486, 1117], "diameter_circle": 1176, "brightness_factor": -0.2774023846082412, "rad_w": 795, "rad_h": 757, "sigma": 636.0}}}}