{"name": "0137.png", "type": "001", "params": {"illumination": {"color": {"brightness_factor": 0.9881972495850966, "contrast_factor": 1.2821355224409847, "saturation_factor": 1.1459753201922185}, "halo": {"num": 2, "center_a": [1150, 1098], "dia_a": 1791.7699657639134, "center_b": [1150, 1098], "dia_b": 3488.6486908106713}, "hole": {"center": [1310, 1034], "diameter_circle": 1359, "brightness_factor": -0.2850939031310267, "rad_w": 815, "rad_h": 909, "sigma": 726.3999999999999}}}}