{"name": "0137.png", "type": "101", "params": {"illumination": {"color": {"brightness_factor": 1.0876396190009998, "contrast_factor": 0.9151489351294261, "saturation_factor": 0.7236978664122564}, "halo": {"num": 2, "center_a": [1170, 1008], "dia_a": 2035.3276676605844, "center_b": [1170, 1008], "dia_b": 3656.7668456351175}, "hole": {"center": [1023, 1080], "diameter_circle": 868, "brightness_factor": -0.28237013776556247, "rad_w": 565, "rad_h": 587, "sigma": 468.79999999999995}}, "blur": {"sigma": 13.05920751698254, "rad_w": 7, "rad_h": 5}}}