{"name": "0139.png", "type": "001", "params": {"illumination": {"color": {"brightness_factor": 0.7543422104422608, "contrast_factor": 1.1819106607760619, "saturation_factor": 0.6506912297744308}, "halo": {"num": 1, "center_a": [1147, 1827], "dia_a": 2480.961224970376, "center_b": [1147, 1827], "dia_b": 6861.25893263284}, "hole": {"center": [1152, 1740], "diameter_circle": 1870, "brightness_factor": -0.2847055760490671, "rad_w": 1231, "rad_h": 1099, "sigma": 984.8}}}}