{"name": "0139.png", "type": "101", "params": {"illumination": {"color": {"brightness_factor": 0.7514743459378146, "contrast_factor": 1.1545662814483073, "saturation_factor": 1.308076226241602}, "halo": {"num": 2, "center_a": [1132, 1181], "dia_a": 2821.0810805762203, "center_b": [1132, 1181], "dia_b": 5084.3013248723455}, "hole": {"center": [827, 1116], "diameter_circle": 1669, "brightness_factor": -0.28138688195675304, "rad_w": 1107, "rad_h": 1215, "sigma": 971.1999999999998}}, "blur": {"sigma": 9.001621781534908, "rad_w": 3, "rad_h": 3}}}