{"name": "0140.png", "type": "001", "params": {"illumination": {"color": {"brightness_factor": 1.1323516924738757, "contrast_factor": 0.6124020859030109, "saturation_factor": 1.2652724870571992}, "halo": {"num": 2, "center_a": [1997, 1451], "dia_a": 2439.186021230577, "center_b": [1997, 1451], "dia_b": 7209.720021859755}, "hole": {"center": [1921, 1459], "diameter_circle": 2218, "brightness_factor": -0.3093538652822746, "rad_w": 1251, "rad_h": 1295, "sigma": 1035.9999999999998}}}}