{"name": "0140.png", "type": "101", "params": {"illumination": {"color": {"brightness_factor": 0.8574146051497782, "contrast_factor": 0.6675695371462855, "saturation_factor": 0.9555079027868871}, "halo": {"num": 1, "center_a": [1929, 1370], "dia_a": 2927.400099704072, "center_b": [1929, 1370], "dia_b": 5724.590682532255}, "hole": {"center": [1517, 1989], "diameter_circle": 1439, "brightness_factor": -0.29407373114068786, "rad_w": 885, "rad_h": 889, "sigma": 711.1999999999999}}, "blur": {"sigma": 7.332294347627383, "rad_w": 3, "rad_h": 3}}}