{"name": "0141.png", "type": "101", "params": {"illumination": {"color": {"brightness_factor": 1.0723355940546948, "contrast_factor": 0.630106644478067, "saturation_factor": 0.7480319884493243}, "halo": {"num": 2, "center_a": [1474, 1179], "dia_a": 2260.778855410068, "center_b": [1474, 1179], "dia_b": 5315.68803973652}, "hole": {"center": [1216, 1181], "diameter_circle": 1267, "brightness_factor": -0.2855467861709359, "rad_w": 945, "rad_h": 911, "sigma": 756.0}}, "blur": {"sigma": 13.270795611892348, "rad_w": 5, "rad_h": 5}}}