{"name": "0141.png", "type": "001", "params": {"illumination": {"color": {"brightness_factor": 0.9079252334827306, "contrast_factor": 1.0268898121000614, "saturation_factor": 1.360165192135875}, "halo": {"num": 1, "center_a": [1083, 1515], "dia_a": 2163.984440832367, "center_b": [1083, 1515], "dia_b": 4028.395159162201}, "hole": {"center": [1035, 1129], "diameter_circle": 1534, "brightness_factor": -0.2848608749658985, "rad_w": 1053, "rad_h": 1141, "sigma": 912.0}}}}