{"name": "0143.png", "type": "001", "params": {"illumination": {"color": {"brightness_factor": 1.0954862889332013, "contrast_factor": 0.7452214890927784, "saturation_factor": 1.2514040329635416}, "halo": {"num": 1, "center_a": [1506, 1557], "dia_a": 2762.1948448898556, "center_b": [1506, 1557], "dia_b": 5956.557181337715}, "hole": {"center": [1404, 1710], "diameter_circle": 1594, "brightness_factor": -0.28489629437574093, "rad_w": 895, "rad_h": 1085, "sigma": 867.9999999999999}}}}