{"name": "0143.png", "type": "101", "params": {"illumination": {"color": {"brightness_factor": 0.8921396288191616, "contrast_factor": 0.638626433804928, "saturation_factor": 1.3119211597517633}, "halo": {"num": 2, "center_a": [1864, 1490], "dia_a": 2536.570884382649, "center_b": [1864, 1490], "dia_b": 5753.9362142522}, "hole": {"center": [1627, 1491], "diameter_circle": 1285, "brightness_factor": -0.2814105263943732, "rad_w": 877, "rad_h": 767, "sigma": 701.5999999999999}}, "blur": {"sigma": 5.2630170051048095, "rad_w": 1, "rad_h": 1}}}