{"name": "0145.png", "type": "101", "params": {"illumination": {"color": {"brightness_factor": 0.868128185870024, "contrast_factor": 1.2554116555777393, "saturation_factor": 1.219283126563503}, "halo": {"num": 1, "center_a": [899, 935], "dia_a": 1754.5158537332838, "center_b": [899, 935], "dia_b": 4630.614506366652}, "hole": {"center": [931, 1345], "diameter_circle": 1243, "brightness_factor": -0.28497123445705774, "rad_w": 861, "rad_h": 707, "sigma": 687.9999999999999}}, "blur": {"sigma": 7.609558120966944, "rad_w": 3, "rad_h": 3}}}