{"name": "0145.png", "type": "001", "params": {"illumination": {"color": {"brightness_factor": 0.8762908487230374, "contrast_factor": 0.8820147396787861, "saturation_factor": 1.142299367208947}, "halo": {"num": 2, "center_a": [1004, 1327], "dia_a": 2174.8113070711734, "center_b": [1004, 1327], "dia_b": 4099.1556481697935}, "hole": {"center": [1610, 905], "diameter_circle": 1004, "brightness_factor": -0.28235945267252155, "rad_w": 739, "rad_h": 565, "sigma": 590.4}}}}