{"name": "0146.png", "type": "001", "params": {"illumination": {"color": {"brightness_factor": 1.1554047243974859, "contrast_factor": 0.7444087664701691, "saturation_factor": 1.019631469623035}, "halo": {"num": 1, "center_a": [1227, 1686], "dia_a": 2902.1409169612743, "center_b": [1227, 1686], "dia_b": 5563.638940911834}, "hole": {"center": [1993, 1649], "diameter_circle": 1397, "brightness_factor": -0.28915394200574335, "rad_w": 849, "rad_h": 807, "sigma": 679.1999999999999}}}}