{"name": "0148.png", "type": "101", "params": {"illumination": {"color": {"brightness_factor": 0.8195924418663558, "contrast_factor": 1.3342133289943738, "saturation_factor": 0.7705270462917142}, "halo": {"num": 2, "center_a": [1135, 1779], "dia_a": 2878.3873312398673, "center_b": [1135, 1779], "dia_b": 6352.760363690873}, "hole": {"center": [1756, 1359], "diameter_circle": 1251, "brightness_factor": -0.28464356044913863, "rad_w": 917, "rad_h": 839, "sigma": 733.5999999999999}}, "blur": {"sigma": 11.440895431568908, "rad_w": 5, "rad_h": 3}}}