{"name": "0148.png", "type": "001", "params": {"illumination": {"color": {"brightness_factor": 0.722499343684504, "contrast_factor": 1.1083523885928126, "saturation_factor": 1.1670087543754861}, "halo": {"num": 2, "center_a": [1685, 1572], "dia_a": 2926.669603407793, "center_b": [1685, 1572], "dia_b": 5370.246451267979}, "hole": {"center": [921, 1240], "diameter_circle": 1692, "brightness_factor": -0.2816033894180594, "rad_w": 1013, "rad_h": 1187, "sigma": 948.8}}}}