{"name": "0150.png", "type": "101", "params": {"illumination": {"color": {"brightness_factor": 0.7008383359867116, "contrast_factor": 1.2214573687934842, "saturation_factor": 1.195943436158675}, "halo": {"num": 1, "center_a": [2003, 1678], "dia_a": 3259.7247736808567, "center_b": [2003, 1678], "dia_b": 5943.897567861706}, "hole": {"center": [2372, 1563], "diameter_circle": 2258, "brightness_factor": -0.2836813007133137, "rad_w": 1319, "rad_h": 1363, "sigma": 1089.6}}, "blur": {"sigma": 11.805224264919667, "rad_w": 3, "rad_h": 3}}}