{"name": "0150.png", "type": "001", "params": {"illumination": {"color": {"brightness_factor": 1.0875797882961442, "contrast_factor": 0.9312817626569053, "saturation_factor": 1.2701408708440498}, "halo": {"num": 2, "center_a": [1383, 1388], "dia_a": 3122.5521001516304, "center_b": [1383, 1388], "dia_b": 6341.565910504033}, "hole": {"center": [2059, 1772], "diameter_circle": 1353, "brightness_factor": -0.29072604495885573, "rad_w": 965, "rad_h": 823, "sigma": 771.9999999999999}}}}