{"name": "0152.png", "type": "101", "params": {"illumination": {"color": {"brightness_factor": 0.7680052334928535, "contrast_factor": 0.9881066590916543, "saturation_factor": 0.6977447666111102}, "halo": {"num": 1, "center_a": [1686, 1939], "dia_a": 3062.5014347167803, "center_b": [1686, 1939], "dia_b": 5857.113255621982}, "hole": {"center": [1389, 1404], "diameter_circle": 2052, "brightness_factor": -0.27876567146128334, "rad_w": 1415, "rad_h": 1419, "sigma": 1134.3999999999999}}, "blur": {"sigma": 6.825700946317637, "rad_w": 3, "rad_h": 3}}}