{"name": "0152.png", "type": "001", "params": {"illumination": {"color": {"brightness_factor": 0.9672409997955698, "contrast_factor": 1.075703626951997, "saturation_factor": 0.6540722992748821}, "halo": {"num": 2, "center_a": [1897, 1368], "dia_a": 2423.1318359767047, "center_b": [1897, 1368], "dia_b": 6640.136783409014}, "hole": {"center": [827, 1310], "diameter_circle": 1984, "brightness_factor": -0.28863751932472836, "rad_w": 1153, "rad_h": 1335, "sigma": 1068.0}}}}