{"name": "0153.png", "type": "101", "params": {"illumination": {"color": {"brightness_factor": 0.8535743878585789, "contrast_factor": 1.209360952517439, "saturation_factor": 0.8270620845786456}, "halo": {"num": 1, "center_a": [1147, 930], "dia_a": 2358.614170307423, "center_b": [1147, 930], "dia_b": 4034.8224410054877}, "hole": {"center": [1790, 1303], "diameter_circle": 1236, "brightness_factor": -0.2794022847463657, "rad_w": 823, "rad_h": 885, "sigma": 708.0}}, "blur": {"sigma": 8.892904800357684, "rad_w": 3, "rad_h": 3}}}