{"name": "0153.png", "type": "001", "params": {"illumination": {"color": {"brightness_factor": 0.8548085907740919, "contrast_factor": 0.7796759352546804, "saturation_factor": 1.22214946780245}, "halo": {"num": 1, "center_a": [1145, 1410], "dia_a": 2376.688611646825, "center_b": [1145, 1410], "dia_b": 4939.874161291995}, "hole": {"center": [731, 1293], "diameter_circle": 1670, "brightness_factor": -0.27832568571275007, "rad_w": 1233, "rad_h": 1123, "sigma": 986.4}}}}