{"name": "0154.png", "type": "001", "params": {"illumination": {"color": {"brightness_factor": 0.7740414698877816, "contrast_factor": 0.7939981367420236, "saturation_factor": 1.2190465634938326}, "halo": {"num": 2, "center_a": [953, 1039], "dia_a": 1755.0695602628343, "center_b": [953, 1039], "dia_b": 3860.906885798237}, "hole": {"center": [704, 982], "diameter_circle": 1261, "brightness_factor": -0.28977439938150246, "rad_w": 943, "rad_h": 843, "sigma": 754.4}}}}