{"name": "0154.png", "type": "101", "params": {"illumination": {"color": {"brightness_factor": 0.8214804035512779, "contrast_factor": 1.0225157777482923, "saturation_factor": 1.100041685349479}, "halo": {"num": 1, "center_a": [865, 1067], "dia_a": 2112.816687576837, "center_b": [865, 1067], "dia_b": 3918.3678706136357}, "hole": {"center": [851, 1111], "diameter_circle": 954, "brightness_factor": -0.2861034554370249, "rad_w": 649, "rad_h": 689, "sigma": 551.1999999999999}}, "blur": {"sigma": 7.973907262445352, "rad_w": 3, "rad_h": 3}}}