{"name": "0155.png", "type": "001", "params": {"illumination": {"color": {"brightness_factor": 0.7781163980038421, "contrast_factor": 0.7611894124633303, "saturation_factor": 1.3673082351683707}, "halo": {"num": 1, "center_a": [1400, 1721], "dia_a": 2573.48755973977, "center_b": [1400, 1721], "dia_b": 6163.6488373826405}, "hole": {"center": [903, 1365], "diameter_circle": 1562, "brightness_factor": -0.28694670130074473, "rad_w": 1109, "rad_h": 1159, "sigma": 926.4}}}}