{"name": "0155.png", "type": "101", "params": {"illumination": {"color": {"brightness_factor": 0.9353100326850674, "contrast_factor": 1.1458560682995764, "saturation_factor": 1.3825951874472329}, "halo": {"num": 1, "center_a": [1293, 1619], "dia_a": 2917.043848676657, "center_b": [1293, 1619], "dia_b": 5220.623653868684}, "hole": {"center": [1039, 1400], "diameter_circle": 1708, "brightness_factor": -0.2924985070464497, "rad_w": 955, "rad_h": 1241, "sigma": 992.7999999999998}}, "blur": {"sigma": 14.854650249010838, "rad_w": 7, "rad_h": 7}}}