{"name": "0159.png", "type": "001", "params": {"illumination": {"color": {"brightness_factor": 0.7398492471674204, "contrast_factor": 1.2127786203617847, "saturation_factor": 0.7158028829277285}, "halo": {"num": 2, "center_a": [1144, 1447], "dia_a": 2214.208828125341, "center_b": [1144, 1447], "dia_b": 5004.114325807034}, "hole": {"center": [1566, 1247], "diameter_circle": 1250, "brightness_factor": -0.2794065594809805, "rad_w": 823, "rad_h": 691, "sigma": 657.6}}}}