{"name": "0159.png", "type": "101", "params": {"illumination": {"color": {"brightness_factor": 1.0260166572793121, "contrast_factor": 1.1472454497942581, "saturation_factor": 0.9532036594450972}, "halo": {"num": 2, "center_a": [993, 1423], "dia_a": 2444.9236937889823, "center_b": [993, 1423], "dia_b": 4680.573861427445}, "hole": {"center": [1329, 1467], "diameter_circle": 1230, "brightness_factor": -0.28555847970206655, "rad_w": 881, "rad_h": 895, "sigma": 715.9999999999999}}, "blur": {"sigma": 7.330641559179158, "rad_w": 3, "rad_h": 3}}}