{"name": "0161.png", "type": "101", "params": {"illumination": {"color": {"brightness_factor": 0.8936116953095126, "contrast_factor": 0.7739083239089567, "saturation_factor": 1.0280175187674188}, "halo": {"num": 1, "center_a": [1424, 1593], "dia_a": 2433.5711023526223, "center_b": [1424, 1593], "dia_b": 4803.629594095057}, "hole": {"center": [2002, 1850], "diameter_circle": 1670, "brightness_factor": -0.29555451824686285, "rad_w": 1221, "rad_h": 989, "sigma": 975.9999999999999}}, "blur": {"sigma": 5.134536031915303, "rad_w": 1, "rad_h": 1}}}