{"name": "0161.png", "type": "001", "params": {"illumination": {"color": {"brightness_factor": 0.8959287585466369, "contrast_factor": 1.3305932237868032, "saturation_factor": 1.1456290243045135}, "halo": {"num": 1, "center_a": [1715, 1281], "dia_a": 2473.7055525876603, "center_b": [1715, 1281], "dia_b": 6265.260365312546}, "hole": {"center": [1005, 1365], "diameter_circle": 1412, "brightness_factor": -0.2965101266252799, "rad_w": 893, "rad_h": 899, "sigma": 718.4}}}}