{"name": "0162.png", "type": "101", "params": {"illumination": {"color": {"brightness_factor": 0.8316236181688488, "contrast_factor": 0.999361772780631, "saturation_factor": 0.8036707382533612}, "halo": {"num": 2, "center_a": [1869, 1909], "dia_a": 2596.2223155475085, "center_b": [1869, 1909], "dia_b": 5541.141060818505}, "hole": {"center": [1290, 1496], "diameter_circle": 1432, "brightness_factor": -0.2893591012885921, "rad_w": 819, "rad_h": 811, "sigma": 654.3999999999999}}, "blur": {"sigma": 9.430437341461019, "rad_w": 5, "rad_h": 5}}}