{"name": "0162.png", "type": "001", "params": {"illumination": {"color": {"brightness_factor": 0.7799159394456723, "contrast_factor": 0.855522164625133, "saturation_factor": 0.9665499321373863}, "halo": {"num": 2, "center_a": [1355, 1498], "dia_a": 3046.1058258280264, "center_b": [1355, 1498], "dia_b": 5927.935760083704}, "hole": {"center": [1761, 1216], "diameter_circle": 1607, "brightness_factor": -0.28499124863228203, "rad_w": 1087, "rad_h": 1121, "sigma": 895.9999999999999}}}}