{"name": "0163.png", "type": "001", "params": {"illumination": {"color": {"brightness_factor": 0.7694474842427823, "contrast_factor": 0.697286174849797, "saturation_factor": 0.9961594137872702}, "halo": {"num": 1, "center_a": [1902, 1952], "dia_a": 2557.0381492700135, "center_b": [1902, 1952], "dia_b": 6275.6044089806655}, "hole": {"center": [1304, 1914], "diameter_circle": 1660, "brightness_factor": -0.28581232703384074, "rad_w": 917, "rad_h": 985, "sigma": 787.1999999999999}}}}