{"name": "0163.png", "type": "101", "params": {"illumination": {"color": {"brightness_factor": 1.1165755840692595, "contrast_factor": 0.7067921147343061, "saturation_factor": 1.1518252379127174}, "halo": {"num": 1, "center_a": [1288, 1687], "dia_a": 2504.600782289233, "center_b": [1288, 1687], "dia_b": 5232.467891702147}, "hole": {"center": [1286, 1311], "diameter_circle": 1905, "brightness_factor": -0.2972869758968689, "rad_w": 1077, "rad_h": 1401, "sigma": 1119.9999999999998}}, "blur": {"sigma": 10.363714914997294, "rad_w": 3, "rad_h": 5}}}