{"name": "0165.png", "type": "001", "params": {"illumination": {"color": {"brightness_factor": 0.8440036586372723, "contrast_factor": 1.3593060701505693, "saturation_factor": 0.8329328589422782}, "halo": {"num": 2, "center_a": [1010, 1236], "dia_a": 1859.242780031016, "center_b": [1010, 1236], "dia_b": 3441.467828225906}, "hole": {"center": [1276, 1176], "diameter_circle": 875, "brightness_factor": -0.29001458308553335, "rad_w": 595, "rad_h": 555, "sigma": 475.99999999999994}}}}