{"name": "0165.png", "type": "101", "params": {"illumination": {"color": {"brightness_factor": 0.7901737257744623, "contrast_factor": 0.9719182141932221, "saturation_factor": 0.9103957950657544}, "halo": {"num": 2, "center_a": [1164, 887], "dia_a": 1854.0631476934827, "center_b": [1164, 887], "dia_b": 4326.741992706024}, "hole": {"center": [856, 872], "diameter_circle": 1228, "brightness_factor": -0.28528110676415647, "rad_w": 679, "rad_h": 877, "sigma": 701.5999999999999}}, "blur": {"sigma": 8.553263746030943, "rad_w": 3, "rad_h": 3}}}