{"name": "0173.png", "type": "001", "params": {"illumination": {"color": {"brightness_factor": 0.7391609081624007, "contrast_factor": 0.7224906136790316, "saturation_factor": 0.710164131769815}, "halo": {"num": 2, "center_a": [1476, 1883], "dia_a": 3124.074721878184, "center_b": [1476, 1883], "dia_b": 5883.197218308061}, "hole": {"center": [891, 1773], "diameter_circle": 2024, "brightness_factor": -0.2824062557006321, "rad_w": 1473, "rad_h": 1355, "sigma": 1177.6}}}}