{"name": "0173.png", "type": "101", "params": {"illumination": {"color": {"brightness_factor": 0.8795540897905401, "contrast_factor": 0.7105209500005256, "saturation_factor": 1.168865611227355}, "halo": {"num": 1, "center_a": [1200, 1418], "dia_a": 2572.72712711495, "center_b": [1200, 1418], "dia_b": 5423.983316408454}, "hole": {"center": [1555, 1617], "diameter_circle": 1676, "brightness_factor": -0.28937655468692614, "rad_w": 955, "rad_h": 993, "sigma": 793.5999999999999}}, "blur": {"sigma": 6.6190551989214175, "rad_w": 3, "rad_h": 3}}}