{"name": "0174.png", "type": "101", "params": {"illumination": {"color": {"brightness_factor": 1.160206347105044, "contrast_factor": 0.6752098045701773, "saturation_factor": 1.0382773718215619}, "halo": {"num": 2, "center_a": [1109, 1047], "dia_a": 1661.191763025635, "center_b": [1109, 1047], "dia_b": 3387.5553267444084}, "hole": {"center": [1219, 955], "diameter_circle": 1414, "brightness_factor": -0.2843795024434273, "rad_w": 931, "rad_h": 961, "sigma": 768.8}}, "blur": {"sigma": 12.039700281814056, "rad_w": 7, "rad_h": 5}}}