{"name": "0174.png", "type": "001", "params": {"illumination": {"color": {"brightness_factor": 1.094171175023954, "contrast_factor": 0.7636871457150476, "saturation_factor": 0.760797910543354}, "halo": {"num": 2, "center_a": [1051, 1251], "dia_a": 1679.2422821916655, "center_b": [1051, 1251], "dia_b": 4367.7411200926}, "hole": {"center": [1030, 819], "diameter_circle": 1126, "brightness_factor": -0.283407851599028, "rad_w": 787, "rad_h": 763, "sigma": 629.5999999999999}}}}