{"name": "0175.png", "type": "101", "params": {"illumination": {"color": {"brightness_factor": 1.1810743613810184, "contrast_factor": 0.7169709878380658, "saturation_factor": 1.043435951701591}, "halo": {"num": 1, "center_a": [1622, 1877], "dia_a": 2935.432564509788, "center_b": [1622, 1877], "dia_b": 6345.694012332479}, "hole": {"center": [1021, 1447], "diameter_circle": 1416, "brightness_factor": -0.29373308518900376, "rad_w": 1053, "rad_h": 833, "sigma": 842.4}}, "blur": {"sigma": 12.186250836112233, "rad_w": 7, "rad_h": 5}}}