{"name": "0175.png", "type": "001", "params": {"illumination": {"color": {"brightness_factor": 1.0120772793848705, "contrast_factor": 1.2480812918349202, "saturation_factor": 1.3821707716707474}, "halo": {"num": 1, "center_a": [1693, 1547], "dia_a": 2932.4513143166423, "center_b": [1693, 1547], "dia_b": 6268.2079723115385}, "hole": {"center": [1477, 1317], "diameter_circle": 1941, "brightness_factor": -0.2922951228393949, "rad_w": 1163, "rad_h": 1415, "sigma": 1131.1999999999998}}}}