{"name": "0177.png", "type": "101", "params": {"illumination": {"color": {"brightness_factor": 0.7813843195146573, "contrast_factor": 0.926368570047091, "saturation_factor": 0.8906930782214588}, "halo": {"num": 1, "center_a": [1969, 1765], "dia_a": 2618.2006424089354, "center_b": [1969, 1765], "dia_b": 7171.450791839897}, "hole": {"center": [968, 1456], "diameter_circle": 1585, "brightness_factor": -0.28698864977611804, "rad_w": 1153, "rad_h": 1137, "sigma": 921.5999999999999}}, "blur": {"sigma": 14.203524606529887, "rad_w": 7, "rad_h": 5}}}