{"name": "0177.png", "type": "001", "params": {"illumination": {"color": {"brightness_factor": 1.1398267972921319, "contrast_factor": 1.3212109070966591, "saturation_factor": 1.3471875059285567}, "halo": {"num": 2, "center_a": [1538, 1887], "dia_a": 2394.5243843267967, "center_b": [1538, 1887], "dia_b": 6871.102107200761}, "hole": {"center": [881, 1805], "diameter_circle": 1494, "brightness_factor": -0.2937339327273675, "rad_w": 1001, "rad_h": 827, "sigma": 799.9999999999999}}}}