{"name": "0182.png", "type": "101", "params": {"illumination": {"color": {"brightness_factor": 0.7112789446627166, "contrast_factor": 0.9946143314190234, "saturation_factor": 1.3663490360951571}, "halo": {"num": 2, "center_a": [1363, 1155], "dia_a": 2355.3349383300733, "center_b": [1363, 1155], "dia_b": 6197.1919031997995}, "hole": {"center": [1395, 1636], "diameter_circle": 1929, "brightness_factor": -0.2821132523954671, "rad_w": 1241, "rad_h": 1173, "sigma": 992.7999999999998}}, "blur": {"sigma": 13.48465361403836, "rad_w": 5, "rad_h": 7}}}