{"name": "0182.png", "type": "001", "params": {"illumination": {"color": {"brightness_factor": 1.1932810414500237, "contrast_factor": 0.7610649939781656, "saturation_factor": 0.8220719774927945}, "halo": {"num": 2, "center_a": [1708, 1243], "dia_a": 2782.2014173759053, "center_b": [1708, 1243], "dia_b": 6338.792135639175}, "hole": {"center": [848, 1738], "diameter_circle": 1806, "brightness_factor": -0.2908481300887194, "rad_w": 1013, "rad_h": 1195, "sigma": 955.9999999999999}}}}