{"name": "0183.png", "type": "001", "params": {"illumination": {"color": {"brightness_factor": 0.9604669060092869, "contrast_factor": 1.2338179012237789, "saturation_factor": 0.6399350054095491}, "halo": {"num": 1, "center_a": [1930, 1627], "dia_a": 2624.208841950462, "center_b": [1930, 1627], "dia_b": 6673.301227962519}, "hole": {"center": [1933, 1604], "diameter_circle": 2017, "brightness_factor": -0.30174231623528003, "rad_w": 1181, "rad_h": 1409, "sigma": 1127.1999999999998}}}}