{"name": "0183.png", "type": "101", "params": {"illumination": {"color": {"brightness_factor": 1.0838189915111658, "contrast_factor": 0.9032383461927601, "saturation_factor": 1.197475592175567}, "halo": {"num": 2, "center_a": [1854, 1936], "dia_a": 2577.058984885014, "center_b": [1854, 1936], "dia_b": 7219.398367986434}, "hole": {"center": [927, 1688], "diameter_circle": 1625, "brightness_factor": -0.30065913731768795, "rad_w": 1171, "rad_h": 1141, "sigma": 936.0}}, "blur": {"sigma": 6.647511677744379, "rad_w": 3, "rad_h": 3}}}