{"name": "0184.png", "type": "101", "params": {"illumination": {"color": {"brightness_factor": 0.9432412739982072, "contrast_factor": 0.9315772665934023, "saturation_factor": 0.8492887765460306}, "halo": {"num": 2, "center_a": [1500, 1227], "dia_a": 2710.614752470604, "center_b": [1500, 1227], "dia_b": 4840.822676320518}, "hole": {"center": [1702, 1724], "diameter_circle": 1838, "brightness_factor": -0.29257600030073705, "rad_w": 1011, "rad_h": 1293, "sigma": 1033.6}}, "blur": {"sigma": 12.718745825610307, "rad_w": 5, "rad_h": 5}}}