{"name": "0184.png", "type": "001", "params": {"illumination": {"color": {"brightness_factor": 0.9518288443436582, "contrast_factor": 1.3986956920643105, "saturation_factor": 0.909440065673893}, "halo": {"num": 1, "center_a": [1299, 1592], "dia_a": 2979.370530844633, "center_b": [1299, 1592], "dia_b": 5228.07419040715}, "hole": {"center": [1584, 1911], "diameter_circle": 1583, "brightness_factor": -0.2925421996446396, "rad_w": 1069, "rad_h": 943, "sigma": 855.1999999999999}}}}