{"name": "0185.png", "type": "101", "params": {"illumination": {"color": {"brightness_factor": 0.8014412135220863, "contrast_factor": 0.8508602322200193, "saturation_factor": 1.0380593796769433}, "halo": {"num": 2, "center_a": [1370, 1964], "dia_a": 2666.288882526807, "center_b": [1370, 1964], "dia_b": 6514.209647859812}, "hole": {"center": [1472, 1472], "diameter_circle": 1849, "brightness_factor": -0.2859586338514568, "rad_w": 1179, "rad_h": 1343, "sigma": 1074.3999999999999}}, "blur": {"sigma": 9.061938472114193, "rad_w": 3, "rad_h": 3}}}