{"name": "0185.png", "type": "001", "params": {"illumination": {"color": {"brightness_factor": 0.7318660681644065, "contrast_factor": 1.330316856318452, "saturation_factor": 1.2138718605483834}, "halo": {"num": 2, "center_a": [1728, 1637], "dia_a": 2957.6819684559296, "center_b": [1728, 1637], "dia_b": 5008.896524300069}, "hole": {"center": [916, 1465], "diameter_circle": 1314, "brightness_factor": -0.2835127853293861, "rad_w": 961, "rad_h": 853, "sigma": 768.0}}}}