{"name": "0186.png", "type": "001", "params": {"illumination": {"color": {"brightness_factor": 0.8005724996830115, "contrast_factor": 1.194344521921074, "saturation_factor": 1.32778260094949}, "halo": {"num": 1, "center_a": [1264, 1176], "dia_a": 1858.6475115060084, "center_b": [1264, 1176], "dia_b": 4715.494053261824}, "hole": {"center": [1451, 1089], "diameter_circle": 986, "brightness_factor": -0.28479615075769504, "rad_w": 639, "rad_h": 725, "sigma": 579.1999999999999}}}}