{"name": "0186.png", "type": "101", "params": {"illumination": {"color": {"brightness_factor": 0.7094367441592226, "contrast_factor": 0.8868073698330305, "saturation_factor": 1.2686640018222108}, "halo": {"num": 1, "center_a": [818, 872], "dia_a": 1825.7651643752417, "center_b": [818, 872], "dia_b": 3110.071692191861}, "hole": {"center": [1441, 898], "diameter_circle": 1284, "brightness_factor": -0.28386309672441057, "rad_w": 763, "rad_h": 803, "sigma": 641.5999999999999}}, "blur": {"sigma": 6.9012563034844865, "rad_w": 3, "rad_h": 3}}}