{"name": "0189.png", "type": "001", "params": {"illumination": {"color": {"brightness_factor": 0.7328202323543044, "contrast_factor": 0.7771220411028681, "saturation_factor": 1.2500670809280274}, "halo": {"num": 2, "center_a": [1504, 1418], "dia_a": 2853.2037460187726, "center_b": [1504, 1418], "dia_b": 6356.747780575947}, "hole": {"center": [1652, 1723], "diameter_circle": 1518, "brightness_factor": -0.2846527203900354, "rad_w": 927, "rad_h": 1103, "sigma": 882.3999999999999}}}}