{"name": "0189.png", "type": "101", "params": {"illumination": {"color": {"brightness_factor": 0.7426953767008413, "contrast_factor": 1.2658518989333816, "saturation_factor": 1.1034628812084197}, "halo": {"num": 1, "center_a": [1882, 1472], "dia_a": 2946.8882920144365, "center_b": [1882, 1472], "dia_b": 6010.186567848432}, "hole": {"center": [2239, 1364], "diameter_circle": 1699, "brightness_factor": -0.2837539804371918, "rad_w": 1121, "rad_h": 1263, "sigma": 1009.5999999999999}}, "blur": {"sigma": 9.273454994193886, "rad_w": 3, "rad_h": 5}}}