{"name": "0191.png", "type": "101", "params": {"illumination": {"color": {"brightness_factor": 1.1837307170744766, "contrast_factor": 0.6744287354410952, "saturation_factor": 0.794594461114844}, "halo": {"num": 1, "center_a": [453, 614], "dia_a": 926.6233789308806, "center_b": [453, 614], "dia_b": 2233.0617504412608}, "hole": {"center": [312, 590], "diameter_circle": 548, "brightness_factor": -0.30121587710076697, "rad_w": 327, "rad_h": 365, "sigma": 291.2}}, "blur": {"sigma": 7.736470644985451, "rad_w": 3, "rad_h": 3}}}