{"name": "0191.png", "type": "001", "params": {"illumination": {"color": {"brightness_factor": 0.9226593165309736, "contrast_factor": 0.8193253450680309, "saturation_factor": 0.760595498627628}, "halo": {"num": 2, "center_a": [432, 550], "dia_a": 860.4354723937686, "center_b": [432, 550], "dia_b": 1947.0384836555995}, "hole": {"center": [620, 435], "diameter_circle": 677, "brightness_factor": -0.2911666706741176, "rad_w": 417, "rad_h": 497, "sigma": 396.79999999999995}}}}