{"name": "0192.png", "type": "001", "params": {"illumination": {"color": {"brightness_factor": 0.7046163120772666, "contrast_factor": 1.1233836432897406, "saturation_factor": 0.6542388314065455}, "halo": {"num": 2, "center_a": [1167, 1074], "dia_a": 2006.911124299165, "center_b": [1167, 1074], "dia_b": 3660.5721836832263}, "hole": {"center": [586, 1285], "diameter_circle": 1039, "brightness_factor": -0.27775286992127124, "rad_w": 589, "rad_h": 693, "sigma": 553.5999999999999}}}}