{"name": "0192.png", "type": "101", "params": {"illumination": {"color": {"brightness_factor": 0.9495359018096436, "contrast_factor": 0.9527412575207286, "saturation_factor": 0.8391746544693945}, "halo": {"num": 1, "center_a": [905, 795], "dia_a": 1808.288425195616, "center_b": [905, 795], "dia_b": 3283.577917476371}, "hole": {"center": [722, 1296], "diameter_circle": 1073, "brightness_factor": -0.2822087388353105, "rad_w": 797, "rad_h": 637, "sigma": 637.5999999999999}}, "blur": {"sigma": 10.86166548123946, "rad_w": 3, "rad_h": 5}}}