{"name": "0195.png", "type": "101", "params": {"illumination": {"color": {"brightness_factor": 1.014933159575312, "contrast_factor": 0.9562750708292331, "saturation_factor": 1.3415338534808936}, "halo": {"num": 2, "center_a": [1587, 1754], "dia_a": 2566.958703911225, "center_b": [1587, 1754], "dia_b": 5705.311252472916}, "hole": {"center": [896, 1477], "diameter_circle": 1716, "brightness_factor": -0.2897798318202513, "rad_w": 1119, "rad_h": 1267, "sigma": 1013.5999999999999}}, "blur": {"sigma": 9.498268043112454, "rad_w": 3, "rad_h": 5}}}