{"name": "0195.png", "type": "001", "params": {"illumination": {"color": {"brightness_factor": 0.8047083525990193, "contrast_factor": 0.6435400385299422, "saturation_factor": 0.7653622324190703}, "halo": {"num": 1, "center_a": [1379, 1613], "dia_a": 2636.8377995780857, "center_b": [1379, 1613], "dia_b": 6064.926314869727}, "hole": {"center": [2007, 1534], "diameter_circle": 1460, "brightness_factor": -0.28277664125748764, "rad_w": 901, "rad_h": 973, "sigma": 777.6}}}}