{"name": "0196.png", "type": "001", "params": {"illumination": {"color": {"brightness_factor": 0.9800336224084949, "contrast_factor": 0.9012405202824701, "saturation_factor": 1.2111266005882562}, "halo": {"num": 2, "center_a": [1708, 1778], "dia_a": 3025.792444111734, "center_b": [1708, 1778], "dia_b": 5314.815583373505}, "hole": {"center": [2383, 1776], "diameter_circle": 1690, "brightness_factor": -0.2883766819741176, "rad_w": 1223, "rad_h": 1033, "sigma": 978.3999999999999}}}}