{"name": "0196.png", "type": "101", "params": {"illumination": {"color": {"brightness_factor": 0.7443560211288301, "contrast_factor": 1.2812312729498403, "saturation_factor": 1.2073954414225978}, "halo": {"num": 1, "center_a": [1871, 1877], "dia_a": 3046.0592028593996, "center_b": [1871, 1877], "dia_b": 5094.0785934975065}, "hole": {"center": [1116, 1749], "diameter_circle": 1592, "brightness_factor": -0.2857556117633485, "rad_w": 1149, "rad_h": 905, "sigma": 919.1999999999999}}, "blur": {"sigma": 10.67467173029345, "rad_w": 3, "rad_h": 3}}}