{"name": "0197.png", "type": "101", "params": {"illumination": {"color": {"brightness_factor": 1.1550943362898294, "contrast_factor": 1.2750312790513956, "saturation_factor": 1.120702681375802}, "halo": {"num": 1, "center_a": [944, 1329], "dia_a": 2022.8757284317992, "center_b": [944, 1329], "dia_b": 4918.500838460499}, "hole": {"center": [1686, 1509], "diameter_circle": 1429, "brightness_factor": -0.29169025323901054, "rad_w": 929, "rad_h": 813, "sigma": 742.4}}, "blur": {"sigma": 12.217329106035479, "rad_w": 5, "rad_h": 5}}}