{"name": "0197.png", "type": "001", "params": {"illumination": {"color": {"brightness_factor": 0.7124739366783288, "contrast_factor": 0.6279418143750962, "saturation_factor": 1.3120189064078576}, "halo": {"num": 1, "center_a": [987, 1492], "dia_a": 2352.2896168732186, "center_b": [987, 1492], "dia_b": 5405.7180584814105}, "hole": {"center": [1216, 943], "diameter_circle": 1320, "brightness_factor": -0.27656578567518925, "rad_w": 891, "rad_h": 789, "sigma": 712.8}}}}