{"name": "0202.png", "type": "001", "params": {"illumination": {"color": {"brightness_factor": 1.0101742315745215, "contrast_factor": 1.0338040948571465, "saturation_factor": 1.3690326330128804}, "halo": {"num": 1, "center_a": [1766, 1311], "dia_a": 2418.3502211719524, "center_b": [1766, 1311], "dia_b": 5954.639880730142}, "hole": {"center": [1591, 1331], "diameter_circle": 1249, "brightness_factor": -0.3009509413172527, "rad_w": 773, "rad_h": 863, "sigma": 690.3999999999999}}}}