{"name": "0202.png", "type": "101", "params": {"illumination": {"color": {"brightness_factor": 0.8284739001710655, "contrast_factor": 0.9495303580639725, "saturation_factor": 1.0748613460404872}, "halo": {"num": 1, "center_a": [1246, 1410], "dia_a": 2630.955616866692, "center_b": [1246, 1410], "dia_b": 5555.844240764686}, "hole": {"center": [994, 1128], "diameter_circle": 1599, "brightness_factor": -0.2918228771123351, "rad_w": 1027, "rad_h": 1199, "sigma": 958.3999999999999}}, "blur": {"sigma": 9.438553775151957, "rad_w": 3, "rad_h": 3}}}