{"name": "0203.png", "type": "001", "params": {"illumination": {"color": {"brightness_factor": 0.9291107362781396, "contrast_factor": 0.700772213797213, "saturation_factor": 0.97421808088903}, "halo": {"num": 2, "center_a": [982, 1112], "dia_a": 1672.1946912409803, "center_b": [982, 1112], "dia_b": 4009.9940643731347}, "hole": {"center": [546, 970], "diameter_circle": 1252, "brightness_factor": -0.2903032033948422, "rad_w": 901, "rad_h": 719, "sigma": 720.8}}}}