{"name": "0203.png", "type": "101", "params": {"illumination": {"color": {"brightness_factor": 0.8841713303907653, "contrast_factor": 1.187864668621208, "saturation_factor": 1.1667065946724149}, "halo": {"num": 2, "center_a": [819, 793], "dia_a": 2003.2145090518643, "center_b": [819, 793], "dia_b": 3779.60963142951}, "hole": {"center": [967, 1194], "diameter_circle": 1181, "brightness_factor": -0.2872614211135797, "rad_w": 667, "rad_h": 691, "sigma": 552.8}}, "blur": {"sigma": 8.328529187687174, "rad_w": 3, "rad_h": 3}}}