{"name": "0205.png", "type": "001", "params": {"illumination": {"color": {"brightness_factor": 0.7373010673917164, "contrast_factor": 1.2138726153628974, "saturation_factor": 0.707375854429467}, "halo": {"num": 1, "center_a": [1960, 1778], "dia_a": 2606.630437584748, "center_b": [1960, 1778], "dia_b": 7079.923445061109}, "hole": {"center": [1687, 1868], "diameter_circle": 1973, "brightness_factor": -0.2934357508937304, "rad_w": 1179, "rad_h": 1155, "sigma": 942.3999999999999}}}}