{"name": "0205.png", "type": "101", "params": {"illumination": {"color": {"brightness_factor": 0.76712268483589, "contrast_factor": 1.0057232682357475, "saturation_factor": 1.0685950824961465}, "halo": {"num": 2, "center_a": [1674, 1769], "dia_a": 2767.759929648947, "center_b": [1674, 1769], "dia_b": 5012.934717033926}, "hole": {"center": [1814, 1229], "diameter_circle": 2058, "brightness_factor": -0.28813641167313275, "rad_w": 1401, "rad_h": 1285, "sigma": 1120.8}}, "blur": {"sigma": 9.732626267696306, "rad_w": 5, "rad_h": 5}}}