{"name": "0206.png", "type": "001", "params": {"illumination": {"color": {"brightness_factor": 1.0625846034791429, "contrast_factor": 0.6583149742357036, "saturation_factor": 0.6687076451279536}, "halo": {"num": 2, "center_a": [1459, 1991], "dia_a": 3007.014907748461, "center_b": [1459, 1991], "dia_b": 6693.949168135625}, "hole": {"center": [2381, 1815], "diameter_circle": 1624, "brightness_factor": -0.3000949559337154, "rad_w": 1219, "rad_h": 1171, "sigma": 974.4}}}}