{"name": "0206.png", "type": "101", "params": {"illumination": {"color": {"brightness_factor": 0.7086055312123778, "contrast_factor": 1.0124602376620808, "saturation_factor": 1.1201115006752642}, "halo": {"num": 1, "center_a": [1243, 1332], "dia_a": 2610.459827368517, "center_b": [1243, 1332], "dia_b": 4637.994872840601}, "hole": {"center": [1968, 1277], "diameter_circle": 1745, "brightness_factor": -0.2893818311436892, "rad_w": 1067, "rad_h": 969, "sigma": 852.8}}, "blur": {"sigma": 12.701592350464212, "rad_w": 5, "rad_h": 5}}}