{"name": "0212.png", "type": "101", "params": {"illumination": {"color": {"brightness_factor": 0.7409682735395838, "contrast_factor": 0.8443260047495693, "saturation_factor": 1.1973878537580394}, "halo": {"num": 2, "center_a": [948, 941], "dia_a": 2037.8015545792066, "center_b": [948, 941], "dia_b": 4314.068707134379}, "hole": {"center": [1310, 1281], "diameter_circle": 1293, "brightness_factor": 0, "rad_w": 955, "rad_h": 789, "sigma": 763.9999999999999}}, "blur": {"sigma": 13.89495341343321, "rad_w": 5, "rad_h": 5}}}