{"name": "0212.png", "type": "001", "params": {"illumination": {"color": {"brightness_factor": 1.043943454236855, "contrast_factor": 0.8448997374366457, "saturation_factor": 0.6363355564738093}, "halo": {"num": 1, "center_a": [1166, 1191], "dia_a": 1839.9273387378182, "center_b": [1166, 1191], "dia_b": 3609.8830346518107}, "hole": {"center": [1443, 891], "diameter_circle": 1241, "brightness_factor": -0.27868438459458633, "rad_w": 869, "rad_h": 861, "sigma": 694.4}}}}