{"name": "0213.png", "type": "101", "params": {"illumination": {"color": {"brightness_factor": 1.0344280448554035, "contrast_factor": 0.61328008987164, "saturation_factor": 0.6543453268513714}, "halo": {"num": 2, "center_a": [1030, 1156], "dia_a": 2102.7707317046297, "center_b": [1030, 1156], "dia_b": 4299.434212035815}, "hole": {"center": [1614, 855], "diameter_circle": 1159, "brightness_factor": -0.2766121412378895, "rad_w": 865, "rad_h": 817, "sigma": 691.1999999999999}}, "blur": {"sigma": 5.181068023801191, "rad_w": 1, "rad_h": 3}}}