{"name": "0213.png", "type": "001", "params": {"illumination": {"color": {"brightness_factor": 0.9646483418754387, "contrast_factor": 0.8731784987899147, "saturation_factor": 0.6267232441147909}, "halo": {"num": 2, "center_a": [920, 909], "dia_a": 1885.5081477344029, "center_b": [920, 909], "dia_b": 3638.2353510503694}, "hole": {"center": [618, 998], "diameter_circle": 1454, "brightness_factor": -0.2769680544894634, "rad_w": 983, "rad_h": 1083, "sigma": 866.4}}}}