{"name": "0215.png", "type": "101", "params": {"illumination": {"color": {"brightness_factor": 0.9099382535865377, "contrast_factor": 0.9476679217073092, "saturation_factor": 0.7098825116253102}, "halo": {"num": 1, "center_a": [1808, 1851], "dia_a": 2524.601216158048, "center_b": [1808, 1851], "dia_b": 5580.41197996821}, "hole": {"center": [1023, 1454], "diameter_circle": 1799, "brightness_factor": -0.2879786595020578, "rad_w": 1337, "rad_h": 1069, "sigma": 1068.8}}, "blur": {"sigma": 5.4361780018617445, "rad_w": 1, "rad_h": 1}}}