{"name": "0215.png", "type": "001", "params": {"illumination": {"color": {"brightness_factor": 0.8128361644857702, "contrast_factor": 1.360893231155455, "saturation_factor": 0.8689546272838579}, "halo": {"num": 2, "center_a": [1749, 1261], "dia_a": 2776.487725979544, "center_b": [1749, 1261], "dia_b": 4958.977253999836}, "hole": {"center": [2261, 1558], "diameter_circle": 1923, "brightness_factor": -0.2861982725245977, "rad_w": 1161, "rad_h": 1307, "sigma": 1045.6}}}}