{"name": "0216.png", "type": "101", "params": {"illumination": {"color": {"brightness_factor": 1.107628699314601, "contrast_factor": 1.2691485987214883, "saturation_factor": 1.0645566507517057}, "halo": {"num": 2, "center_a": [1298, 1262], "dia_a": 2118.729954022699, "center_b": [1298, 1262], "dia_b": 4310.95226686}, "hole": {"center": [819, 1266], "diameter_circle": 1554, "brightness_factor": -0.28804972781916915, "rad_w": 1049, "rad_h": 1125, "sigma": 900.0}}, "blur": {"sigma": 14.159367336465904, "rad_w": 7, "rad_h": 5}}}