{"name": "0216.png", "type": "001", "params": {"illumination": {"color": {"brightness_factor": 0.8331896870260938, "contrast_factor": 0.9392144299212137, "saturation_factor": 0.9027271489615251}, "halo": {"num": 1, "center_a": [1346, 986], "dia_a": 1879.3397828651077, "center_b": [1346, 986], "dia_b": 4141.378841363169}, "hole": {"center": [1802, 1332], "diameter_circle": 1459, "brightness_factor": -0.2835263291830999, "rad_w": 905, "rad_h": 983, "sigma": 785.5999999999999}}}}