{"name": "0217.png", "type": "001", "params": {"illumination": {"color": {"brightness_factor": 0.9659336490602055, "contrast_factor": 1.0983844218967491, "saturation_factor": 0.7607727466290789}, "halo": {"num": 1, "center_a": [1180, 927], "dia_a": 1629.5471676720044, "center_b": [1180, 927], "dia_b": 3704.456685162703}, "hole": {"center": [820, 1140], "diameter_circle": 946, "brightness_factor": -0.28275774421287725, "rad_w": 689, "rad_h": 623, "sigma": 551.1999999999999}}}}