{"name": "0217.png", "type": "101", "params": {"illumination": {"color": {"brightness_factor": 0.8304206529768723, "contrast_factor": 0.6729848575355812, "saturation_factor": 1.1748159388491533}, "halo": {"num": 2, "center_a": [838, 1185], "dia_a": 1899.8777327441542, "center_b": [838, 1185], "dia_b": 3768.150742472952}, "hole": {"center": [1236, 1124], "diameter_circle": 1140, "brightness_factor": -0.2772716801822414, "rad_w": 771, "rad_h": 813, "sigma": 650.4}}, "blur": {"sigma": 12.874285653863344, "rad_w": 5, "rad_h": 5}}}