{"name": "0219.png", "type": "001", "params": {"illumination": {"color": {"brightness_factor": 0.8407973738649195, "contrast_factor": 0.617647609035106, "saturation_factor": 1.3424581291733078}, "halo": {"num": 1, "center_a": [1233, 1534], "dia_a": 2764.608490198788, "center_b": [1233, 1534], "dia_b": 4679.286756288895}, "hole": {"center": [1727, 1402], "diameter_circle": 1813, "brightness_factor": -0.2779091828167101, "rad_w": 1089, "rad_h": 1173, "sigma": 938.4}}}}