{"name": "0219.png", "type": "101", "params": {"illumination": {"color": {"brightness_factor": 0.7590341390676147, "contrast_factor": 1.0174927537563534, "saturation_factor": 0.8917343195685077}, "halo": {"num": 2, "center_a": [1775, 1263], "dia_a": 2496.744774601174, "center_b": [1775, 1263], "dia_b": 5260.853207128401}, "hole": {"center": [924, 1813], "diameter_circle": 2028, "brightness_factor": -0.27864223563301754, "rad_w": 1255, "rad_h": 1511, "sigma": 1208.8}}, "blur": {"sigma": 9.0764395197534, "rad_w": 5, "rad_h": 5}}}