{"name": "0220.png", "type": "101", "params": {"illumination": {"color": {"brightness_factor": 0.7211481791049208, "contrast_factor": 0.8714711508497182, "saturation_factor": 0.7884049520952788}, "halo": {"num": 1, "center_a": [1114, 1502], "dia_a": 2778.4887608732333, "center_b": [1114, 1502], "dia_b": 5515.6617272246185}, "hole": {"center": [1519, 1572], "diameter_circle": 1175, "brightness_factor": -0.2771086883803639, "rad_w": 695, "rad_h": 651, "sigma": 555.1999999999999}}, "blur": {"sigma": 8.827483945379068, "rad_w": 3, "rad_h": 5}}}