{"name": "0220.png", "type": "001", "params": {"illumination": {"color": {"brightness_factor": 0.9009623995364862, "contrast_factor": 1.0500318670990572, "saturation_factor": 1.1223540174093893}, "halo": {"num": 2, "center_a": [1161, 1347], "dia_a": 2308.2169860581225, "center_b": [1161, 1347], "dia_b": 4205.719553817296}, "hole": {"center": [772, 1518], "diameter_circle": 1743, "brightness_factor": -0.2845046133405854, "rad_w": 1305, "rad_h": 1019, "sigma": 1043.1999999999998}}}}