{"name": "0222.png", "type": "101", "params": {"illumination": {"color": {"brightness_factor": 0.7316535576544863, "contrast_factor": 0.9581682483048426, "saturation_factor": 0.6709401137601789}, "halo": {"num": 2, "center_a": [1454, 1341], "dia_a": 2679.088620890781, "center_b": [1454, 1341], "dia_b": 6793.684980214347}, "hole": {"center": [941, 1846], "diameter_circle": 1525, "brightness_factor": -0.28755749386917806, "rad_w": 877, "rad_h": 923, "sigma": 737.5999999999999}}, "blur": {"sigma": 10.007713750279699, "rad_w": 5, "rad_h": 5}}}