{"name": "0222.png", "type": "001", "params": {"illumination": {"color": {"brightness_factor": 0.8314931279578142, "contrast_factor": 0.6243145996680611, "saturation_factor": 1.0794731899989602}, "halo": {"num": 1, "center_a": [1939, 1375], "dia_a": 3112.012906730623, "center_b": [1939, 1375], "dia_b": 5553.309020474111}, "hole": {"center": [1466, 1389], "diameter_circle": 2009, "brightness_factor": -0.2892115655064715, "rad_w": 1361, "rad_h": 1323, "sigma": 1088.0}}}}