{"name": "0223.png", "type": "001", "params": {"illumination": {"color": {"brightness_factor": 1.1000547289099418, "contrast_factor": 1.3985885477774374, "saturation_factor": 0.9705216593696058}, "halo": {"num": 1, "center_a": [1136, 987], "dia_a": 1529.3727683325658, "center_b": [1136, 987], "dia_b": 4179.0730433925}, "hole": {"center": [927, 1054], "diameter_circle": 1360, "brightness_factor": -0.2901691115903668, "rad_w": 805, "rad_h": 949, "sigma": 759.1999999999999}}}}