{"name": "0223.png", "type": "101", "params": {"illumination": {"color": {"brightness_factor": 0.9136671228771069, "contrast_factor": 1.2341003595384832, "saturation_factor": 1.3163003663093975}, "halo": {"num": 2, "center_a": [1054, 1231], "dia_a": 1982.0740189756543, "center_b": [1054, 1231], "dia_b": 4005.93438424439}, "hole": {"center": [530, 890], "diameter_circle": 1224, "brightness_factor": -0.28129877147628846, "rad_w": 763, "rad_h": 821, "sigma": 655.9999999999999}}, "blur": {"sigma": 7.117529885083867, "rad_w": 3, "rad_h": 3}}}