{"name": "0224.png", "type": "101", "params": {"illumination": {"color": {"brightness_factor": 1.13789270279475, "contrast_factor": 0.9499990002334233, "saturation_factor": 1.1922220076967047}, "halo": {"num": 1, "center_a": [1671, 1627], "dia_a": 3002.539256489861, "center_b": [1671, 1627], "dia_b": 5565.248170823033}, "hole": {"center": [1024, 1671], "diameter_circle": 1913, "brightness_factor": -0.29215692902625356, "rad_w": 1379, "rad_h": 1131, "sigma": 1102.3999999999999}}, "blur": {"sigma": 9.371049551798219, "rad_w": 5, "rad_h": 5}}}