{"name": "0224.png", "type": "001", "params": {"illumination": {"color": {"brightness_factor": 1.0475872692284174, "contrast_factor": 0.7777461211416775, "saturation_factor": 1.3484283914073236}, "halo": {"num": 1, "center_a": [1559, 1987], "dia_a": 2587.132497072479, "center_b": [1559, 1987], "dia_b": 6777.55230323432}, "hole": {"center": [1952, 1379], "diameter_circle": 1707, "brightness_factor": -0.2960230571661911, "rad_w": 1163, "rad_h": 963, "sigma": 930.3999999999999}}}}