{"name": "0226.png", "type": "101", "params": {"illumination": {"color": {"brightness_factor": 0.9301644143973371, "contrast_factor": 0.752101693255887, "saturation_factor": 0.6131708808897439}, "halo": {"num": 1, "center_a": [1104, 836], "dia_a": 1503.5225723776173, "center_b": [1104, 836], "dia_b": 3454.162686982765}, "hole": {"center": [846, 969], "diameter_circle": 910, "brightness_factor": -0.27826573688284706, "rad_w": 549, "rad_h": 591, "sigma": 472.79999999999995}}, "blur": {"sigma": 12.356423883376609, "rad_w": 5, "rad_h": 5}}}