{"name": "0226.png", "type": "001", "params": {"illumination": {"color": {"brightness_factor": 1.16412665839688, "contrast_factor": 1.2590790988127063, "saturation_factor": 1.2541620402499682}, "halo": {"num": 1, "center_a": [869, 947], "dia_a": 1885.572774312272, "center_b": [869, 947], "dia_b": 3592.643202460588}, "hole": {"center": [1401, 1154], "diameter_circle": 1074, "brightness_factor": -0.28069501342772635, "rad_w": 603, "rad_h": 615, "sigma": 491.19999999999993}}}}