{"name": "0228.png", "type": "101", "params": {"illumination": {"color": {"brightness_factor": 1.1988217445426903, "contrast_factor": 0.8213828604255139, "saturation_factor": 0.9744480574716424}, "halo": {"num": 2, "center_a": [1959, 1322], "dia_a": 2872.0274348830153, "center_b": [1959, 1322], "dia_b": 5404.746345717246}, "hole": {"center": [2107, 1393], "diameter_circle": 1952, "brightness_factor": -0.31185506615713665, "rad_w": 1227, "rad_h": 1229, "sigma": 983.1999999999998}}, "blur": {"sigma": 14.908499764173218, "rad_w": 5, "rad_h": 7}}}