{"name": "0228.png", "type": "001", "params": {"illumination": {"color": {"brightness_factor": 1.0645314577891425, "contrast_factor": 1.3841647589837254, "saturation_factor": 0.6578406899352451}, "halo": {"num": 1, "center_a": [1806, 1708], "dia_a": 2824.1355690915466, "center_b": [1806, 1708], "dia_b": 5748.042416688088}, "hole": {"center": [1255, 1334], "diameter_circle": 1891, "brightness_factor": -0.31954835096737955, "rad_w": 1225, "rad_h": 1213, "sigma": 979.9999999999999}}}}