{"name": "0229.png", "type": "101", "params": {"illumination": {"color": {"brightness_factor": 0.945849819786043, "contrast_factor": 1.357482761190007, "saturation_factor": 1.3472987552600721}, "halo": {"num": 2, "center_a": [1479, 1185], "dia_a": 2531.2171202211202, "center_b": [1479, 1185], "dia_b": 4695.2970442817195}, "hole": {"center": [1570, 1615], "diameter_circle": 1323, "brightness_factor": -0.286610053337525, "rad_w": 831, "rad_h": 809, "sigma": 663.9999999999999}}, "blur": {"sigma": 7.424680216779965, "rad_w": 3, "rad_h": 3}}}