{"name": "0229.png", "type": "001", "params": {"illumination": {"color": {"brightness_factor": 1.0787865695697967, "contrast_factor": 0.7194127919879931, "saturation_factor": 0.9818134396751881}, "halo": {"num": 2, "center_a": [1209, 1313], "dia_a": 2302.331344332811, "center_b": [1209, 1313], "dia_b": 5681.704992979115}, "hole": {"center": [1904, 1781], "diameter_circle": 1511, "brightness_factor": -0.29121551657013045, "rad_w": 1109, "rad_h": 979, "sigma": 887.1999999999999}}}}