{"name": "0231.png", "type": "001", "params": {"illumination": {"color": {"brightness_factor": 1.0504561105444403, "contrast_factor": 0.7141718757801376, "saturation_factor": 0.6245190962686686}, "halo": {"num": 1, "center_a": [1581, 1572], "dia_a": 2881.1783462782773, "center_b": [1581, 1572], "dia_b": 5113.721728299999}, "hole": {"center": [1096, 1860], "diameter_circle": 1809, "brightness_factor": -0.2957018268916307, "rad_w": 1293, "rad_h": 1039, "sigma": 1033.6}}}}