{"name": "0231.png", "type": "101", "params": {"illumination": {"color": {"brightness_factor": 1.1807592802596636, "contrast_factor": 1.0153957785424428, "saturation_factor": 0.9746202657885814}, "halo": {"num": 2, "center_a": [1927, 1578], "dia_a": 3017.434654783461, "center_b": [1927, 1578], "dia_b": 5430.60901592685}, "hole": {"center": [1508, 1685], "diameter_circle": 1697, "brightness_factor": -0.2946657318400424, "rad_w": 1205, "rad_h": 991, "sigma": 963.1999999999999}}, "blur": {"sigma": 6.077962987322181, "rad_w": 3, "rad_h": 3}}}