{"name": "0234.png", "type": "001", "params": {"illumination": {"color": {"brightness_factor": 0.7219892564783097, "contrast_factor": 1.2823996046604487, "saturation_factor": 1.098686562440582}, "halo": {"num": 1, "center_a": [969, 1179], "dia_a": 1668.1226693487524, "center_b": [969, 1179], "dia_b": 4168.177284052261}, "hole": {"center": [703, 886], "diameter_circle": 1373, "brightness_factor": -0.2902033537191112, "rad_w": 797, "rad_h": 815, "sigma": 651.1999999999999}}}}