{"name": "0234.png", "type": "101", "params": {"illumination": {"color": {"brightness_factor": 0.7459858262428064, "contrast_factor": 0.8188265910080458, "saturation_factor": 1.3749453534355365}, "halo": {"num": 2, "center_a": [1055, 846], "dia_a": 1773.879040990332, "center_b": [1055, 846], "dia_b": 3917.5722661674085}, "hole": {"center": [1405, 1122], "diameter_circle": 1265, "brightness_factor": -0.2825686556513099, "rad_w": 701, "rad_h": 855, "sigma": 683.1999999999999}}, "blur": {"sigma": 6.664383106454775, "rad_w": 3, "rad_h": 3}}}