{"name": "0240.png", "type": "101", "params": {"illumination": {"color": {"brightness_factor": 0.8844896207643804, "contrast_factor": 0.6744169172204915, "saturation_factor": 1.3472127649935233}, "halo": {"num": 2, "center_a": [928, 1390], "dia_a": 2020.625911490698, "center_b": [928, 1390], "dia_b": 5086.177345736897}, "hole": {"center": [944, 1162], "diameter_circle": 1411, "brightness_factor": -0.2813823345062888, "rad_w": 941, "rad_h": 951, "sigma": 759.9999999999999}}, "blur": {"sigma": 8.267755211641195, "rad_w": 3, "rad_h": 3}}}