{"name": "0240.png", "type": "001", "params": {"illumination": {"color": {"brightness_factor": 0.959184292481862, "contrast_factor": 0.8191627446194484, "saturation_factor": 0.8859091929838426}, "halo": {"num": 2, "center_a": [1059, 1307], "dia_a": 1882.143072493808, "center_b": [1059, 1307], "dia_b": 4409.868147010648}, "hole": {"center": [1506, 1053], "diameter_circle": 1476, "brightness_factor": -0.28571651600516557, "rad_w": 831, "rad_h": 871, "sigma": 696.8}}}}