{"name": "0243.png", "type": "001", "params": {"illumination": {"color": {"brightness_factor": 1.0077997582884486, "contrast_factor": 1.2293226103863757, "saturation_factor": 1.2967873072351679}, "halo": {"num": 1, "center_a": [1270, 1082], "dia_a": 2189.115065810436, "center_b": [1270, 1082], "dia_b": 4976.394975169076}, "hole": {"center": [837, 1076], "diameter_circle": 1037, "brightness_factor": -0.28461206087899027, "rad_w": 717, "rad_h": 619, "sigma": 572.8}}}}