{"name": "0243.png", "type": "101", "params": {"illumination": {"color": {"brightness_factor": 0.7050795744426186, "contrast_factor": 1.3094317373305286, "saturation_factor": 0.9297001059345809}, "halo": {"num": 2, "center_a": [938, 1539], "dia_a": 2091.1773299506717, "center_b": [938, 1539], "dia_b": 5087.280229807849}, "hole": {"center": [1144, 1245], "diameter_circle": 1575, "brightness_factor": -0.27557432239432833, "rad_w": 1111, "rad_h": 937, "sigma": 888.0}}, "blur": {"sigma": 6.017862152644298, "rad_w": 3, "rad_h": 3}}}