{"name": "0244.png", "type": "101", "params": {"illumination": {"color": {"brightness_factor": 0.8603553751351134, "contrast_factor": 0.747161124942006, "saturation_factor": 1.388793733750788}, "halo": {"num": 2, "center_a": [1141, 948], "dia_a": 2458.9026413907645, "center_b": [1141, 948], "dia_b": 4902.30186260231}, "hole": {"center": [1576, 1084], "diameter_circle": 1335, "brightness_factor": -0.2801817463491688, "rad_w": 789, "rad_h": 917, "sigma": 732.8}}, "blur": {"sigma": 6.704850073546443, "rad_w": 3, "rad_h": 3}}}