{"name": "0244.png", "type": "001", "params": {"illumination": {"color": {"brightness_factor": 0.8521320542671631, "contrast_factor": 0.8129069451613994, "saturation_factor": 0.9730056993409324}, "halo": {"num": 1, "center_a": [1303, 1470], "dia_a": 2090.9329764896706, "center_b": [1303, 1470], "dia_b": 5126.9475199678855}, "hole": {"center": [686, 1295], "diameter_circle": 1667, "brightness_factor": -0.28661350032483585, "rad_w": 989, "rad_h": 1129, "sigma": 902.4}}}}