{"name": "0249.png", "type": "101", "params": {"illumination": {"color": {"brightness_factor": 1.052385900146739, "contrast_factor": 0.7704496038439799, "saturation_factor": 1.218028521948773}, "halo": {"num": 1, "center_a": [1098, 1058], "dia_a": 1858.784113609319, "center_b": [1098, 1058], "dia_b": 3561.9436719641767}, "hole": {"center": [1565, 951], "diameter_circle": 1153, "brightness_factor": -0.2961563136830576, "rad_w": 697, "rad_h": 767, "sigma": 612.8}}, "blur": {"sigma": 10.514998273803768, "rad_w": 5, "rad_h": 5}}}