{"name": "0249.png", "type": "001", "params": {"illumination": {"color": {"brightness_factor": 0.9676712500769722, "contrast_factor": 0.8775703498068467, "saturation_factor": 0.8765559233296675}, "halo": {"num": 1, "center_a": [1418, 992], "dia_a": 1906.1046926016895, "center_b": [1418, 992], "dia_b": 4814.853332141547}, "hole": {"center": [886, 1082], "diameter_circle": 1345, "brightness_factor": -0.29392717377526556, "rad_w": 889, "rad_h": 851, "sigma": 711.1999999999999}}}}