{"name": "0250.png", "type": "001", "params": {"illumination": {"color": {"brightness_factor": 1.0753653462913764, "contrast_factor": 1.0077283151689014, "saturation_factor": 1.349210760920671}, "halo": {"num": 2, "center_a": [1241, 896], "dia_a": 2031.244120881933, "center_b": [1241, 896], "dia_b": 3423.089290635855}, "hole": {"center": [577, 1205], "diameter_circle": 927, "brightness_factor": -0.3167591289508012, "rad_w": 539, "rad_h": 519, "sigma": 430.3999999999999}}}}