{"name": "0250.png", "type": "101", "params": {"illumination": {"color": {"brightness_factor": 0.7395060327247287, "contrast_factor": 0.6258994986229771, "saturation_factor": 1.1593078613014143}, "halo": {"num": 1, "center_a": [1186, 1026], "dia_a": 2084.59388346685, "center_b": [1186, 1026], "dia_b": 4043.1079916767526}, "hole": {"center": [732, 936], "diameter_circle": 892, "brightness_factor": -0.3016221349480762, "rad_w": 583, "rad_h": 503, "sigma": 466.3999999999999}}, "blur": {"sigma": 12.886722126397778, "rad_w": 5, "rad_h": 7}}}