{"name": "0251.png", "type": "001", "params": {"illumination": {"color": {"brightness_factor": 0.9652148352056863, "contrast_factor": 1.0860831676589962, "saturation_factor": 0.711583321521577}, "halo": {"num": 1, "center_a": [1384, 1788], "dia_a": 2970.1704390046248, "center_b": [1384, 1788], "dia_b": 5963.554559251622}, "hole": {"center": [2157, 1462], "diameter_circle": 1381, "brightness_factor": -0.30085592792390276, "rad_w": 957, "rad_h": 869, "sigma": 764.7999999999998}}}}