{"name": "0251.png", "type": "101", "params": {"illumination": {"color": {"brightness_factor": 0.8023076039587651, "contrast_factor": 1.3156772859761026, "saturation_factor": 1.0979441778537458}, "halo": {"num": 1, "center_a": [1727, 1529], "dia_a": 2533.6886304466043, "center_b": [1727, 1529], "dia_b": 5794.238556967339}, "hole": {"center": [1187, 1686], "diameter_circle": 1628, "brightness_factor": -0.29415504085963157, "rad_w": 1209, "rad_h": 1161, "sigma": 967.1999999999999}}, "blur": {"sigma": 13.397427315232108, "rad_w": 7, "rad_h": 7}}}