{"name": "0252.png", "type": "101", "params": {"illumination": {"color": {"brightness_factor": 0.8996121845689113, "contrast_factor": 0.7097790019146973, "saturation_factor": 1.233430367761974}, "halo": {"num": 1, "center_a": [1999, 1440], "dia_a": 2953.6997239946304, "center_b": [1999, 1440], "dia_b": 7062.108361152094}, "hole": {"center": [2220, 1970], "diameter_circle": 2147, "brightness_factor": -0.29697670269934096, "rad_w": 1609, "rad_h": 1473, "sigma": 1287.1999999999998}}, "blur": {"sigma": 5.186516432046081, "rad_w": 3, "rad_h": 3}}}