{"name": "0252.png", "type": "001", "params": {"illumination": {"color": {"brightness_factor": 1.1291489440076992, "contrast_factor": 1.1197703864617625, "saturation_factor": 0.7774482537441576}, "halo": {"num": 2, "center_a": [1953, 1542], "dia_a": 2976.2171003449903, "center_b": [1953, 1542], "dia_b": 6837.557712643399}, "hole": {"center": [984, 1404], "diameter_circle": 1577, "brightness_factor": -0.306109007131214, "rad_w": 971, "rad_h": 967, "sigma": 776.7999999999998}}}}