{"name": "0253.png", "type": "001", "params": {"illumination": {"color": {"brightness_factor": 1.012540706805199, "contrast_factor": 1.261310058061743, "saturation_factor": 1.3843797620569773}, "halo": {"num": 2, "center_a": [889, 1174], "dia_a": 1838.9068877777786, "center_b": [889, 1174], "dia_b": 4360.649931236148}, "hole": {"center": [1038, 1227], "diameter_circle": 915, "brightness_factor": -0.28481549453997623, "rad_w": 671, "rad_h": 553, "sigma": 535.9999999999999}}}}