{"name": "0253.png", "type": "101", "params": {"illumination": {"color": {"brightness_factor": 0.7327106859771759, "contrast_factor": 1.1497956413444907, "saturation_factor": 1.148360471742315}, "halo": {"num": 1, "center_a": [1257, 991], "dia_a": 1644.3598561944143, "center_b": [1257, 991], "dia_b": 4293.260052141961}, "hole": {"center": [673, 1175], "diameter_circle": 860, "brightness_factor": -0.27867859274537976, "rad_w": 587, "rad_h": 507, "sigma": 468.79999999999995}}, "blur": {"sigma": 7.816452887569593, "rad_w": 3, "rad_h": 3}}}