{"name": "0258.png", "type": "001", "params": {"illumination": {"color": {"brightness_factor": 0.8596662265050798, "contrast_factor": 1.397487920874637, "saturation_factor": 0.8207184544503867}, "halo": {"num": 2, "center_a": [1244, 1177], "dia_a": 2456.528012099855, "center_b": [1244, 1177], "dia_b": 3778.729142548653}, "hole": {"center": [1721, 990], "diameter_circle": 1356, "brightness_factor": -0.2844617476646912, "rad_w": 825, "rad_h": 1009, "sigma": 807.1999999999999}}}}