{"name": "0258.png", "type": "101", "params": {"illumination": {"color": {"brightness_factor": 1.1359843791122668, "contrast_factor": 1.2011887316944865, "saturation_factor": 1.1316557836731105}, "halo": {"num": 1, "center_a": [1165, 1362], "dia_a": 2045.2384397241603, "center_b": [1165, 1362], "dia_b": 3924.0288605811697}, "hole": {"center": [1043, 1005], "diameter_circle": 1401, "brightness_factor": -0.299043351582104, "rad_w": 909, "rad_h": 917, "sigma": 733.5999999999999}}, "blur": {"sigma": 11.279825302894178, "rad_w": 3, "rad_h": 5}}}