{"name": "0259.png", "type": "001", "params": {"illumination": {"color": {"brightness_factor": 0.8347398985251431, "contrast_factor": 1.040358799587613, "saturation_factor": 1.196201123649065}, "halo": {"num": 2, "center_a": [1158, 1029], "dia_a": 1558.4286111200697, "center_b": [1158, 1029], "dia_b": 3876.220314094648}, "hole": {"center": [1285, 1010], "diameter_circle": 1072, "brightness_factor": -0.27498453898889047, "rad_w": 739, "rad_h": 753, "sigma": 602.4}}}}