{"name": "0259.png", "type": "101", "params": {"illumination": {"color": {"brightness_factor": 0.8844256363132557, "contrast_factor": 1.2296094710159764, "saturation_factor": 1.3490704589752367}, "halo": {"num": 2, "center_a": [1210, 1119], "dia_a": 1846.860714726343, "center_b": [1210, 1119], "dia_b": 3653.085057498638}, "hole": {"center": [842, 1042], "diameter_circle": 846, "brightness_factor": -0.2753628682570862, "rad_w": 487, "rad_h": 569, "sigma": 454.3999999999999}}, "blur": {"sigma": 13.928800904072963, "rad_w": 5, "rad_h": 7}}}