{"name": "0260.png", "type": "001", "params": {"illumination": {"color": {"brightness_factor": 0.9137697304570953, "contrast_factor": 1.2900487685386397, "saturation_factor": 0.9844099403461859}, "halo": {"num": 1, "center_a": [1850, 1208], "dia_a": 2263.5254516997206, "center_b": [1850, 1208], "dia_b": 6135.559751579369}, "hole": {"center": [1345, 1650], "diameter_circle": 1884, "brightness_factor": -0.30389353431561605, "rad_w": 1113, "rad_h": 1249, "sigma": 999.1999999999999}}}}