{"name": "0260.png", "type": "101", "params": {"illumination": {"color": {"brightness_factor": 0.9328667577770057, "contrast_factor": 1.294058332548257, "saturation_factor": 0.8586759906729026}, "halo": {"num": 1, "center_a": [1303, 1787], "dia_a": 2960.635968612827, "center_b": [1303, 1787], "dia_b": 6373.046839524891}, "hole": {"center": [1902, 1465], "diameter_circle": 1312, "brightness_factor": -0.29675709199944106, "rad_w": 929, "rad_h": 941, "sigma": 752.7999999999998}}, "blur": {"sigma": 9.683421396383473, "rad_w": 3, "rad_h": 5}}}