{"name": "0262.png", "type": "101", "params": {"illumination": {"color": {"brightness_factor": 0.9839685451235396, "contrast_factor": 1.3079606840471016, "saturation_factor": 1.1957663457914465}, "halo": {"num": 2, "center_a": [1099, 1352], "dia_a": 2571.883024263469, "center_b": [1099, 1352], "dia_b": 4221.567617181299}, "hole": {"center": [850, 1331], "diameter_circle": 1245, "brightness_factor": -0.29318724287412623, "rad_w": 705, "rad_h": 775, "sigma": 619.1999999999999}}, "blur": {"sigma": 9.68931548988243, "rad_w": 5, "rad_h": 3}}}