{"name": "0262.png", "type": "001", "params": {"illumination": {"color": {"brightness_factor": 1.1851378064771843, "contrast_factor": 1.3302669724294918, "saturation_factor": 1.3259569441144394}, "halo": {"num": 1, "center_a": [1430, 1174], "dia_a": 2421.385010193135, "center_b": [1430, 1174], "dia_b": 5359.622524315329}, "hole": {"center": [1783, 1725], "diameter_circle": 1895, "brightness_factor": -0.2970994006723709, "rad_w": 1339, "rad_h": 1381, "sigma": 1104.8}}}}