{"name": "0263.png", "type": "001", "params": {"illumination": {"color": {"brightness_factor": 1.1236777456138218, "contrast_factor": 1.2714316084974846, "saturation_factor": 1.1435337610546203}, "halo": {"num": 2, "center_a": [1223, 1563], "dia_a": 2238.458529397586, "center_b": [1223, 1563], "dia_b": 5954.430292856284}, "hole": {"center": [1539, 1305], "diameter_circle": 1857, "brightness_factor": -0.2944307335872083, "rad_w": 1371, "rad_h": 1137, "sigma": 1096.8}}}}