{"name": "0263.png", "type": "101", "params": {"illumination": {"color": {"brightness_factor": 0.9873537718642589, "contrast_factor": 0.779501616042075, "saturation_factor": 0.9097495417216935}, "halo": {"num": 1, "center_a": [1263, 1449], "dia_a": 2888.351530129671, "center_b": [1263, 1449], "dia_b": 5562.896904256742}, "hole": {"center": [1067, 1236], "diameter_circle": 1583, "brightness_factor": -0.2883631791592919, "rad_w": 893, "rad_h": 1073, "sigma": 858.3999999999999}}, "blur": {"sigma": 10.388649248228443, "rad_w": 5, "rad_h": 3}}}