{"name": "0264.png", "type": "001", "params": {"illumination": {"color": {"brightness_factor": 0.7474562328767864, "contrast_factor": 0.8992504413338313, "saturation_factor": 1.3268438129232798}, "halo": {"num": 2, "center_a": [1494, 1657], "dia_a": 2424.399718387488, "center_b": [1494, 1657], "dia_b": 5997.901119327627}, "hole": {"center": [864, 1480], "diameter_circle": 1581, "brightness_factor": -0.2829630731348037, "rad_w": 999, "rad_h": 1025, "sigma": 819.1999999999999}}}}