{"name": "0264.png", "type": "101", "params": {"illumination": {"color": {"brightness_factor": 0.9005471648481629, "contrast_factor": 0.9734193964327744, "saturation_factor": 0.8880352272847429}, "halo": {"num": 2, "center_a": [1699, 1674], "dia_a": 2860.6471564801413, "center_b": [1699, 1674], "dia_b": 5698.628559712602}, "hole": {"center": [1608, 1253], "diameter_circle": 2028, "brightness_factor": -0.2876415101659117, "rad_w": 1271, "rad_h": 1297, "sigma": 1037.6}}, "blur": {"sigma": 7.190014682184216, "rad_w": 3, "rad_h": 3}}}