{"name": "0265.png", "type": "001", "params": {"illumination": {"color": {"brightness_factor": 1.0318469967262447, "contrast_factor": 1.0118826585607748, "saturation_factor": 1.2724266761079635}, "halo": {"num": 1, "center_a": [767, 991], "dia_a": 1694.456937357405, "center_b": [767, 991], "dia_b": 3573.4934428268543}, "hole": {"center": [613, 921], "diameter_circle": 777, "brightness_factor": -0.2779042903989516, "rad_w": 443, "rad_h": 487, "sigma": 389.59999999999997}}}}