{"name": "0265.png", "type": "101", "params": {"illumination": {"color": {"brightness_factor": 0.7272000883430599, "contrast_factor": 1.1023558739007038, "saturation_factor": 1.356608620150355}, "halo": {"num": 2, "center_a": [913, 1006], "dia_a": 1670.983977523011, "center_b": [913, 1006], "dia_b": 3316.277364006754}, "hole": {"center": [1369, 753], "diameter_circle": 962, "brightness_factor": 0, "rad_w": 685, "rad_h": 665, "sigma": 547.9999999999999}}, "blur": {"sigma": 12.909396378104866, "rad_w": 5, "rad_h": 5}}}