{"name": "0266.png", "type": "001", "params": {"illumination": {"color": {"brightness_factor": 1.1302189465181658, "contrast_factor": 0.9412469278977218, "saturation_factor": 0.7014939462932177}, "halo": {"num": 1, "center_a": [794, 922], "dia_a": 1942.8525649568976, "center_b": [794, 922], "dia_b": 3625.6727699465982}, "hole": {"center": [1475, 938], "diameter_circle": 1261, "brightness_factor": -0.30328832060177097, "rad_w": 893, "rad_h": 867, "sigma": 713.5999999999999}}}}