{"name": "0266.png", "type": "101", "params": {"illumination": {"color": {"brightness_factor": 0.7233724771980341, "contrast_factor": 0.6092013449940354, "saturation_factor": 1.3209356450865344}, "halo": {"num": 2, "center_a": [1223, 854], "dia_a": 1709.2175489480703, "center_b": [1223, 854], "dia_b": 3987.6202039321256}, "hole": {"center": [897, 1260], "diameter_circle": 1299, "brightness_factor": -0.29090761458490666, "rad_w": 895, "rad_h": 749, "sigma": 715.1999999999999}}, "blur": {"sigma": 7.094572371307761, "rad_w": 3, "rad_h": 3}}}