{"name": "0267.png", "type": "001", "params": {"illumination": {"color": {"brightness_factor": 1.093258857799294, "contrast_factor": 0.8204773482740048, "saturation_factor": 0.7523251692571807}, "halo": {"num": 2, "center_a": [1075, 1148], "dia_a": 1667.3170636312364, "center_b": [1075, 1148], "dia_b": 4050.154132018259}, "hole": {"center": [1076, 1266], "diameter_circle": 1120, "brightness_factor": -0.2860988118757561, "rad_w": 651, "rad_h": 829, "sigma": 662.4}}}}