{"name": "0267.png", "type": "101", "params": {"illumination": {"color": {"brightness_factor": 0.7308910281195622, "contrast_factor": 0.7176698079292375, "saturation_factor": 1.2815662545919673}, "halo": {"num": 2, "center_a": [941, 1131], "dia_a": 1692.7356288409364, "center_b": [941, 1131], "dia_b": 3186.6516707837704}, "hole": {"center": [1359, 1114], "diameter_circle": 883, "brightness_factor": -0.27660177061190233, "rad_w": 491, "rad_h": 565, "sigma": 451.99999999999994}}, "blur": {"sigma": 7.146356638252907, "rad_w": 3, "rad_h": 3}}}