{"name": "0271.png", "type": "001", "params": {"illumination": {"color": {"brightness_factor": 0.9544416993902943, "contrast_factor": 0.7521098348743953, "saturation_factor": 0.9104057546797475}, "halo": {"num": 1, "center_a": [1857, 1414], "dia_a": 3060.2049604837794, "center_b": [1857, 1414], "dia_b": 6602.7296826829925}, "hole": {"center": [2343, 1881], "diameter_circle": 1748, "brightness_factor": -0.29327123259721716, "rad_w": 1065, "rad_h": 1281, "sigma": 1024.8}}}}