{"name": "0271.png", "type": "101", "params": {"illumination": {"color": {"brightness_factor": 0.8771241141892263, "contrast_factor": 1.0462172677774229, "saturation_factor": 1.2113660089436928}, "halo": {"num": 2, "center_a": [1667, 1882], "dia_a": 2772.553060420492, "center_b": [1667, 1882], "dia_b": 5608.431935972672}, "hole": {"center": [1203, 1565], "diameter_circle": 1777, "brightness_factor": -0.2886559510783985, "rad_w": 1109, "rad_h": 1123, "sigma": 897.6}}, "blur": {"sigma": 11.835641224278607, "rad_w": 5, "rad_h": 5}}}