{"name": "0273.png", "type": "101", "params": {"illumination": {"color": {"brightness_factor": 0.8118424608697477, "contrast_factor": 0.6022423485990196, "saturation_factor": 1.3893923959862358}, "halo": {"num": 2, "center_a": [1831, 1317], "dia_a": 2550.7486467807016, "center_b": [1831, 1317], "dia_b": 5844.950791160121}, "hole": {"center": [1125, 1585], "diameter_circle": 1428, "brightness_factor": -0.2815941909742312, "rad_w": 1037, "rad_h": 835, "sigma": 829.5999999999999}}, "blur": {"sigma": 6.922017957540323, "rad_w": 3, "rad_h": 3}}}