{"name": "0273.png", "type": "001", "params": {"illumination": {"color": {"brightness_factor": 0.9370002947461271, "contrast_factor": 1.3065190303133671, "saturation_factor": 1.1790395970193246}, "halo": {"num": 2, "center_a": [1329, 1698], "dia_a": 2428.052879727371, "center_b": [1329, 1698], "dia_b": 5205.046256139127}, "hole": {"center": [778, 1179], "diameter_circle": 1553, "brightness_factor": -0.2892528597429077, "rad_w": 1125, "rad_h": 871, "sigma": 900.0}}}}