{"name": "0275.png", "type": "101", "params": {"illumination": {"color": {"brightness_factor": 1.0508456507717934, "contrast_factor": 0.8951445640255872, "saturation_factor": 1.1530805704792542}, "halo": {"num": 1, "center_a": [1358, 1736], "dia_a": 2389.8264226276797, "center_b": [1358, 1736], "dia_b": 5623.038418295508}, "hole": {"center": [1858, 1685], "diameter_circle": 1544, "brightness_factor": -0.284563331310899, "rad_w": 1035, "rad_h": 1151, "sigma": 920.7999999999998}}, "blur": {"sigma": 7.57521762855262, "rad_w": 3, "rad_h": 3}}}