{"name": "0275.png", "type": "001", "params": {"illumination": {"color": {"brightness_factor": 0.7016001060462143, "contrast_factor": 1.0732573529535305, "saturation_factor": 1.3719478118306307}, "halo": {"num": 2, "center_a": [1650, 1242], "dia_a": 2687.151708027866, "center_b": [1650, 1242], "dia_b": 6227.584236177782}, "hole": {"center": [1734, 1557], "diameter_circle": 1572, "brightness_factor": -0.2747927837947369, "rad_w": 973, "rad_h": 925, "sigma": 777.6}}}}