{"name": "0276.png", "type": "101", "params": {"illumination": {"color": {"brightness_factor": 1.0654062463929423, "contrast_factor": 0.8723127239922435, "saturation_factor": 1.3656085631654398}, "halo": {"num": 2, "center_a": [1211, 1378], "dia_a": 2389.687386541559, "center_b": [1211, 1378], "dia_b": 4484.524353871558}, "hole": {"center": [1223, 1309], "diameter_circle": 1894, "brightness_factor": -0.29281623258429434, "rad_w": 1343, "rad_h": 1379, "sigma": 1103.1999999999998}}, "blur": {"sigma": 14.987129268888378, "rad_w": 7, "rad_h": 5}}}