{"name": "0276.png", "type": "001", "params": {"illumination": {"color": {"brightness_factor": 0.868906440633992, "contrast_factor": 0.940674699654223, "saturation_factor": 1.3389648604463769}, "halo": {"num": 2, "center_a": [1740, 1205], "dia_a": 2332.9005577785274, "center_b": [1740, 1205], "dia_b": 5076.260799024516}, "hole": {"center": [1353, 1447], "diameter_circle": 1456, "brightness_factor": -0.28811051155374945, "rad_w": 969, "rad_h": 903, "sigma": 774.3999999999999}}}}