{"name": "0277.png", "type": "001", "params": {"illumination": {"color": {"brightness_factor": 1.0167735831629723, "contrast_factor": 0.6457216993483222, "saturation_factor": 0.8853911662622722}, "halo": {"num": 1, "center_a": [1462, 1582], "dia_a": 2825.631152328292, "center_b": [1462, 1582], "dia_b": 5103.998458268959}, "hole": {"center": [1284, 1509], "diameter_circle": 1358, "brightness_factor": -0.2846493204687103, "rad_w": 895, "rad_h": 797, "sigma": 715.9999999999999}}}}