{"name": "0277.png", "type": "101", "params": {"illumination": {"color": {"brightness_factor": 0.9308115991952562, "contrast_factor": 0.6309224253919494, "saturation_factor": 0.9105506514106572}, "halo": {"num": 2, "center_a": [1945, 1665], "dia_a": 3237.228912987798, "center_b": [1945, 1665], "dia_b": 6822.428560022214}, "hole": {"center": [1437, 1941], "diameter_circle": 1875, "brightness_factor": -0.2794881495270616, "rad_w": 1117, "rad_h": 1045, "sigma": 893.5999999999999}}, "blur": {"sigma": 12.790842355730415, "rad_w": 7, "rad_h": 5}}}