{"name": "0280.png", "type": "001", "params": {"illumination": {"color": {"brightness_factor": 0.9828742983167309, "contrast_factor": 0.6705497404900194, "saturation_factor": 0.7696621720996162}, "halo": {"num": 2, "center_a": [1688, 1218], "dia_a": 2816.1526188071916, "center_b": [1688, 1218], "dia_b": 5824.298289582904}, "hole": {"center": [2117, 1529], "diameter_circle": 1977, "brightness_factor": -0.28993833333310925, "rad_w": 1235, "rad_h": 1165, "sigma": 987.1999999999999}}}}