{"name": "0280.png", "type": "101", "params": {"illumination": {"color": {"brightness_factor": 1.134497067493015, "contrast_factor": 0.9505198269666493, "saturation_factor": 1.2782527974088584}, "halo": {"num": 1, "center_a": [1485, 1780], "dia_a": 2222.0849770854384, "center_b": [1485, 1780], "dia_b": 6261.118634757657}, "hole": {"center": [1073, 1265], "diameter_circle": 1637, "brightness_factor": -0.29898338386096623, "rad_w": 917, "rad_h": 905, "sigma": 732.8}}, "blur": {"sigma": 7.65962358704106, "rad_w": 3, "rad_h": 3}}}