{"name": "0283.png", "type": "001", "params": {"illumination": {"color": {"brightness_factor": 0.9880687929063734, "contrast_factor": 0.8710256052086056, "saturation_factor": 0.7915233176875935}, "halo": {"num": 2, "center_a": [969, 947], "dia_a": 2092.2523395595945, "center_b": [969, 947], "dia_b": 3100.440153110901}, "hole": {"center": [1065, 1226], "diameter_circle": 911, "brightness_factor": -0.2885181098402964, "rad_w": 609, "rad_h": 635, "sigma": 507.19999999999993}}}}