{"name": "0283.png", "type": "101", "params": {"illumination": {"color": {"brightness_factor": 0.7371561520450871, "contrast_factor": 1.1194566462560753, "saturation_factor": 1.2108708634677647}, "halo": {"num": 1, "center_a": [955, 1223], "dia_a": 1803.7309201810976, "center_b": [955, 1223], "dia_b": 4047.6113199782103}, "hole": {"center": [996, 1123], "diameter_circle": 1187, "brightness_factor": -0.2833910184221654, "rad_w": 773, "rad_h": 753, "sigma": 617.5999999999999}}, "blur": {"sigma": 10.560436341440163, "rad_w": 3, "rad_h": 3}}}