{"name": "0284.png", "type": "101", "params": {"illumination": {"color": {"brightness_factor": 1.0711328241612244, "contrast_factor": 1.1195832429716077, "saturation_factor": 0.79511042624422}, "halo": {"num": 2, "center_a": [1371, 1277], "dia_a": 2400.5657122245348, "center_b": [1371, 1277], "dia_b": 4547.815003079999}, "hole": {"center": [918, 1243], "diameter_circle": 1612, "brightness_factor": -0.29667665556748474, "rad_w": 1163, "rad_h": 945, "sigma": 929.5999999999999}}, "blur": {"sigma": 14.197868702211586, "rad_w": 7, "rad_h": 7}}}