{"name": "0284.png", "type": "001", "params": {"illumination": {"color": {"brightness_factor": 0.9667412854956743, "contrast_factor": 1.339843348492874, "saturation_factor": 0.9793925408169901}, "halo": {"num": 1, "center_a": [1227, 1439], "dia_a": 2249.8166760602185, "center_b": [1227, 1439], "dia_b": 4794.096115524344}, "hole": {"center": [1792, 1513], "diameter_circle": 1813, "brightness_factor": -0.30092096240926125, "rad_w": 1319, "rad_h": 1175, "sigma": 1054.3999999999999}}}}