{"name": "0285.png", "type": "001", "params": {"illumination": {"color": {"brightness_factor": 1.031229593788775, "contrast_factor": 1.0899592553486055, "saturation_factor": 1.3294859631262355}, "halo": {"num": 2, "center_a": [887, 1244], "dia_a": 2287.762660359189, "center_b": [887, 1244], "dia_b": 4108.0125188553575}, "hole": {"center": [737, 885], "diameter_circle": 1241, "brightness_factor": -0.2829604276718551, "rad_w": 853, "rad_h": 821, "sigma": 682.4}}}}