{"name": "0285.png", "type": "101", "params": {"illumination": {"color": {"brightness_factor": 1.1676588548198246, "contrast_factor": 0.8805993717757281, "saturation_factor": 0.8937988926621669}, "halo": {"num": 2, "center_a": [1392, 933], "dia_a": 2107.4056213960716, "center_b": [1392, 933], "dia_b": 4488.040091468472}, "hole": {"center": [798, 1442], "diameter_circle": 999, "brightness_factor": -0.28811281520158, "rad_w": 611, "rad_h": 659, "sigma": 526.4}}, "blur": {"sigma": 7.287021250522365, "rad_w": 3, "rad_h": 3}}}