{"name": "0292.png", "type": "001", "params": {"illumination": {"color": {"brightness_factor": 0.7265923853432117, "contrast_factor": 0.7532276640767145, "saturation_factor": 0.7014246798040092}, "halo": {"num": 1, "center_a": [504, 575], "dia_a": 824.8576349844, "center_b": [504, 575], "dia_b": 1872.8604475020097}, "hole": {"center": [728, 477], "diameter_circle": 700, "brightness_factor": -0.28415294043281253, "rad_w": 525, "rad_h": 469, "sigma": 419.2}}}}