{"name": "0292.png", "type": "101", "params": {"illumination": {"color": {"brightness_factor": 1.1296375111579227, "contrast_factor": 0.8778956834117637, "saturation_factor": 0.722185771822754}, "halo": {"num": 2, "center_a": [439, 413], "dia_a": 862.4546136630188, "center_b": [439, 413], "dia_b": 1979.6748073498618}, "hole": {"center": [548, 606], "diameter_circle": 528, "brightness_factor": -0.29846709742068817, "rad_w": 325, "rad_h": 361, "sigma": 288.0}}, "blur": {"sigma": 5.40557191169707, "rad_w": 1, "rad_h": 1}}}