{"name": "0293.png", "type": "101", "params": {"illumination": {"color": {"brightness_factor": 0.7362438762969533, "contrast_factor": 1.2094275994519594, "saturation_factor": 0.6683474189019498}, "halo": {"num": 2, "center_a": [788, 848], "dia_a": 1852.6655790230686, "center_b": [788, 848], "dia_b": 3056.3633617219593}, "hole": {"center": [708, 1086], "diameter_circle": 1255, "brightness_factor": -0.2774696794255295, "rad_w": 707, "rad_h": 913, "sigma": 730.4}}, "blur": {"sigma": 12.053226194181155, "rad_w": 5, "rad_h": 5}}}