{"name": "0293.png", "type": "001", "params": {"illumination": {"color": {"brightness_factor": 1.0933388512452065, "contrast_factor": 0.8727327646327789, "saturation_factor": 1.3616301613669002}, "halo": {"num": 1, "center_a": [1123, 991], "dia_a": 1706.4852019090804, "center_b": [1123, 991], "dia_b": 3343.0686888318437}, "hole": {"center": [641, 893], "diameter_circle": 1183, "brightness_factor": -0.28572817822465657, "rad_w": 759, "rad_h": 693, "sigma": 606.4}}}}