{"name": "0294.png", "type": "001", "params": {"illumination": {"color": {"brightness_factor": 0.8595510637321218, "contrast_factor": 0.9004277862364228, "saturation_factor": 1.3164553878325334}, "halo": {"num": 1, "center_a": [526, 519], "dia_a": 948.8138318444686, "center_b": [526, 519], "dia_b": 1769.3874582108951}, "hole": {"center": [293, 492], "diameter_circle": 532, "brightness_factor": -0.28103732575955315, "rad_w": 385, "rad_h": 371, "sigma": 307.99999999999994}}}}