{"name": "0294.png", "type": "101", "params": {"illumination": {"color": {"brightness_factor": 0.7930897136361309, "contrast_factor": 1.2786966485516222, "saturation_factor": 0.6013726373639662}, "halo": {"num": 1, "center_a": [492, 409], "dia_a": 961.6270946840339, "center_b": [492, 409], "dia_b": 1882.9157482731068}, "hole": {"center": [546, 564], "diameter_circle": 712, "brightness_factor": -0.2811259471318268, "rad_w": 535, "rad_h": 509, "sigma": 427.2}}, "blur": {"sigma": 11.271832669879831, "rad_w": 5, "rad_h": 5}}}