{"name": "0296.png", "type": "101", "params": {"illumination": {"color": {"brightness_factor": 0.7496091618096659, "contrast_factor": 0.7341704350954377, "saturation_factor": 0.7175335295517276}, "halo": {"num": 1, "center_a": [836, 896], "dia_a": 1683.549094845324, "center_b": [836, 896], "dia_b": 3716.8888209801953}, "hole": {"center": [1383, 1102], "diameter_circle": 1181, "brightness_factor": -0.282441716950303, "rad_w": 661, "rad_h": 823, "sigma": 657.6}}, "blur": {"sigma": 14.276273391611713, "rad_w": 5, "rad_h": 5}}}