{"name": "0296.png", "type": "001", "params": {"illumination": {"color": {"brightness_factor": 0.7193305736698089, "contrast_factor": 1.1387572196522462, "saturation_factor": 1.2329878925201676}, "halo": {"num": 1, "center_a": [804, 738], "dia_a": 1618.895554244239, "center_b": [804, 738], "dia_b": 3632.4197405016157}, "hole": {"center": [1199, 1131], "diameter_circle": 943, "brightness_factor": -0.2801545318044573, "rad_w": 585, "rad_h": 563, "sigma": 467.19999999999993}}}}