{"name": "0301.png", "type": "001", "params": {"illumination": {"color": {"brightness_factor": 0.9378429800934536, "contrast_factor": 1.1744927853891478, "saturation_factor": 0.7764058065074655}, "halo": {"num": 1, "center_a": [1023, 1073], "dia_a": 1908.7509012531311, "center_b": [1023, 1073], "dia_b": 4102.538733358548}, "hole": {"center": [657, 1133], "diameter_circle": 1109, "brightness_factor": -0.287440228455996, "rad_w": 615, "rad_h": 717, "sigma": 572.8}}}}