{"name": "0301.png", "type": "101", "params": {"illumination": {"color": {"brightness_factor": 1.0637059646368092, "contrast_factor": 0.6883156960383539, "saturation_factor": 1.1004320146652122}, "halo": {"num": 1, "center_a": [1219, 1184], "dia_a": 2274.208602566194, "center_b": [1219, 1184], "dia_b": 4456.3744602347415}, "hole": {"center": [1293, 1493], "diameter_circle": 1636, "brightness_factor": -0.2838758249612985, "rad_w": 1215, "rad_h": 1063, "sigma": 971.1999999999998}}, "blur": {"sigma": 5.507639228652955, "rad_w": 1, "rad_h": 1}}}