{"name": "0304.png", "type": "001", "params": {"illumination": {"color": {"brightness_factor": 1.121300403934742, "contrast_factor": 1.2986369961892579, "saturation_factor": 0.6647927554357057}, "halo": {"num": 1, "center_a": [1263, 1174], "dia_a": 1892.0259795410375, "center_b": [1263, 1174], "dia_b": 3672.699489749595}, "hole": {"center": [1491, 1251], "diameter_circle": 1293, "brightness_factor": -0.284273316906229, "rad_w": 917, "rad_h": 889, "sigma": 732.8}}}}