{"name": "0304.png", "type": "101", "params": {"illumination": {"color": {"brightness_factor": 0.961146549058627, "contrast_factor": 1.2267331347542494, "saturation_factor": 0.7083938558946076}, "halo": {"num": 1, "center_a": [995, 1021], "dia_a": 1729.9121841360616, "center_b": [995, 1021], "dia_b": 3370.1263420792943}, "hole": {"center": [970, 1217], "diameter_circle": 1242, "brightness_factor": -0.2812711279496971, "rad_w": 759, "rad_h": 837, "sigma": 668.7999999999998}}, "blur": {"sigma": 14.594255259982491, "rad_w": 5, "rad_h": 7}}}