{"name": "0309.png", "type": "001", "params": {"illumination": {"color": {"brightness_factor": 0.7621273884966837, "contrast_factor": 1.3691703971157954, "saturation_factor": 0.8840495889038421}, "halo": {"num": 1, "center_a": [1474, 1661], "dia_a": 3159.651975202762, "center_b": [1474, 1661], "dia_b": 6068.645157466378}, "hole": {"center": [2313, 1624], "diameter_circle": 1347, "brightness_factor": -0.28041934653393996, "rad_w": 747, "rad_h": 875, "sigma": 699.9999999999999}}}}