{"name": "0309.png", "type": "101", "params": {"illumination": {"color": {"brightness_factor": 0.7616524607186514, "contrast_factor": 0.7349775829250884, "saturation_factor": 0.8567549284480265}, "halo": {"num": 1, "center_a": [1716, 1342], "dia_a": 3205.323181687701, "center_b": [1716, 1342], "dia_b": 6291.716159838293}, "hole": {"center": [1058, 1982], "diameter_circle": 2299, "brightness_factor": -0.2792430082411157, "rad_w": 1491, "rad_h": 1695, "sigma": 1356.0}}, "blur": {"sigma": 5.4523710999069035, "rad_w": 1, "rad_h": 1}}}