{"name": "0314.png", "type": "001", "params": {"illumination": {"color": {"brightness_factor": 1.0529429747449264, "contrast_factor": 0.8677501181704197, "saturation_factor": 0.7419908758536509}, "halo": {"num": 2, "center_a": [1718, 1439], "dia_a": 2955.1460766073806, "center_b": [1718, 1439], "dia_b": 5154.551715007659}, "hole": {"center": [1825, 1282], "diameter_circle": 1362, "brightness_factor": -0.2948310742696705, "rad_w": 871, "rad_h": 803, "sigma": 696.8}}}}