{"name": "0314.png", "type": "101", "params": {"illumination": {"color": {"brightness_factor": 0.7931446842936518, "contrast_factor": 1.3329572069339015, "saturation_factor": 0.706771736719133}, "halo": {"num": 1, "center_a": [1552, 1510], "dia_a": 2440.4550904253, "center_b": [1552, 1510], "dia_b": 4902.45325540341}, "hole": {"center": [2323, 1597], "diameter_circle": 1839, "brightness_factor": -0.2920749852150901, "rad_w": 1321, "rad_h": 1315, "sigma": 1056.0}}, "blur": {"sigma": 11.760966931018277, "rad_w": 5, "rad_h": 5}}}