{"name": "0315.png", "type": "101", "params": {"illumination": {"color": {"brightness_factor": 0.8718346841811253, "contrast_factor": 0.914939116400264, "saturation_factor": 0.7674648097065049}, "halo": {"num": 2, "center_a": [1583, 1465], "dia_a": 2753.41150315219, "center_b": [1583, 1465], "dia_b": 4787.45193632913}, "hole": {"center": [881, 1588], "diameter_circle": 1695, "brightness_factor": -0.28967876163971523, "rad_w": 1121, "rad_h": 1211, "sigma": 968.7999999999998}}, "blur": {"sigma": 6.349518369899459, "rad_w": 3, "rad_h": 3}}}