{"name": "0315.png", "type": "001", "params": {"illumination": {"color": {"brightness_factor": 1.194925570766403, "contrast_factor": 1.3589902338609072, "saturation_factor": 0.6566676702317591}, "halo": {"num": 1, "center_a": [1217, 1624], "dia_a": 2937.7477363218295, "center_b": [1217, 1624], "dia_b": 5950.444182062933}, "hole": {"center": [895, 1831], "diameter_circle": 1449, "brightness_factor": -0.3029985452771678, "rad_w": 969, "rad_h": 1081, "sigma": 864.8}}}}