{"name": "0316.png", "type": "001", "params": {"illumination": {"color": {"brightness_factor": 0.736233895785453, "contrast_factor": 0.6553514017352816, "saturation_factor": 0.7194479817163768}, "halo": {"num": 2, "center_a": [394, 444], "dia_a": 835.7170861399529, "center_b": [394, 444], "dia_b": 1784.9899935718463}, "hole": {"center": [274, 425], "diameter_circle": 517, "brightness_factor": -0.2873649149313788, "rad_w": 315, "rad_h": 339, "sigma": 271.2}}}}