{"name": "0316.png", "type": "101", "params": {"illumination": {"color": {"brightness_factor": 1.1636331259303705, "contrast_factor": 0.6345524774370268, "saturation_factor": 1.1761083049047247}, "halo": {"num": 2, "center_a": [432, 543], "dia_a": 1013.4953895308197, "center_b": [432, 543], "dia_b": 1866.884742237539}, "hole": {"center": [532, 573], "diameter_circle": 695, "brightness_factor": -0.29537047764568203, "rad_w": 399, "rad_h": 511, "sigma": 408.79999999999995}}, "blur": {"sigma": 7.004119107271627, "rad_w": 3, "rad_h": 3}}}