{"name": "0317.png", "type": "001", "params": {"illumination": {"color": {"brightness_factor": 0.8849296241030707, "contrast_factor": 0.7953256345036419, "saturation_factor": 1.096682489799049}, "halo": {"num": 2, "center_a": [1398, 1280], "dia_a": 3097.092985616855, "center_b": [1398, 1280], "dia_b": 6574.142963678769}, "hole": {"center": [1004, 1592], "diameter_circle": 2030, "brightness_factor": -0.28449814830230796, "rad_w": 1333, "rad_h": 1189, "sigma": 1066.3999999999999}}}}