{"name": "0317.png", "type": "101", "params": {"illumination": {"color": {"brightness_factor": 0.925608506139871, "contrast_factor": 1.2428176892729725, "saturation_factor": 1.2823401317375736}, "halo": {"num": 2, "center_a": [1739, 1563], "dia_a": 2951.450293953881, "center_b": [1739, 1563], "dia_b": 5994.748989314494}, "hole": {"center": [1517, 1723], "diameter_circle": 1596, "brightness_factor": -0.28749780246738654, "rad_w": 1173, "rad_h": 1089, "sigma": 938.4}}, "blur": {"sigma": 14.435464074056975, "rad_w": 5, "rad_h": 5}}}