{"name": "0318.png", "type": "101", "params": {"illumination": {"color": {"brightness_factor": 0.811412401209036, "contrast_factor": 1.0289025353644328, "saturation_factor": 0.7221694664274002}, "halo": {"num": 1, "center_a": [1278, 843], "dia_a": 1920.6310820111296, "center_b": [1278, 843], "dia_b": 3779.119026018249}, "hole": {"center": [1322, 974], "diameter_circle": 1107, "brightness_factor": -0.27915710724778314, "rad_w": 689, "rad_h": 615, "sigma": 550.4}}, "blur": {"sigma": 6.962668541565015, "rad_w": 3, "rad_h": 3}}}