{"name": "0318.png", "type": "001", "params": {"illumination": {"color": {"brightness_factor": 1.0211006640498663, "contrast_factor": 0.7381180778185963, "saturation_factor": 0.7756862139341152}, "halo": {"num": 1, "center_a": [1263, 1112], "dia_a": 1760.9215626853486, "center_b": [1263, 1112], "dia_b": 3863.184148253149}, "hole": {"center": [1192, 1247], "diameter_circle": 999, "brightness_factor": -0.2838663200482305, "rad_w": 587, "rad_h": 597, "sigma": 477.59999999999997}}}}