{"name": "0320.png", "type": "101", "params": {"illumination": {"color": {"brightness_factor": 0.9097053890920266, "contrast_factor": 1.2406895220791747, "saturation_factor": 0.6622813651887963}, "halo": {"num": 2, "center_a": [988, 931], "dia_a": 1574.7624841555873, "center_b": [988, 931], "dia_b": 3454.427343632988}, "hole": {"center": [1529, 1076], "diameter_circle": 1360, "brightness_factor": -0.3005412856656145, "rad_w": 793, "rad_h": 917, "sigma": 732.8}}, "blur": {"sigma": 13.89503001280552, "rad_w": 5, "rad_h": 7}}}