{"name": "0320.png", "type": "001", "params": {"illumination": {"color": {"brightness_factor": 0.7742113141967741, "contrast_factor": 1.085604839994914, "saturation_factor": 0.8228009800519296}, "halo": {"num": 2, "center_a": [1283, 1097], "dia_a": 1890.5686899708194, "center_b": [1283, 1097], "dia_b": 3981.151628516831}, "hole": {"center": [1375, 1043], "diameter_circle": 993, "brightness_factor": -0.2893572942621634, "rad_w": 741, "rad_h": 667, "sigma": 592.0}}}}