{"name": "0327.png", "type": "001", "params": {"illumination": {"color": {"brightness_factor": 0.9875508211456947, "contrast_factor": 0.8637528476289896, "saturation_factor": 1.1060223184935807}, "halo": {"num": 1, "center_a": [1366, 1258], "dia_a": 2612.0017301598937, "center_b": [1366, 1258], "dia_b": 6333.50879011818}, "hole": {"center": [1600, 1514], "diameter_circle": 1565, "brightness_factor": -0.29828930325367, "rad_w": 915, "rad_h": 1085, "sigma": 867.9999999999999}}}}