{"name": "0327.png", "type": "101", "params": {"illumination": {"color": {"brightness_factor": 0.9491968638088122, "contrast_factor": 0.7455561785388424, "saturation_factor": 1.293796986767967}, "halo": {"num": 1, "center_a": [1306, 1337], "dia_a": 2667.956305055487, "center_b": [1306, 1337], "dia_b": 5328.369732082887}, "hole": {"center": [2288, 1259], "diameter_circle": 1585, "brightness_factor": -0.3019832056689535, "rad_w": 1155, "rad_h": 959, "sigma": 924.0}}, "blur": {"sigma": 8.037295513838924, "rad_w": 3, "rad_h": 5}}}