{"name": "0329.png", "type": "001", "params": {"illumination": {"color": {"brightness_factor": 0.7400270820093382, "contrast_factor": 0.8674452402760111, "saturation_factor": 0.8343751023465333}, "halo": {"num": 2, "center_a": [1245, 1731], "dia_a": 2615.8150439762367, "center_b": [1245, 1731], "dia_b": 4738.0667381197145}, "hole": {"center": [852, 1323], "diameter_circle": 1457, "brightness_factor": -0.2877139037827264, "rad_w": 819, "rad_h": 915, "sigma": 732.0}}}}