{"name": "0330.png", "type": "101", "params": {"illumination": {"color": {"brightness_factor": 0.7123751450581741, "contrast_factor": 0.6847518478922008, "saturation_factor": 0.7002253215262619}, "halo": {"num": 2, "center_a": [1097, 1045], "dia_a": 2019.7063419261494, "center_b": [1097, 1045], "dia_b": 3236.3850017814666}, "hole": {"center": [602, 925], "diameter_circle": 1034, "brightness_factor": -0.2787471211405282, "rad_w": 617, "rad_h": 673, "sigma": 538.4}}, "blur": {"sigma": 14.328150639644665, "rad_w": 7, "rad_h": 5}}}