{"name": "0330.png", "type": "001", "params": {"illumination": {"color": {"brightness_factor": 1.1004808398104289, "contrast_factor": 1.1058040942794605, "saturation_factor": 0.7033834112084059}, "halo": {"num": 2, "center_a": [1174, 1081], "dia_a": 1870.1709153329336, "center_b": [1174, 1081], "dia_b": 3574.197038025884}, "hole": {"center": [1064, 911], "diameter_circle": 1222, "brightness_factor": -0.2868497983365703, "rad_w": 795, "rad_h": 723, "sigma": 636.0}}}}