{"name": "0336.png", "type": "101", "params": {"illumination": {"color": {"brightness_factor": 0.7221804611303216, "contrast_factor": 1.3282714989391404, "saturation_factor": 0.7947031002631312}, "halo": {"num": 2, "center_a": [484, 467], "dia_a": 835.2186018843466, "center_b": [484, 467], "dia_b": 1595.8267421937385}, "hole": {"center": [369, 647], "diameter_circle": 428, "brightness_factor": -0.2849551536096356, "rad_w": 255, "rad_h": 263, "sigma": 209.6}}, "blur": {"sigma": 14.987494535520616, "rad_w": 5, "rad_h": 7}}}