{"name": "0336.png", "type": "001", "params": {"illumination": {"color": {"brightness_factor": 1.0240415982026243, "contrast_factor": 1.350525313797142, "saturation_factor": 1.1718570586620038}, "halo": {"num": 2, "center_a": [520, 601], "dia_a": 822.8316328912838, "center_b": [520, 601], "dia_b": 1706.3824908492509}, "hole": {"center": [662, 503], "diameter_circle": 637, "brightness_factor": -0.2952011121801472, "rad_w": 429, "rad_h": 435, "sigma": 347.2}}}}