{"name": "0338.png", "type": "101", "params": {"illumination": {"color": {"brightness_factor": 0.7667200003578094, "contrast_factor": 1.2698291145475267, "saturation_factor": 1.3262421556114916}, "halo": {"num": 2, "center_a": [1439, 1212], "dia_a": 2976.9619345676983, "center_b": [1439, 1212], "dia_b": 6581.774950253223}, "hole": {"center": [1623, 1687], "diameter_circle": 1734, "brightness_factor": -0.2824758389494264, "rad_w": 1249, "rad_h": 1127, "sigma": 998.4}}, "blur": {"sigma": 11.73592437701083, "rad_w": 5, "rad_h": 5}}}