{"name": "0338.png", "type": "001", "params": {"illumination": {"color": {"brightness_factor": 0.9050086566044322, "contrast_factor": 1.0155600483475948, "saturation_factor": 1.2151734650311548}, "halo": {"num": 1, "center_a": [1746, 1383], "dia_a": 2807.1024041390892, "center_b": [1746, 1383], "dia_b": 5313.779479995579}, "hole": {"center": [2264, 1305], "diameter_circle": 2165, "brightness_factor": -0.2888033998232449, "rad_w": 1439, "rad_h": 1417, "sigma": 1150.3999999999999}}}}