{"name": "0341.png", "type": "101", "params": {"illumination": {"color": {"brightness_factor": 1.0353598570506826, "contrast_factor": 0.6142836017743974, "saturation_factor": 0.8257671711966417}, "halo": {"num": 1, "center_a": [1441, 1518], "dia_a": 2438.429567881442, "center_b": [1441, 1518], "dia_b": 5839.609831905389}, "hole": {"center": [1178, 1832], "diameter_circle": 1427, "brightness_factor": -0.29696320578755736, "rad_w": 979, "rad_h": 1021, "sigma": 816.0}}, "blur": {"sigma": 10.662605642124333, "rad_w": 5, "rad_h": 3}}}