{"name": "0341.png", "type": "001", "params": {"illumination": {"color": {"brightness_factor": 1.0255015356714043, "contrast_factor": 1.3910635713574828, "saturation_factor": 0.9352764031932534}, "halo": {"num": 2, "center_a": [1525, 1583], "dia_a": 2552.874995798711, "center_b": [1525, 1583], "dia_b": 4921.518307607195}, "hole": {"center": [2248, 1369], "diameter_circle": 2023, "brightness_factor": -0.29544588726889237, "rad_w": 1205, "rad_h": 1275, "sigma": 1020.0}}}}