{"name": "0342.png", "type": "001", "params": {"illumination": {"color": {"brightness_factor": 0.7748851692504444, "contrast_factor": 1.0033440270282528, "saturation_factor": 0.6985675739333087}, "halo": {"num": 1, "center_a": [994, 1116], "dia_a": 2219.3123377146676, "center_b": [994, 1116], "dia_b": 4761.6939008774625}, "hole": {"center": [1683, 1345], "diameter_circle": 1063, "brightness_factor": -0.28266315976208656, "rad_w": 761, "rad_h": 787, "sigma": 629.5999999999999}}}}