{"name": "0342.png", "type": "101", "params": {"illumination": {"color": {"brightness_factor": 0.8138095329234333, "contrast_factor": 1.2968654892970057, "saturation_factor": 0.9219473218006405}, "halo": {"num": 2, "center_a": [1137, 1068], "dia_a": 2208.1480137606613, "center_b": [1137, 1068], "dia_b": 4165.423370687966}, "hole": {"center": [1239, 1339], "diameter_circle": 1457, "brightness_factor": -0.28361074659543783, "rad_w": 841, "rad_h": 825, "sigma": 672.8}}, "blur": {"sigma": 10.230891821150117, "rad_w": 5, "rad_h": 3}}}