{"name": "0344.png", "type": "001", "params": {"illumination": {"color": {"brightness_factor": 0.7224427003269986, "contrast_factor": 0.6395828153473214, "saturation_factor": 1.2878685157052179}, "halo": {"num": 1, "center_a": [1281, 1594], "dia_a": 2581.2139269692116, "center_b": [1281, 1594], "dia_b": 5212.631822644842}, "hole": {"center": [1071, 1554], "diameter_circle": 1884, "brightness_factor": -0.2875047703168562, "rad_w": 1127, "rad_h": 1163, "sigma": 929.5999999999999}}}}