{"name": "0344.png", "type": "101", "params": {"illumination": {"color": {"brightness_factor": 0.7930817058956984, "contrast_factor": 0.8421942706483198, "saturation_factor": 1.0738810833117811}, "halo": {"num": 2, "center_a": [1611, 1217], "dia_a": 2921.616763001032, "center_b": [1611, 1217], "dia_b": 4872.745429077805}, "hole": {"center": [1825, 1706], "diameter_circle": 1919, "brightness_factor": -0.28935117640434455, "rad_w": 1275, "rad_h": 1083, "sigma": 1019.1999999999998}}, "blur": {"sigma": 5.313257464207385, "rad_w": 1, "rad_h": 1}}}