{"name": "0345.png", "type": "001", "params": {"illumination": {"color": {"brightness_factor": 0.7041239375145631, "contrast_factor": 0.9992627065065496, "saturation_factor": 0.82288233992581}, "halo": {"num": 1, "center_a": [932, 948], "dia_a": 1755.650366271812, "center_b": [932, 948], "dia_b": 3260.8930514273557}, "hole": {"center": [657, 1061], "diameter_circle": 887, "brightness_factor": -0.2843160795005374, "rad_w": 633, "rad_h": 519, "sigma": 505.59999999999997}}}}