{"name": "0345.png", "type": "101", "params": {"illumination": {"color": {"brightness_factor": 0.8938937816360888, "contrast_factor": 1.0707621153541629, "saturation_factor": 0.6044722548988446}, "halo": {"num": 1, "center_a": [1298, 1251], "dia_a": 2059.9822447130286, "center_b": [1298, 1251], "dia_b": 4372.541777169208}, "hole": {"center": [740, 1240], "diameter_circle": 1203, "brightness_factor": -0.28616073726314717, "rad_w": 741, "rad_h": 675, "sigma": 592.0}}, "blur": {"sigma": 12.982569573245557, "rad_w": 7, "rad_h": 5}}}