{"name": "0346.png", "type": "101", "params": {"illumination": {"color": {"brightness_factor": 0.987820289339239, "contrast_factor": 0.9915267869928308, "saturation_factor": 1.258688160716003}, "halo": {"num": 1, "center_a": [1735, 1256], "dia_a": 2619.9951484583453, "center_b": [1735, 1256], "dia_b": 6483.453820138125}, "hole": {"center": [982, 1360], "diameter_circle": 1660, "brightness_factor": -0.2964921647008594, "rad_w": 1137, "rad_h": 1037, "sigma": 908.7999999999998}}, "blur": {"sigma": 12.716337083378608, "rad_w": 5, "rad_h": 5}}}