{"name": "0346.png", "type": "001", "params": {"illumination": {"color": {"brightness_factor": 1.0641405594332656, "contrast_factor": 1.3349193007797142, "saturation_factor": 0.8458489241187837}, "halo": {"num": 2, "center_a": [1396, 1615], "dia_a": 2870.4891198263904, "center_b": [1396, 1615], "dia_b": 5233.2028501934055}, "hole": {"center": [1507, 1359], "diameter_circle": 1427, "brightness_factor": -0.2969538294941877, "rad_w": 997, "rad_h": 861, "sigma": 797.5999999999999}}}}