{"name": "0347.png", "type": "001", "params": {"illumination": {"color": {"brightness_factor": 0.9293150477945329, "contrast_factor": 0.9114260103988137, "saturation_factor": 0.935154440335378}, "halo": {"num": 2, "center_a": [1083, 1038], "dia_a": 1497.6101383895905, "center_b": [1083, 1038], "dia_b": 3167.235359924893}, "hole": {"center": [1228, 857], "diameter_circle": 1061, "brightness_factor": -0.2750830513279003, "rad_w": 793, "rad_h": 647, "sigma": 634.4}}}}