{"name": "0347.png", "type": "101", "params": {"illumination": {"color": {"brightness_factor": 0.9724964824572006, "contrast_factor": 1.2155951250533168, "saturation_factor": 0.9540348584632936}, "halo": {"num": 1, "center_a": [764, 735], "dia_a": 1676.944449237835, "center_b": [764, 735], "dia_b": 2900.6675162280026}, "hole": {"center": [784, 822], "diameter_circle": 1124, "brightness_factor": -0.276635292001153, "rad_w": 733, "rad_h": 813, "sigma": 649.5999999999999}}, "blur": {"sigma": 13.382177380798367, "rad_w": 5, "rad_h": 7}}}