{"name": "0349.png", "type": "101", "params": {"illumination": {"color": {"brightness_factor": 0.732172138029934, "contrast_factor": 1.2625696590962137, "saturation_factor": 0.6112008737166955}, "halo": {"num": 1, "center_a": [1330, 1301], "dia_a": 1714.630237483465, "center_b": [1330, 1301], "dia_b": 4641.249794873729}, "hole": {"center": [1243, 1258], "diameter_circle": 1323, "brightness_factor": -0.27575890250192103, "rad_w": 817, "rad_h": 975, "sigma": 779.1999999999999}}, "blur": {"sigma": 13.694737516257632, "rad_w": 5, "rad_h": 5}}}