{"name": "0349.png", "type": "001", "params": {"illumination": {"color": {"brightness_factor": 0.7550441149114514, "contrast_factor": 1.0129655679500833, "saturation_factor": 1.2409440329465147}, "halo": {"num": 2, "center_a": [1383, 962], "dia_a": 2077.608581435871, "center_b": [1383, 962], "dia_b": 4898.160511718945}, "hole": {"center": [646, 901], "diameter_circle": 964, "brightness_factor": 0, "rad_w": 693, "rad_h": 657, "sigma": 553.5999999999999}}}}