{"name": "0351.png", "type": "001", "params": {"illumination": {"color": {"brightness_factor": 0.9217652719692375, "contrast_factor": 1.3520104895747576, "saturation_factor": 1.0480183195259614}, "halo": {"num": 1, "center_a": [1439, 1362], "dia_a": 2443.1739015445055, "center_b": [1439, 1362], "dia_b": 5954.7524200737835}, "hole": {"center": [1858, 1831], "diameter_circle": 2043, "brightness_factor": -0.28483060410475264, "rad_w": 1401, "rad_h": 1177, "sigma": 1119.9999999999998}}}}