{"name": "0351.png", "type": "101", "params": {"illumination": {"color": {"brightness_factor": 0.9380515175865666, "contrast_factor": 0.7431503607656879, "saturation_factor": 1.060594072006451}, "halo": {"num": 2, "center_a": [1441, 1735], "dia_a": 2904.183230379785, "center_b": [1441, 1735], "dia_b": 5543.508961561061}, "hole": {"center": [1854, 1137], "diameter_circle": 1441, "brightness_factor": -0.2818114339670872, "rad_w": 957, "rad_h": 811, "sigma": 764.7999999999998}}, "blur": {"sigma": 5.501056602089221, "rad_w": 1, "rad_h": 1}}}