{"name": "0352.png", "type": "001", "params": {"illumination": {"color": {"brightness_factor": 0.7211390056725006, "contrast_factor": 1.241298005780782, "saturation_factor": 0.8383210710140019}, "halo": {"num": 1, "center_a": [1555, 1245], "dia_a": 2516.276334850202, "center_b": [1555, 1245], "dia_b": 4707.12971535052}, "hole": {"center": [1146, 1178], "diameter_circle": 1879, "brightness_factor": -0.2827227714254977, "rad_w": 1395, "rad_h": 1241, "sigma": 1115.1999999999998}}}}