{"name": "0352.png", "type": "101", "params": {"illumination": {"color": {"brightness_factor": 1.1019979938789053, "contrast_factor": 1.307588828196496, "saturation_factor": 0.6703231559090739}, "halo": {"num": 1, "center_a": [1208, 1164], "dia_a": 2478.2886963747487, "center_b": [1208, 1164], "dia_b": 5551.281911275825}, "hole": {"center": [1821, 1357], "diameter_circle": 1367, "brightness_factor": -0.29377597385059195, "rad_w": 1009, "rad_h": 921, "sigma": 807.1999999999999}}, "blur": {"sigma": 5.405975960720727, "rad_w": 1, "rad_h": 1}}}