{"name": "0354.png", "type": "001", "params": {"illumination": {"color": {"brightness_factor": 1.1021617572092581, "contrast_factor": 1.1152971504242961, "saturation_factor": 0.7392986408618264}, "halo": {"num": 1, "center_a": [1951, 1650], "dia_a": 3056.7257473899926, "center_b": [1951, 1650], "dia_b": 6388.381720121569}, "hole": {"center": [1434, 1738], "diameter_circle": 1854, "brightness_factor": -0.29238665055336005, "rad_w": 1097, "rad_h": 1175, "sigma": 939.1999999999999}}}}