{"name": "0354.png", "type": "101", "params": {"illumination": {"color": {"brightness_factor": 1.0329134265952606, "contrast_factor": 1.2028686233567933, "saturation_factor": 0.9620778483797772}, "halo": {"num": 1, "center_a": [1813, 1586], "dia_a": 2894.0031270407735, "center_b": [1813, 1586], "dia_b": 6294.666453289494}, "hole": {"center": [2301, 1503], "diameter_circle": 2005, "brightness_factor": -0.2926161057159108, "rad_w": 1239, "rad_h": 1483, "sigma": 1185.6}}, "blur": {"sigma": 9.356802038112953, "rad_w": 5, "rad_h": 3}}}