{"name": "0363.png", "type": "101", "params": {"illumination": {"color": {"brightness_factor": 0.8816036570108255, "contrast_factor": 0.973487638607784, "saturation_factor": 0.7218148436929356}, "halo": {"num": 2, "center_a": [1720, 1849], "dia_a": 2917.448532354759, "center_b": [1720, 1849], "dia_b": 6171.791467429315}, "hole": {"center": [2387, 1861], "diameter_circle": 1914, "brightness_factor": -0.2870665701269619, "rad_w": 1385, "rad_h": 1109, "sigma": 1107.1999999999998}}, "blur": {"sigma": 14.19908279001951, "rad_w": 5, "rad_h": 7}}}