{"name": "0363.png", "type": "001", "params": {"illumination": {"color": {"brightness_factor": 0.7644003941449973, "contrast_factor": 0.8060915345894277, "saturation_factor": 1.0307973187787662}, "halo": {"num": 2, "center_a": [1669, 1665], "dia_a": 2933.324444717436, "center_b": [1669, 1665], "dia_b": 5299.525016662903}, "hole": {"center": [2146, 1696], "diameter_circle": 1517, "brightness_factor": -0.2799824535259281, "rad_w": 977, "rad_h": 1041, "sigma": 831.9999999999999}}}}