{"name": "0365.png", "type": "001", "params": {"illumination": {"color": {"brightness_factor": 0.9956371588385867, "contrast_factor": 0.8603959441973, "saturation_factor": 1.1267745043767814}, "halo": {"num": 2, "center_a": [631, 441], "dia_a": 828.8274546089604, "center_b": [631, 441], "dia_b": 1874.6252503431817}, "hole": {"center": [324, 434], "diameter_circle": 481, "brightness_factor": -0.2965501884465629, "rad_w": 319, "rad_h": 325, "sigma": 260.0}}}}