{"name": "0365.png", "type": "101", "params": {"illumination": {"color": {"brightness_factor": 1.0240575335442188, "contrast_factor": 0.8852438129947245, "saturation_factor": 0.6749821946456818}, "halo": {"num": 2, "center_a": [633, 646], "dia_a": 992.9516194770812, "center_b": [633, 646], "dia_b": 2379.966116253846}, "hole": {"center": [274, 517], "diameter_circle": 453, "brightness_factor": -0.2942996821591032, "rad_w": 315, "rad_h": 325, "sigma": 260.0}}, "blur": {"sigma": 10.899638135378428, "rad_w": 3, "rad_h": 5}}}