{"name": "0367.png", "type": "101", "params": {"illumination": {"color": {"brightness_factor": 0.8724810846149748, "contrast_factor": 1.076475898064394, "saturation_factor": 1.349234863471948}, "halo": {"num": 1, "center_a": [1553, 1395], "dia_a": 2741.236322647702, "center_b": [1553, 1395], "dia_b": 6644.852135985551}, "hole": {"center": [1615, 1818], "diameter_circle": 1466, "brightness_factor": -0.2817910823822482, "rad_w": 819, "rad_h": 833, "sigma": 666.3999999999999}}, "blur": {"sigma": 14.01010611468045, "rad_w": 5, "rad_h": 5}}}