{"name": "0367.png", "type": "001", "params": {"illumination": {"color": {"brightness_factor": 1.0176748907909265, "contrast_factor": 1.1128083415115926, "saturation_factor": 1.1294936291613027}, "halo": {"num": 2, "center_a": [1696, 1559], "dia_a": 2889.9854758831193, "center_b": [1696, 1559], "dia_b": 5986.0075935030545}, "hole": {"center": [1630, 1758], "diameter_circle": 2207, "brightness_factor": -0.28219007423097325, "rad_w": 1313, "rad_h": 1595, "sigma": 1275.9999999999998}}}}