{"name": "0368.png", "type": "001", "params": {"illumination": {"color": {"brightness_factor": 0.7831797236547406, "contrast_factor": 0.9333010204054152, "saturation_factor": 1.1289318499655987}, "halo": {"num": 1, "center_a": [1130, 1464], "dia_a": 2682.8316868587276, "center_b": [1130, 1464], "dia_b": 4895.680696275058}, "hole": {"center": [1879, 1759], "diameter_circle": 1513, "brightness_factor": -0.2869735794979121, "rad_w": 1025, "rad_h": 1079, "sigma": 862.4}}}}