{"name": "0368.png", "type": "101", "params": {"illumination": {"color": {"brightness_factor": 0.7787409328031069, "contrast_factor": 0.7834663479737658, "saturation_factor": 1.2212857568579767}, "halo": {"num": 2, "center_a": [1248, 1173], "dia_a": 2592.457333674978, "center_b": [1248, 1173], "dia_b": 4968.0610007833575}, "hole": {"center": [1477, 1148], "diameter_circle": 1539, "brightness_factor": -0.2847835604466129, "rad_w": 1119, "rad_h": 901, "sigma": 894.3999999999999}}, "blur": {"sigma": 5.210926941443455, "rad_w": 3, "rad_h": 3}}}