{"name": "0370.png", "type": "001", "params": {"illumination": {"color": {"brightness_factor": 1.0915048139447192, "contrast_factor": 0.8741337506150161, "saturation_factor": 1.1485864324665616}, "halo": {"num": 2, "center_a": [1297, 1462], "dia_a": 2687.754310955092, "center_b": [1297, 1462], "dia_b": 4845.306061683761}, "hole": {"center": [1397, 1705], "diameter_circle": 1251, "brightness_factor": -0.29560817037927545, "rad_w": 761, "rad_h": 851, "sigma": 679.9999999999999}}}}