{"name": "0370.png", "type": "101", "params": {"illumination": {"color": {"brightness_factor": 1.1775844585279418, "contrast_factor": 1.1693717861016488, "saturation_factor": 0.606185152707876}, "halo": {"num": 1, "center_a": [1438, 1336], "dia_a": 2971.269172520244, "center_b": [1438, 1336], "dia_b": 5133.346729711737}, "hole": {"center": [1256, 1710], "diameter_circle": 1880, "brightness_factor": -0.2953983657677041, "rad_w": 1309, "rad_h": 1255, "sigma": 1047.1999999999998}}, "blur": {"sigma": 12.922134702133128, "rad_w": 5, "rad_h": 5}}}