{"name": "0373.png", "type": "001", "params": {"illumination": {"color": {"brightness_factor": 1.0554183596103581, "contrast_factor": 1.3361674351473152, "saturation_factor": 1.2545552126979644}, "halo": {"num": 1, "center_a": [1986, 1976], "dia_a": 2854.057446917103, "center_b": [1986, 1976], "dia_b": 5813.445145071639}, "hole": {"center": [1059, 1478], "diameter_circle": 1449, "brightness_factor": -0.28728208728148985, "rad_w": 845, "rad_h": 833, "sigma": 675.9999999999999}}}}