{"name": "0373.png", "type": "101", "params": {"illumination": {"color": {"brightness_factor": 0.8781821151154052, "contrast_factor": 0.6685242976277789, "saturation_factor": 1.0833407071796188}, "halo": {"num": 1, "center_a": [1541, 1484], "dia_a": 2453.43556169832, "center_b": [1541, 1484], "dia_b": 4865.682919928691}, "hole": {"center": [2041, 1344], "diameter_circle": 1823, "brightness_factor": -0.287102253769454, "rad_w": 1143, "rad_h": 1145, "sigma": 915.9999999999999}}, "blur": {"sigma": 5.305778746526886, "rad_w": 1, "rad_h": 3}}}