{"name": "0377.png", "type": "101", "params": {"illumination": {"color": {"brightness_factor": 1.178238926567895, "contrast_factor": 1.193722471653675, "saturation_factor": 1.3730813409245866}, "halo": {"num": 2, "center_a": [1336, 1256], "dia_a": 2956.752427931851, "center_b": [1336, 1256], "dia_b": 5158.0399052667835}, "hole": {"center": [941, 1362], "diameter_circle": 1542, "brightness_factor": -0.3008332771808903, "rad_w": 1139, "rad_h": 989, "sigma": 910.4}}, "blur": {"sigma": 10.331699412176093, "rad_w": 5, "rad_h": 5}}}