{"name": "0377.png", "type": "001", "params": {"illumination": {"color": {"brightness_factor": 1.0768398293492276, "contrast_factor": 0.9595881244202926, "saturation_factor": 1.250963140912242}, "halo": {"num": 1, "center_a": [1774, 1959], "dia_a": 2776.44715836319, "center_b": [1774, 1959], "dia_b": 5326.060745364451}, "hole": {"center": [2132, 1563], "diameter_circle": 1477, "brightness_factor": -0.303490632236986, "rad_w": 1027, "rad_h": 917, "sigma": 820.8}}}}