{"name": "0379.png", "type": "001", "params": {"illumination": {"color": {"brightness_factor": 0.8786676856968563, "contrast_factor": 0.6156037210468188, "saturation_factor": 1.1524657278361323}, "halo": {"num": 2, "center_a": [1288, 1223], "dia_a": 1695.286698134272, "center_b": [1288, 1223], "dia_b": 3670.28960802587}, "hole": {"center": [881, 1026], "diameter_circle": 1435, "brightness_factor": -0.2846543823610472, "rad_w": 1045, "rad_h": 897, "sigma": 835.9999999999999}}}}