{"name": "0379.png", "type": "101", "params": {"illumination": {"color": {"brightness_factor": 1.169788397615115, "contrast_factor": 1.052551331513015, "saturation_factor": 1.2207133871045812}, "halo": {"num": 1, "center_a": [1086, 878], "dia_a": 2033.0119854430463, "center_b": [1086, 878], "dia_b": 3528.424726799997}, "hole": {"center": [1050, 1251], "diameter_circle": 1350, "brightness_factor": -0.29395767098315617, "rad_w": 963, "rad_h": 811, "sigma": 769.5999999999999}}, "blur": {"sigma": 5.4382472130340815, "rad_w": 3, "rad_h": 1}}}