{"name": "0380.png", "type": "001", "params": {"illumination": {"color": {"brightness_factor": 0.9587979126522447, "contrast_factor": 1.0036179452690217, "saturation_factor": 0.6874382602466123}, "halo": {"num": 1, "center_a": [1918, 1536], "dia_a": 2716.356679306189, "center_b": [1918, 1536], "dia_b": 5865.433144072072}, "hole": {"center": [2026, 1639], "diameter_circle": 1704, "brightness_factor": -0.31312416120180175, "rad_w": 1031, "rad_h": 1119, "sigma": 895.1999999999999}}}}