{"name": "0380.png", "type": "101", "params": {"illumination": {"color": {"brightness_factor": 0.7493755663120305, "contrast_factor": 1.2891931744879221, "saturation_factor": 1.293532352073472}, "halo": {"num": 1, "center_a": [1821, 1722], "dia_a": 3103.6612723757585, "center_b": [1821, 1722], "dia_b": 5971.3108056923165}, "hole": {"center": [2193, 1344], "diameter_circle": 1779, "brightness_factor": -0.2951051952694279, "rad_w": 1169, "rad_h": 1209, "sigma": 966.3999999999999}}, "blur": {"sigma": 11.610758756288437, "rad_w": 3, "rad_h": 5}}}