{"name": "0383.png", "type": "101", "params": {"illumination": {"color": {"brightness_factor": 1.0712629769650825, "contrast_factor": 0.97124216199898, "saturation_factor": 1.371082058850212}, "halo": {"num": 1, "center_a": [1751, 1511], "dia_a": 2691.223343177886, "center_b": [1751, 1511], "dia_b": 6271.910136482679}, "hole": {"center": [1334, 1812], "diameter_circle": 1755, "brightness_factor": -0.29163869912093515, "rad_w": 1267, "rad_h": 1047, "sigma": 1012.8}}, "blur": {"sigma": 7.587603962191577, "rad_w": 3, "rad_h": 3}}}