{"name": "0383.png", "type": "001", "params": {"illumination": {"color": {"brightness_factor": 0.9424924311985057, "contrast_factor": 1.1569004306597601, "saturation_factor": 0.8817771523828579}, "halo": {"num": 2, "center_a": [1481, 1810], "dia_a": 2617.4863539564612, "center_b": [1481, 1810], "dia_b": 5435.85121145502}, "hole": {"center": [1743, 1385], "diameter_circle": 1303, "brightness_factor": -0.2901952763194917, "rad_w": 789, "rad_h": 773, "sigma": 630.3999999999999}}}}