{"name": "0386.png", "type": "001", "params": {"illumination": {"color": {"brightness_factor": 0.8256493367180536, "contrast_factor": 1.0290012011242, "saturation_factor": 0.7003772657801616}, "halo": {"num": 2, "center_a": [1333, 1514], "dia_a": 2154.6489942325943, "center_b": [1333, 1514], "dia_b": 4313.34098419715}, "hole": {"center": [1737, 1567], "diameter_circle": 1856, "brightness_factor": -0.28696288990420915, "rad_w": 1081, "rad_h": 1225, "sigma": 979.1999999999999}}}}