{"name": "0386.png", "type": "101", "params": {"illumination": {"color": {"brightness_factor": 1.11491372956595, "contrast_factor": 1.3619264938483922, "saturation_factor": 1.124925422248419}, "halo": {"num": 1, "center_a": [1393, 1561], "dia_a": 2517.083558636408, "center_b": [1393, 1561], "dia_b": 5750.162275748666}, "hole": {"center": [1396, 1489], "diameter_circle": 1408, "brightness_factor": -0.294173988408407, "rad_w": 1019, "rad_h": 887, "sigma": 815.1999999999999}}, "blur": {"sigma": 9.743938606234085, "rad_w": 3, "rad_h": 3}}}