{"name": "0388.png", "type": "001", "params": {"illumination": {"color": {"brightness_factor": 0.861887375104678, "contrast_factor": 1.0880909707377349, "saturation_factor": 1.049165688533086}, "halo": {"num": 2, "center_a": [1408, 1408], "dia_a": 3041.377634008219, "center_b": [1408, 1408], "dia_b": 5550.278886134468}, "hole": {"center": [1950, 1213], "diameter_circle": 1702, "brightness_factor": -0.29225894523783835, "rad_w": 1159, "rad_h": 1233, "sigma": 986.4}}}}