{"name": "0390.png", "type": "101", "params": {"illumination": {"color": {"brightness_factor": 0.8999146596305387, "contrast_factor": 1.1785607890992655, "saturation_factor": 0.8314149520519487}, "halo": {"num": 2, "center_a": [1873, 1351], "dia_a": 2538.690922716181, "center_b": [1873, 1351], "dia_b": 6827.251780572357}, "hole": {"center": [1188, 1301], "diameter_circle": 1940, "brightness_factor": -0.29392269225335155, "rad_w": 1229, "rad_h": 1253, "sigma": 1001.5999999999999}}, "blur": {"sigma": 7.3060371642349375, "rad_w": 3, "rad_h": 3}}}