{"name": "0390.png", "type": "001", "params": {"illumination": {"color": {"brightness_factor": 0.8349707354048128, "contrast_factor": 0.7257672531773639, "saturation_factor": 1.0146516194783537}, "halo": {"num": 1, "center_a": [1824, 1581], "dia_a": 3139.431645975718, "center_b": [1824, 1581], "dia_b": 5361.176819788361}, "hole": {"center": [1758, 1465], "diameter_circle": 2196, "brightness_factor": -0.286289746570772, "rad_w": 1537, "rad_h": 1581, "sigma": 1263.9999999999998}}}}