{"name": "0391.png", "type": "001", "params": {"illumination": {"color": {"brightness_factor": 0.9254257078789118, "contrast_factor": 1.2627472250343663, "saturation_factor": 1.3884667818619878}, "halo": {"num": 1, "center_a": [1408, 2001], "dia_a": 3234.576999469957, "center_b": [1408, 2001], "dia_b": 6693.3052608590815}, "hole": {"center": [2168, 1665], "diameter_circle": 1842, "brightness_factor": -0.2987785388155298, "rad_w": 1313, "rad_h": 1105, "sigma": 1050.3999999999999}}}}