{"name": "0391.png", "type": "101", "params": {"illumination": {"color": {"brightness_factor": 1.011587904475053, "contrast_factor": 1.0959890707954574, "saturation_factor": 1.19763128095379}, "halo": {"num": 1, "center_a": [1311, 1858], "dia_a": 2741.8079588316864, "center_b": [1311, 1858], "dia_b": 6271.2274159726385}, "hole": {"center": [1755, 1783], "diameter_circle": 2070, "brightness_factor": -0.3112924710073856, "rad_w": 1147, "rad_h": 1457, "sigma": 1164.8}}, "blur": {"sigma": 14.770799049450105, "rad_w": 7, "rad_h": 7}}}