{"name": "0392.png", "type": "001", "params": {"illumination": {"color": {"brightness_factor": 0.8750611811686954, "contrast_factor": 0.6952036423325346, "saturation_factor": 1.1257672550282978}, "halo": {"num": 1, "center_a": [1676, 1458], "dia_a": 3057.307777132436, "center_b": [1676, 1458], "dia_b": 5465.435757006788}, "hole": {"center": [873, 1408], "diameter_circle": 1963, "brightness_factor": -0.28933993298236893, "rad_w": 1163, "rad_h": 1255, "sigma": 1003.1999999999999}}}}