{"name": "0392.png", "type": "101", "params": {"illumination": {"color": {"brightness_factor": 1.1702848248212239, "contrast_factor": 1.3591910324640355, "saturation_factor": 1.0697358819322527}, "halo": {"num": 1, "center_a": [1348, 1286], "dia_a": 2684.3871182552634, "center_b": [1348, 1286], "dia_b": 5163.108879718698}, "hole": {"center": [2131, 1457], "diameter_circle": 1725, "brightness_factor": -0.30278477413347815, "rad_w": 1257, "rad_h": 1033, "sigma": 1004.7999999999998}}, "blur": {"sigma": 11.884170140318984, "rad_w": 5, "rad_h": 5}}}