{"name": "0393.png", "type": "101", "params": {"illumination": {"color": {"brightness_factor": 0.9399275304916179, "contrast_factor": 1.1903008508345452, "saturation_factor": 0.6517397397037621}, "halo": {"num": 1, "center_a": [1495, 1746], "dia_a": 3252.330941177139, "center_b": [1495, 1746], "dia_b": 6392.478483367472}, "hole": {"center": [2388, 1527], "diameter_circle": 1546, "brightness_factor": -0.28669516703682213, "rad_w": 865, "rad_h": 1047, "sigma": 836.7999999999998}}, "blur": {"sigma": 10.129037723682806, "rad_w": 3, "rad_h": 5}}}