{"name": "0393.png", "type": "001", "params": {"illumination": {"color": {"brightness_factor": 1.1715034039289425, "contrast_factor": 1.2104560457324212, "saturation_factor": 1.0285427337846798}, "halo": {"num": 1, "center_a": [2186, 2091], "dia_a": 2929.273482955205, "center_b": [2186, 2091], "dia_b": 7734.496425916566}, "hole": {"center": [1864, 2029], "diameter_circle": 1435, "brightness_factor": -0.2938068466409273, "rad_w": 1061, "rad_h": 859, "sigma": 848.7999999999998}}}}