{"name": "0394.png", "type": "001", "params": {"illumination": {"color": {"brightness_factor": 0.7286267347958644, "contrast_factor": 1.1350311541264215, "saturation_factor": 0.8017124014603166}, "halo": {"num": 2, "center_a": [1334, 1351], "dia_a": 2740.6324298951904, "center_b": [1334, 1351], "dia_b": 5464.646970814414}, "hole": {"center": [2194, 1484], "diameter_circle": 1957, "brightness_factor": -0.28645693848592063, "rad_w": 1121, "rad_h": 1413, "sigma": 1129.6}}}}