{"name": "0394.png", "type": "101", "params": {"illumination": {"color": {"brightness_factor": 1.1108015405135772, "contrast_factor": 1.2505564578821045, "saturation_factor": 1.063308431693875}, "halo": {"num": 2, "center_a": [1252, 1508], "dia_a": 2556.87757151824, "center_b": [1252, 1508], "dia_b": 5418.902992846843}, "hole": {"center": [1997, 1247], "diameter_circle": 1508, "brightness_factor": -0.30008753717050834, "rad_w": 881, "rad_h": 1121, "sigma": 895.9999999999999}}, "blur": {"sigma": 9.964340645118275, "rad_w": 5, "rad_h": 3}}}