{"name": "0395.png", "type": "101", "params": {"illumination": {"color": {"brightness_factor": 1.0925692643420162, "contrast_factor": 0.8081678048402126, "saturation_factor": 1.2682871913579667}, "halo": {"num": 1, "center_a": [1937, 1387], "dia_a": 2892.7805308532857, "center_b": [1937, 1387], "dia_b": 7175.266627820411}, "hole": {"center": [2373, 1829], "diameter_circle": 1408, "brightness_factor": -0.29013841998986545, "rad_w": 965, "rad_h": 911, "sigma": 771.1999999999999}}, "blur": {"sigma": 14.383897373202192, "rad_w": 5, "rad_h": 7}}}