{"name": "0395.png", "type": "001", "params": {"illumination": {"color": {"brightness_factor": 0.9021216829261565, "contrast_factor": 0.8381255797844037, "saturation_factor": 1.1792683456606212}, "halo": {"num": 2, "center_a": [1250, 1551], "dia_a": 2597.9870714911735, "center_b": [1250, 1551], "dia_b": 5556.304231324906}, "hole": {"center": [1510, 1672], "diameter_circle": 1299, "brightness_factor": -0.28723374041824257, "rad_w": 779, "rad_h": 873, "sigma": 697.5999999999999}}}}