{"name": "0397.png", "type": "001", "params": {"illumination": {"color": {"brightness_factor": 0.9335699768348397, "contrast_factor": 1.3862470071867892, "saturation_factor": 1.0792113409146125}, "halo": {"num": 2, "center_a": [1184, 1063], "dia_a": 2211.8344505680484, "center_b": [1184, 1063], "dia_b": 4208.107807360519}, "hole": {"center": [661, 888], "diameter_circle": 931, "brightness_factor": -0.28599277049530036, "rad_w": 543, "rad_h": 641, "sigma": 512.8}}}}