{"name": "0397.png", "type": "101", "params": {"illumination": {"color": {"brightness_factor": 0.785042743447834, "contrast_factor": 1.3012670847459464, "saturation_factor": 1.1406290241296868}, "halo": {"num": 1, "center_a": [1233, 1261], "dia_a": 1782.5641078548804, "center_b": [1233, 1261], "dia_b": 4049.6252822203787}, "hole": {"center": [1362, 1065], "diameter_circle": 1102, "brightness_factor": -0.2878232259130411, "rad_w": 799, "rad_h": 631, "sigma": 638.4}}, "blur": {"sigma": 6.2821875682432395, "rad_w": 3, "rad_h": 3}}}