{"name": "0401.png", "type": "001", "params": {"illumination": {"color": {"brightness_factor": 0.9918651690287592, "contrast_factor": 1.2431151291968456, "saturation_factor": 1.3497279608239097}, "halo": {"num": 1, "center_a": [621, 412], "dia_a": 994.8002431043624, "center_b": [621, 412], "dia_b": 2262.776890578619}, "hole": {"center": [553, 564], "diameter_circle": 431, "brightness_factor": -0.2949582335045296, "rad_w": 311, "rad_h": 305, "sigma": 247.99999999999997}}}}