{"name": "0401.png", "type": "101", "params": {"illumination": {"color": {"brightness_factor": 1.1716007092040757, "contrast_factor": 1.1063138629665676, "saturation_factor": 0.9100304805724843}, "halo": {"num": 1, "center_a": [581, 577], "dia_a": 1044.6285640201613, "center_b": [581, 577], "dia_b": 1772.4942825055075}, "hole": {"center": [359, 406], "diameter_circle": 627, "brightness_factor": -0.29420952681250895, "rad_w": 361, "rad_h": 361, "sigma": 288.79999999999995}}, "blur": {"sigma": 13.089980391454072, "rad_w": 5, "rad_h": 5}}}