{"name": "0403.png", "type": "001", "params": {"illumination": {"color": {"brightness_factor": 1.1416226535945957, "contrast_factor": 1.2220941184912493, "saturation_factor": 1.1111717178405192}, "halo": {"num": 1, "center_a": [1358, 1805], "dia_a": 2339.128161321127, "center_b": [1358, 1805], "dia_b": 6578.141229393871}, "hole": {"center": [1593, 1561], "diameter_circle": 1579, "brightness_factor": -0.30002655745735224, "rad_w": 1081, "rad_h": 903, "sigma": 864.0}}}}