{"name": "0403.png", "type": "101", "params": {"illumination": {"color": {"brightness_factor": 1.1407744401500735, "contrast_factor": 1.3200462055160342, "saturation_factor": 1.2770137404555004}, "halo": {"num": 2, "center_a": [1736, 1219], "dia_a": 2290.200968278163, "center_b": [1736, 1219], "dia_b": 4986.0213275043025}, "hole": {"center": [1198, 1518], "diameter_circle": 1469, "brightness_factor": -0.29824260684323983, "rad_w": 889, "rad_h": 955, "sigma": 763.9999999999999}}, "blur": {"sigma": 11.207016537218315, "rad_w": 5, "rad_h": 3}}}