{"name": "0404.png", "type": "001", "params": {"illumination": {"color": {"brightness_factor": 1.1192292563767086, "contrast_factor": 1.3284147958682413, "saturation_factor": 0.9437232978786998}, "halo": {"num": 1, "center_a": [1154, 1231], "dia_a": 1735.0959332636482, "center_b": [1154, 1231], "dia_b": 3761.609117666429}, "hole": {"center": [1525, 1267], "diameter_circle": 1265, "brightness_factor": -0.2891980345088084, "rad_w": 733, "rad_h": 927, "sigma": 741.6}}}}