{"name": "0404.png", "type": "101", "params": {"illumination": {"color": {"brightness_factor": 1.1439070052000626, "contrast_factor": 0.7290622407080811, "saturation_factor": 1.195617331900935}, "halo": {"num": 2, "center_a": [1239, 863], "dia_a": 1711.119538200872, "center_b": [1239, 863], "dia_b": 3316.911677109356}, "hole": {"center": [829, 829], "diameter_circle": 1100, "brightness_factor": -0.28794829369053465, "rad_w": 761, "rad_h": 725, "sigma": 607.9999999999999}}, "blur": {"sigma": 11.177038491231311, "rad_w": 3, "rad_h": 5}}}