{"name": "0406.png", "type": "101", "params": {"illumination": {"color": {"brightness_factor": 0.8839478356561576, "contrast_factor": 0.8802994802197935, "saturation_factor": 1.043598297985401}, "halo": {"num": 1, "center_a": [1303, 1290], "dia_a": 2117.426782943128, "center_b": [1303, 1290], "dia_b": 4422.748151270378}, "hole": {"center": [1139, 1136], "diameter_circle": 1137, "brightness_factor": -0.2777260568367479, "rad_w": 733, "rad_h": 773, "sigma": 617.5999999999999}}, "blur": {"sigma": 8.045037701751232, "rad_w": 5, "rad_h": 5}}}