{"name": "0406.png", "type": "001", "params": {"illumination": {"color": {"brightness_factor": 1.1609511561406887, "contrast_factor": 1.288743503830361, "saturation_factor": 0.806553374764342}, "halo": {"num": 1, "center_a": [1352, 1411], "dia_a": 2248.3615867250423, "center_b": [1352, 1411], "dia_b": 5001.844127263949}, "hole": {"center": [1265, 1445], "diameter_circle": 1681, "brightness_factor": -0.28361311700164665, "rad_w": 1249, "rad_h": 1053, "sigma": 999.1999999999999}}}}