{"name": "0407.png", "type": "101", "params": {"illumination": {"color": {"brightness_factor": 0.8314468838737783, "contrast_factor": 0.7936372305645205, "saturation_factor": 0.8127720132855586}, "halo": {"num": 2, "center_a": [1438, 1537], "dia_a": 2907.7089734712026, "center_b": [1438, 1537], "dia_b": 5783.177988990045}, "hole": {"center": [2037, 1250], "diameter_circle": 1293, "brightness_factor": -0.29484104707586245, "rad_w": 777, "rad_h": 759, "sigma": 620.7999999999998}}, "blur": {"sigma": 14.690246074207476, "rad_w": 5, "rad_h": 7}}}