{"name": "0407.png", "type": "001", "params": {"illumination": {"color": {"brightness_factor": 0.8341200675115629, "contrast_factor": 1.350165552931896, "saturation_factor": 0.9138944155777882}, "halo": {"num": 1, "center_a": [1519, 1235], "dia_a": 2924.836110091965, "center_b": [1519, 1235], "dia_b": 4553.654388069661}, "hole": {"center": [1489, 1430], "diameter_circle": 1258, "brightness_factor": -0.2946323930564175, "rad_w": 767, "rad_h": 907, "sigma": 725.5999999999999}}}}