{"name": "0409.png", "type": "101", "params": {"illumination": {"color": {"brightness_factor": 0.789617898259685, "contrast_factor": 1.2315389237985128, "saturation_factor": 0.8957547717299315}, "halo": {"num": 1, "center_a": [942, 1304], "dia_a": 2025.1420219757742, "center_b": [942, 1304], "dia_b": 4290.981591484102}, "hole": {"center": [635, 810], "diameter_circle": 1353, "brightness_factor": -0.277842106430577, "rad_w": 873, "rad_h": 779, "sigma": 698.4}}, "blur": {"sigma": 13.877516404954477, "rad_w": 5, "rad_h": 5}}}