{"name": "0409.png", "type": "001", "params": {"illumination": {"color": {"brightness_factor": 1.110045188235994, "contrast_factor": 0.8534285110683523, "saturation_factor": 0.9537406625676383}, "halo": {"num": 1, "center_a": [1045, 1139], "dia_a": 1708.7244936148616, "center_b": [1045, 1139], "dia_b": 3340.634653878501}, "hole": {"center": [836, 1017], "diameter_circle": 1099, "brightness_factor": -0.28560269817707135, "rad_w": 761, "rad_h": 649, "sigma": 607.9999999999999}}}}