{"name": "0410.png", "type": "001", "params": {"illumination": {"color": {"brightness_factor": 0.9248943280115932, "contrast_factor": 0.6983652113121497, "saturation_factor": 1.2222602529508353}, "halo": {"num": 1, "center_a": [1815, 1538], "dia_a": 2986.6593892676483, "center_b": [1815, 1538], "dia_b": 6473.784857344284}, "hole": {"center": [2160, 1603], "diameter_circle": 2104, "brightness_factor": -0.2868591997085963, "rad_w": 1205, "rad_h": 1395, "sigma": 1115.1999999999998}}}}