{"name": "0410.png", "type": "101", "params": {"illumination": {"color": {"brightness_factor": 1.1210330185357682, "contrast_factor": 0.8156697228526997, "saturation_factor": 1.2740569942524358}, "halo": {"num": 1, "center_a": [1414, 1833], "dia_a": 2845.029175764854, "center_b": [1414, 1833], "dia_b": 5171.0389603247}, "hole": {"center": [1786, 1626], "diameter_circle": 1401, "brightness_factor": -0.29602378986400707, "rad_w": 789, "rad_h": 975, "sigma": 780.0}}, "blur": {"sigma": 10.184179882775236, "rad_w": 5, "rad_h": 3}}}