{"name": "0412.png", "type": "001", "params": {"illumination": {"color": {"brightness_factor": 0.7789483086526978, "contrast_factor": 1.1004772910351228, "saturation_factor": 0.6903509437728556}, "halo": {"num": 2, "center_a": [1944, 1304], "dia_a": 2700.0741477904726, "center_b": [1944, 1304], "dia_b": 6682.749771666223}, "hole": {"center": [1569, 2011], "diameter_circle": 1516, "brightness_factor": -0.290465246616502, "rad_w": 1125, "rad_h": 943, "sigma": 899.1999999999999}}}}