{"name": "0412.png", "type": "101", "params": {"illumination": {"color": {"brightness_factor": 0.709379891938873, "contrast_factor": 1.0613811998309868, "saturation_factor": 1.3399269040710229}, "halo": {"num": 2, "center_a": [1519, 1506], "dia_a": 2632.6690798613095, "center_b": [1519, 1506], "dia_b": 5017.1635942905505}, "hole": {"center": [981, 1328], "diameter_circle": 1838, "brightness_factor": -0.28301822377113145, "rad_w": 1231, "rad_h": 1271, "sigma": 1016.7999999999998}}, "blur": {"sigma": 9.818881475586025, "rad_w": 5, "rad_h": 5}}}