{"name": "0414.png", "type": "101", "params": {"illumination": {"color": {"brightness_factor": 1.0921207501000512, "contrast_factor": 1.3169173876401725, "saturation_factor": 0.8369764467885644}, "halo": {"num": 2, "center_a": [1061, 1508], "dia_a": 2332.4911687845565, "center_b": [1061, 1508], "dia_b": 5987.639213239533}, "hole": {"center": [1507, 1495], "diameter_circle": 1454, "brightness_factor": -0.2884536295219458, "rad_w": 895, "rad_h": 957, "sigma": 765.6}}, "blur": {"sigma": 5.3976147892005955, "rad_w": 3, "rad_h": 3}}}