{"name": "0414.png", "type": "001", "params": {"illumination": {"color": {"brightness_factor": 0.9627146292287143, "contrast_factor": 0.9085636736130065, "saturation_factor": 1.2088977688196056}, "halo": {"num": 2, "center_a": [1411, 1537], "dia_a": 2787.2505294359808, "center_b": [1411, 1537], "dia_b": 5554.1997517673535}, "hole": {"center": [753, 1146], "diameter_circle": 1408, "brightness_factor": -0.2833669499598955, "rad_w": 887, "rad_h": 779, "sigma": 709.5999999999999}}}}