{"name": "0416.png", "type": "101", "params": {"illumination": {"color": {"brightness_factor": 0.833856175998875, "contrast_factor": 0.9575885058098961, "saturation_factor": 1.3039090492235452}, "halo": {"num": 1, "center_a": [868, 1301], "dia_a": 1707.1771164083323, "center_b": [868, 1301], "dia_b": 4207.103570405015}, "hole": {"center": [933, 1119], "diameter_circle": 1374, "brightness_factor": -0.28060688069653966, "rad_w": 921, "rad_h": 937, "sigma": 749.5999999999999}}, "blur": {"sigma": 7.754982799924902, "rad_w": 3, "rad_h": 3}}}