{"name": "0416.png", "type": "001", "params": {"illumination": {"color": {"brightness_factor": 1.0483805751649307, "contrast_factor": 0.8313900615763348, "saturation_factor": 1.3263244263662979}, "halo": {"num": 1, "center_a": [887, 1098], "dia_a": 1999.2504040040358, "center_b": [887, 1098], "dia_b": 3967.0783161897566}, "hole": {"center": [1292, 1085], "diameter_circle": 857, "brightness_factor": -0.2855325875077284, "rad_w": 481, "rad_h": 501, "sigma": 399.99999999999994}}}}