{"name": "0417.png", "type": "001", "params": {"illumination": {"color": {"brightness_factor": 0.9582387592755619, "contrast_factor": 0.9232817207370898, "saturation_factor": 1.0222776645635692}, "halo": {"num": 1, "center_a": [1798, 1244], "dia_a": 2702.3942464772394, "center_b": [1798, 1244], "dia_b": 5672.319115551466}, "hole": {"center": [1734, 1102], "diameter_circle": 1615, "brightness_factor": -0.2992074928154533, "rad_w": 1083, "rad_h": 1057, "sigma": 866.4}}}}