{"name": "0417.png", "type": "101", "params": {"illumination": {"color": {"brightness_factor": 1.0792297123598023, "contrast_factor": 0.7339783783768131, "saturation_factor": 0.9935542259529917}, "halo": {"num": 1, "center_a": [1553, 1772], "dia_a": 2499.176728618096, "center_b": [1553, 1772], "dia_b": 6055.70290736344}, "hole": {"center": [1909, 1781], "diameter_circle": 1964, "brightness_factor": -0.30804395668487367, "rad_w": 1173, "rad_h": 1341, "sigma": 1072.8}}, "blur": {"sigma": 12.700809158565107, "rad_w": 7, "rad_h": 5}}}