{"name": "0418.png", "type": "001", "params": {"illumination": {"color": {"brightness_factor": 0.7598957101271979, "contrast_factor": 1.1575510947622556, "saturation_factor": 0.9709651589264211}, "halo": {"num": 2, "center_a": [602, 412], "dia_a": 882.6318319946078, "center_b": [602, 412], "dia_b": 2299.4011318843495}, "hole": {"center": [338, 651], "diameter_circle": 439, "brightness_factor": -0.2888779399639412, "rad_w": 321, "rad_h": 281, "sigma": 255.99999999999997}}}}