{"name": "0418.png", "type": "101", "params": {"illumination": {"color": {"brightness_factor": 0.8225898045620154, "contrast_factor": 1.122477592827075, "saturation_factor": 1.3519589489517245}, "halo": {"num": 1, "center_a": [482, 580], "dia_a": 1041.6042411524709, "center_b": [482, 580], "dia_b": 2082.7925367809976}, "hole": {"center": [394, 578], "diameter_circle": 527, "brightness_factor": -0.28887203818107793, "rad_w": 361, "rad_h": 349, "sigma": 288.79999999999995}}, "blur": {"sigma": 12.926099685791236, "rad_w": 5, "rad_h": 7}}}