{"name": "0419.png", "type": "101", "params": {"illumination": {"color": {"brightness_factor": 0.8449229468117567, "contrast_factor": 0.769148911214225, "saturation_factor": 0.8197469547915472}, "halo": {"num": 2, "center_a": [835, 866], "dia_a": 1831.8091587180613, "center_b": [835, 866], "dia_b": 3390.6251662947943}, "hole": {"center": [1296, 779], "diameter_circle": 967, "brightness_factor": -0.282861307850665, "rad_w": 613, "rad_h": 597, "sigma": 490.3999999999999}}, "blur": {"sigma": 7.00105461375543, "rad_w": 3, "rad_h": 3}}}