{"name": "0419.png", "type": "001", "params": {"illumination": {"color": {"brightness_factor": 1.073816960500226, "contrast_factor": 1.1383948686950354, "saturation_factor": 0.6578927408359451}, "halo": {"num": 1, "center_a": [1175, 1180], "dia_a": 1821.1940173096923, "center_b": [1175, 1180], "dia_b": 3426.1154872896786}, "hole": {"center": [1229, 868], "diameter_circle": 1271, "brightness_factor": -0.29254073992144725, "rad_w": 725, "rad_h": 715, "sigma": 579.1999999999999}}}}