{"name": "0420.png", "type": "001", "params": {"illumination": {"color": {"brightness_factor": 0.9481907606458042, "contrast_factor": 1.3021402757714864, "saturation_factor": 0.6025798081469675}, "halo": {"num": 2, "center_a": [1050, 908], "dia_a": 2019.9789343955777, "center_b": [1050, 908], "dia_b": 3559.0648621258174}, "hole": {"center": [658, 1166], "diameter_circle": 1372, "brightness_factor": -0.28156049809707007, "rad_w": 897, "rad_h": 851, "sigma": 716.7999999999998}}}}