{"name": "0420.png", "type": "101", "params": {"illumination": {"color": {"brightness_factor": 0.7886878635297179, "contrast_factor": 0.6212332443290604, "saturation_factor": 0.8371342730808432}, "halo": {"num": 2, "center_a": [1198, 973], "dia_a": 1849.904871450821, "center_b": [1198, 973], "dia_b": 3762.4709282321865}, "hole": {"center": [1149, 1066], "diameter_circle": 1122, "brightness_factor": -0.27825991104267644, "rad_w": 701, "rad_h": 703, "sigma": 561.6}}, "blur": {"sigma": 13.438775524536775, "rad_w": 7, "rad_h": 5}}}