{"name": "0421.png", "type": "001", "params": {"illumination": {"color": {"brightness_factor": 0.7041765041312493, "contrast_factor": 1.0923740391117103, "saturation_factor": 1.0233568111707483}, "halo": {"num": 2, "center_a": [1298, 1044], "dia_a": 1919.045252867496, "center_b": [1298, 1044], "dia_b": 4595.415289799009}, "hole": {"center": [546, 1099], "diameter_circle": 905, "brightness_factor": 0, "rad_w": 529, "rad_h": 589, "sigma": 471.19999999999993}}}}