{"name": "0421.png", "type": "101", "params": {"illumination": {"color": {"brightness_factor": 0.924766702095239, "contrast_factor": 0.8242415087139499, "saturation_factor": 0.8743624261740126}, "halo": {"num": 1, "center_a": [921, 799], "dia_a": 1969.8546182097637, "center_b": [921, 799], "dia_b": 4234.159443932244}, "hole": {"center": [1427, 911], "diameter_circle": 1225, "brightness_factor": 0, "rad_w": 837, "rad_h": 787, "sigma": 669.6}}, "blur": {"sigma": 11.569221218053457, "rad_w": 3, "rad_h": 5}}}