{"name": "0422.png", "type": "101", "params": {"illumination": {"color": {"brightness_factor": 0.7114635653398946, "contrast_factor": 1.247704143664086, "saturation_factor": 0.735987232127111}, "halo": {"num": 1, "center_a": [1572, 1384], "dia_a": 2298.2202123905354, "center_b": [1572, 1384], "dia_b": 4917.957293031974}, "hole": {"center": [1242, 1168], "diameter_circle": 1402, "brightness_factor": -0.28572634934870106, "rad_w": 949, "rad_h": 849, "sigma": 758.4}}, "blur": {"sigma": 12.239009977826338, "rad_w": 5, "rad_h": 5}}}