{"name": "0422.png", "type": "001", "params": {"illumination": {"color": {"brightness_factor": 0.9743070161375598, "contrast_factor": 1.3661313797357182, "saturation_factor": 1.1477428022673495}, "halo": {"num": 2, "center_a": [1462, 1434], "dia_a": 2447.8944199288703, "center_b": [1462, 1434], "dia_b": 4694.156627242233}, "hole": {"center": [1962, 1549], "diameter_circle": 1378, "brightness_factor": -0.28987181949646024, "rad_w": 949, "rad_h": 885, "sigma": 758.4}}}}