{"name": "0423.png", "type": "101", "params": {"illumination": {"color": {"brightness_factor": 0.8795678449567921, "contrast_factor": 0.6221309429969246, "saturation_factor": 1.0250850527259026}, "halo": {"num": 2, "center_a": [1874, 1345], "dia_a": 3225.5645944495527, "center_b": [1874, 1345], "dia_b": 6713.782963953844}, "hole": {"center": [1127, 1924], "diameter_circle": 1367, "brightness_factor": -0.28545908497918226, "rad_w": 911, "rad_h": 791, "sigma": 727.9999999999999}}, "blur": {"sigma": 14.695089264463387, "rad_w": 7, "rad_h": 5}}}