{"name": "0423.png", "type": "001", "params": {"illumination": {"color": {"brightness_factor": 0.7360450245726863, "contrast_factor": 1.2090182334737776, "saturation_factor": 0.6577016077357257}, "halo": {"num": 2, "center_a": [1352, 1805], "dia_a": 3099.1177644852746, "center_b": [1352, 1805], "dia_b": 5565.339152264296}, "hole": {"center": [2265, 1465], "diameter_circle": 1416, "brightness_factor": -0.2844967656064402, "rad_w": 799, "rad_h": 893, "sigma": 713.5999999999999}}}}