{"name": "0424.png", "type": "001", "params": {"illumination": {"color": {"brightness_factor": 0.7028302946566051, "contrast_factor": 1.3060662910891059, "saturation_factor": 0.8568300671440561}, "halo": {"num": 1, "center_a": [1351, 1143], "dia_a": 2679.0580416384537, "center_b": [1351, 1143], "dia_b": 5539.493065810171}, "hole": {"center": [1491, 1496], "diameter_circle": 1892, "brightness_factor": -0.2806646566491245, "rad_w": 1235, "rad_h": 1347, "sigma": 1076.8}}}}