{"name": "0424.png", "type": "101", "params": {"illumination": {"color": {"brightness_factor": 0.9388260903872365, "contrast_factor": 0.6721689752159982, "saturation_factor": 0.8124921776567974}, "halo": {"num": 1, "center_a": [1462, 1848], "dia_a": 2613.4164557702534, "center_b": [1462, 1848], "dia_b": 5723.955649779704}, "hole": {"center": [1460, 1548], "diameter_circle": 2078, "brightness_factor": -0.28544852172376173, "rad_w": 1539, "rad_h": 1147, "sigma": 1230.3999999999999}}, "blur": {"sigma": 5.833392032475462, "rad_w": 3, "rad_h": 1}}}