{"name": "0428.png", "type": "001", "params": {"illumination": {"color": {"brightness_factor": 1.1053215375328083, "contrast_factor": 1.2843067151230805, "saturation_factor": 1.3341336222969742}, "halo": {"num": 2, "center_a": [1604, 1230], "dia_a": 2750.0529180596136, "center_b": [1604, 1230], "dia_b": 6399.51310957558}, "hole": {"center": [1659, 1979], "diameter_circle": 1548, "brightness_factor": -0.29596692180658346, "rad_w": 949, "rad_h": 1033, "sigma": 826.4}}}}