{"name": "0428.png", "type": "101", "params": {"illumination": {"color": {"brightness_factor": 0.7205799258449422, "contrast_factor": 1.0690903265738019, "saturation_factor": 0.9510391518265094}, "halo": {"num": 1, "center_a": [1461, 1299], "dia_a": 3204.662421007397, "center_b": [1461, 1299], "dia_b": 6262.888735154906}, "hole": {"center": [1156, 1622], "diameter_circle": 1786, "brightness_factor": -0.28084815706839733, "rad_w": 1327, "rad_h": 1219, "sigma": 1061.6}}, "blur": {"sigma": 11.22292880653014, "rad_w": 5, "rad_h": 5}}}