{"name": "0429.png", "type": "001", "params": {"illumination": {"color": {"brightness_factor": 0.9357846820726963, "contrast_factor": 0.9010954720155673, "saturation_factor": 0.7659002482543378}, "halo": {"num": 2, "center_a": [1657, 1874], "dia_a": 2784.423774824013, "center_b": [1657, 1874], "dia_b": 6174.558767696603}, "hole": {"center": [1303, 1682], "diameter_circle": 1911, "brightness_factor": -0.28658831718942995, "rad_w": 1059, "rad_h": 1387, "sigma": 1109.6}}}}