{"name": "0429.png", "type": "101", "params": {"illumination": {"color": {"brightness_factor": 0.9227359000925983, "contrast_factor": 1.3600700681094215, "saturation_factor": 1.0067456777755817}, "halo": {"num": 2, "center_a": [1456, 1959], "dia_a": 3069.564678446595, "center_b": [1456, 1959], "dia_b": 6512.876026632563}, "hole": {"center": [1632, 1315], "diameter_circle": 1773, "brightness_factor": -0.29049221636419675, "rad_w": 1165, "rad_h": 1249, "sigma": 999.1999999999999}}, "blur": {"sigma": 11.993528469347172, "rad_w": 5, "rad_h": 3}}}