{"name": "0430.png", "type": "101", "params": {"illumination": {"color": {"brightness_factor": 0.7168566975644453, "contrast_factor": 1.2968235801435397, "saturation_factor": 0.9011696806938911}, "halo": {"num": 2, "center_a": [1249, 1547], "dia_a": 2820.4194005838426, "center_b": [1249, 1547], "dia_b": 4916.893018481656}, "hole": {"center": [849, 1732], "diameter_circle": 1761, "brightness_factor": 0, "rad_w": 1309, "rad_h": 1037, "sigma": 1047.1999999999998}}, "blur": {"sigma": 7.155316035336574, "rad_w": 3, "rad_h": 3}}}