{"name": "0430.png", "type": "001", "params": {"illumination": {"color": {"brightness_factor": 0.9154596472873053, "contrast_factor": 1.3110013858767526, "saturation_factor": 1.130114971838768}, "halo": {"num": 1, "center_a": [1547, 1260], "dia_a": 2369.9777437714574, "center_b": [1547, 1260], "dia_b": 5143.482508873927}, "hole": {"center": [783, 1815], "diameter_circle": 1562, "brightness_factor": -0.2799751902216407, "rad_w": 961, "rad_h": 963, "sigma": 769.5999999999999}}}}