{"name": "0431.png", "type": "101", "params": {"illumination": {"color": {"brightness_factor": 0.7619747705637541, "contrast_factor": 0.7074560341303949, "saturation_factor": 0.8587766533399581}, "halo": {"num": 2, "center_a": [1968, 1835], "dia_a": 3064.0028984649016, "center_b": [1968, 1835], "dia_b": 6243.7524386279165}, "hole": {"center": [1772, 1777], "diameter_circle": 1579, "brightness_factor": -0.2840972895204225, "rad_w": 1001, "rad_h": 979, "sigma": 799.9999999999999}}, "blur": {"sigma": 9.595986798147901, "rad_w": 5, "rad_h": 5}}}