{"name": "0431.png", "type": "001", "params": {"illumination": {"color": {"brightness_factor": 0.7707238656477265, "contrast_factor": 1.056298960576088, "saturation_factor": 0.9925778257529023}, "halo": {"num": 1, "center_a": [1338, 1798], "dia_a": 2676.475862025635, "center_b": [1338, 1798], "dia_b": 5376.377275258175}, "hole": {"center": [1967, 1512], "diameter_circle": 2166, "brightness_factor": -0.2873566191691746, "rad_w": 1299, "rad_h": 1521, "sigma": 1215.9999999999998}}}}