{"name": "0433.png", "type": "001", "params": {"illumination": {"color": {"brightness_factor": 0.9582145638780086, "contrast_factor": 0.7388112281230379, "saturation_factor": 1.330715657616497}, "halo": {"num": 2, "center_a": [1039, 1145], "dia_a": 1838.4175130390963, "center_b": [1039, 1145], "dia_b": 3602.6887586865446}, "hole": {"center": [1307, 1066], "diameter_circle": 1344, "brightness_factor": -0.2808384879744293, "rad_w": 951, "rad_h": 845, "sigma": 759.9999999999999}}}}