{"name": "0434.png", "type": "001", "params": {"illumination": {"color": {"brightness_factor": 0.9105040616414404, "contrast_factor": 1.3738336640744415, "saturation_factor": 1.2827355637362388}, "halo": {"num": 2, "center_a": [1813, 1485], "dia_a": 2341.4961092194403, "center_b": [1813, 1485], "dia_b": 5295.184925055854}, "hole": {"center": [1308, 1546], "diameter_circle": 2043, "brightness_factor": -0.27867990826205086, "rad_w": 1249, "rad_h": 1385, "sigma": 1107.1999999999998}}}}