{"name": "0434.png", "type": "101", "params": {"illumination": {"color": {"brightness_factor": 1.169534148275108, "contrast_factor": 1.3908321657821752, "saturation_factor": 0.6046310902311142}, "halo": {"num": 1, "center_a": [1304, 1603], "dia_a": 2589.9837801520735, "center_b": [1304, 1603], "dia_b": 5803.97014561161}, "hole": {"center": [1549, 1493], "diameter_circle": 1658, "brightness_factor": -0.2865582339257993, "rad_w": 1049, "rad_h": 1011, "sigma": 839.1999999999999}}, "blur": {"sigma": 5.324941932957461, "rad_w": 3, "rad_h": 1}}}