{"name": "0437.png", "type": "101", "params": {"illumination": {"color": {"brightness_factor": 0.9904072151301659, "contrast_factor": 0.7183050731125081, "saturation_factor": 1.0842602909817283}, "halo": {"num": 2, "center_a": [1602, 1793], "dia_a": 3209.3528635264374, "center_b": [1602, 1793], "dia_b": 5973.059091548627}, "hole": {"center": [1681, 1746], "diameter_circle": 1491, "brightness_factor": -0.28372117186434903, "rad_w": 859, "rad_h": 845, "sigma": 687.1999999999999}}, "blur": {"sigma": 9.087909770458172, "rad_w": 5, "rad_h": 5}}}