{"name": "0437.png", "type": "001", "params": {"illumination": {"color": {"brightness_factor": 0.9036921205261845, "contrast_factor": 1.334553628215234, "saturation_factor": 0.9449623737479518}, "halo": {"num": 1, "center_a": [1495, 1798], "dia_a": 2417.1515942985084, "center_b": [1495, 1798], "dia_b": 6523.83728667535}, "hole": {"center": [1017, 1510], "diameter_circle": 1945, "brightness_factor": -0.2879335321785849, "rad_w": 1403, "rad_h": 1099, "sigma": 1121.6}}}}