{"name": "0439.png", "type": "001", "params": {"illumination": {"color": {"brightness_factor": 0.979360612807405, "contrast_factor": 0.671562040135758, "saturation_factor": 1.3940771541496522}, "halo": {"num": 1, "center_a": [1418, 1246], "dia_a": 2512.860859716478, "center_b": [1418, 1246], "dia_b": 5875.894826284519}, "hole": {"center": [1311, 1432], "diameter_circle": 1294, "brightness_factor": -0.2987250056369463, "rad_w": 785, "rad_h": 865, "sigma": 691.9999999999999}}}}