{"name": "0439.png", "type": "101", "params": {"illumination": {"color": {"brightness_factor": 1.1302408386647766, "contrast_factor": 0.8450103108988762, "saturation_factor": 1.154764558851949}, "halo": {"num": 1, "center_a": [1507, 1745], "dia_a": 2891.8185235802816, "center_b": [1507, 1745], "dia_b": 5107.305412658377}, "hole": {"center": [1605, 1710], "diameter_circle": 1512, "brightness_factor": -0.29939696493200885, "rad_w": 1037, "rad_h": 997, "sigma": 828.8}}, "blur": {"sigma": 13.467008400611828, "rad_w": 5, "rad_h": 7}}}