{"name": "0445.png", "type": "101", "params": {"illumination": {"color": {"brightness_factor": 0.991085165179898, "contrast_factor": 1.298590722576149, "saturation_factor": 1.3468992768717025}, "halo": {"num": 1, "center_a": [875, 968], "dia_a": 2002.0265476011127, "center_b": [875, 968], "dia_b": 4229.934128081661}, "hole": {"center": [1198, 1071], "diameter_circle": 1495, "brightness_factor": -0.2782243232140232, "rad_w": 907, "rad_h": 1017, "sigma": 813.6}}, "blur": {"sigma": 14.205867916337583, "rad_w": 5, "rad_h": 7}}}