{"name": "0445.png", "type": "001", "params": {"illumination": {"color": {"brightness_factor": 0.80948412385324, "contrast_factor": 0.6831777852169099, "saturation_factor": 1.182267096681659}, "halo": {"num": 2, "center_a": [1204, 902], "dia_a": 2024.4972316870171, "center_b": [1204, 902], "dia_b": 4063.0631355345}, "hole": {"center": [1473, 976], "diameter_circle": 1417, "brightness_factor": 0, "rad_w": 891, "rad_h": 1025, "sigma": 819.9999999999999}}}}