{"name": "0447.png", "type": "101", "params": {"illumination": {"color": {"brightness_factor": 1.0264961010584783, "contrast_factor": 0.7206426082684586, "saturation_factor": 1.177005633798284}, "halo": {"num": 2, "center_a": [1170, 934], "dia_a": 1597.4951156335635, "center_b": [1170, 934], "dia_b": 3331.4438036475967}, "hole": {"center": [1086, 1174], "diameter_circle": 895, "brightness_factor": -0.2805198520461704, "rad_w": 575, "rad_h": 495, "sigma": 459.99999999999994}}, "blur": {"sigma": 8.230363090606422, "rad_w": 5, "rad_h": 5}}}