{"name": "0447.png", "type": "001", "params": {"illumination": {"color": {"brightness_factor": 0.7051519391932565, "contrast_factor": 1.3294150301698289, "saturation_factor": 1.0912348394076028}, "halo": {"num": 2, "center_a": [1248, 786], "dia_a": 1571.8122608865733, "center_b": [1248, 786], "dia_b": 3693.7474992101347}, "hole": {"center": [738, 1116], "diameter_circle": 843, "brightness_factor": -0.27693896511035243, "rad_w": 475, "rad_h": 553, "sigma": 441.59999999999997}}}}