{"name": "0448.png", "type": "001", "params": {"illumination": {"color": {"brightness_factor": 1.1686253944723073, "contrast_factor": 1.1217186043714036, "saturation_factor": 0.8988426417262899}, "halo": {"num": 2, "center_a": [1145, 963], "dia_a": 1816.26744407254, "center_b": [1145, 963], "dia_b": 4208.863059905956}, "hole": {"center": [887, 1175], "diameter_circle": 1236, "brightness_factor": -0.2905524282327307, "rad_w": 819, "rad_h": 791, "sigma": 654.3999999999999}}}}