{"name": "0448.png", "type": "101", "params": {"illumination": {"color": {"brightness_factor": 0.8391328567583787, "contrast_factor": 1.0804787883586557, "saturation_factor": 0.6616513586177896}, "halo": {"num": 2, "center_a": [1245, 1207], "dia_a": 1873.0924602754267, "center_b": [1245, 1207], "dia_b": 3843.6889019259443}, "hole": {"center": [1043, 1128], "diameter_circle": 1350, "brightness_factor": -0.28115378227701243, "rad_w": 941, "rad_h": 883, "sigma": 751.9999999999999}}, "blur": {"sigma": 13.264709637850789, "rad_w": 5, "rad_h": 5}}}