{"name": "0451.png", "type": "001", "params": {"illumination": {"color": {"brightness_factor": 0.7635760630886879, "contrast_factor": 0.8882556290206107, "saturation_factor": 1.275926067602425}, "halo": {"num": 1, "center_a": [1549, 1443], "dia_a": 3056.6198393062496, "center_b": [1549, 1443], "dia_b": 5356.03491462706}, "hole": {"center": [2154, 1349], "diameter_circle": 1629, "brightness_factor": -0.284013175282994, "rad_w": 985, "rad_h": 923, "sigma": 787.9999999999999}}}}