{"name": "0451.png", "type": "101", "params": {"illumination": {"color": {"brightness_factor": 0.8228530276048699, "contrast_factor": 1.127188652684364, "saturation_factor": 1.3677974170395437}, "halo": {"num": 1, "center_a": [1657, 1301], "dia_a": 2442.5797472736263, "center_b": [1657, 1301], "dia_b": 5494.743447550707}, "hole": {"center": [1715, 1471], "diameter_circle": 1896, "brightness_factor": -0.2916457157173498, "rad_w": 1187, "rad_h": 1097, "sigma": 948.8}}, "blur": {"sigma": 10.087148892536078, "rad_w": 3, "rad_h": 5}}}