{"name": "0452.png", "type": "101", "params": {"illumination": {"color": {"brightness_factor": 0.7471166942553755, "contrast_factor": 1.132115084658047, "saturation_factor": 1.2525647043301487}, "halo": {"num": 1, "center_a": [1051, 1187], "dia_a": 1933.3813177653217, "center_b": [1051, 1187], "dia_b": 3610.0479026263843}, "hole": {"center": [1490, 1030], "diameter_circle": 1315, "brightness_factor": -0.28019856331969195, "rad_w": 871, "rad_h": 953, "sigma": 761.5999999999999}}, "blur": {"sigma": 14.19038003825418, "rad_w": 7, "rad_h": 7}}}