{"name": "0452.png", "type": "001", "params": {"illumination": {"color": {"brightness_factor": 1.124174625885884, "contrast_factor": 1.241548046292176, "saturation_factor": 1.106818000240056}, "halo": {"num": 2, "center_a": [958, 888], "dia_a": 1646.4703885447686, "center_b": [958, 888], "dia_b": 3773.4204707653653}, "hole": {"center": [1546, 940], "diameter_circle": 1419, "brightness_factor": -0.2916350136267858, "rad_w": 901, "rad_h": 937, "sigma": 749.5999999999999}}}}