{"name": "0453.png", "type": "001", "params": {"illumination": {"color": {"brightness_factor": 0.8765547282443149, "contrast_factor": 0.8736147817082527, "saturation_factor": 0.9258369791458568}, "halo": {"num": 1, "center_a": [1392, 1517], "dia_a": 2778.635861342781, "center_b": [1392, 1517], "dia_b": 4771.1124909139235}, "hole": {"center": [1971, 1539], "diameter_circle": 2066, "brightness_factor": -0.28982125039512063, "rad_w": 1331, "rad_h": 1315, "sigma": 1064.0}}}}