{"name": "0453.png", "type": "101", "params": {"illumination": {"color": {"brightness_factor": 1.1795172476145812, "contrast_factor": 1.1038481301437657, "saturation_factor": 0.6197307122711675}, "halo": {"num": 1, "center_a": [1579, 1964], "dia_a": 3015.021155309433, "center_b": [1579, 1964], "dia_b": 6669.0099686702}, "hole": {"center": [1161, 1270], "diameter_circle": 1977, "brightness_factor": -0.2978156041189384, "rad_w": 1321, "rad_h": 1267, "sigma": 1056.8}}, "blur": {"sigma": 5.117208748885741, "rad_w": 3, "rad_h": 1}}}