{"name": "0457.png", "type": "001", "params": {"illumination": {"color": {"brightness_factor": 1.0389641562502487, "contrast_factor": 1.200150390684438, "saturation_factor": 0.7400688889769973}, "halo": {"num": 2, "center_a": [1025, 962], "dia_a": 1914.0278386017558, "center_b": [1025, 962], "dia_b": 4439.317970975675}, "hole": {"center": [1272, 979], "diameter_circle": 1103, "brightness_factor": -0.28478625966239945, "rad_w": 795, "rad_h": 607, "sigma": 635.1999999999999}}}}