{"name": "0457.png", "type": "101", "params": {"illumination": {"color": {"brightness_factor": 0.7320034571895321, "contrast_factor": 1.16513625752604, "saturation_factor": 1.3379876919669815}, "halo": {"num": 1, "center_a": [1244, 1500], "dia_a": 2122.9488484779204, "center_b": [1244, 1500], "dia_b": 4644.244698109808}, "hole": {"center": [1376, 1247], "diameter_circle": 1302, "brightness_factor": -0.2782449402313368, "rad_w": 745, "rad_h": 783, "sigma": 625.5999999999999}}, "blur": {"sigma": 14.423643776902004, "rad_w": 7, "rad_h": 5}}}