{"name": "0460.png", "type": "001", "params": {"illumination": {"color": {"brightness_factor": 1.1380942079486833, "contrast_factor": 1.2563857191182308, "saturation_factor": 0.8466364019868244}, "halo": {"num": 1, "center_a": [1633, 1500], "dia_a": 2304.5265927222435, "center_b": [1633, 1500], "dia_b": 5847.707629482601}, "hole": {"center": [1404, 1193], "diameter_circle": 1549, "brightness_factor": -0.29701906128172023, "rad_w": 1083, "rad_h": 945, "sigma": 865.5999999999999}}}}