{"name": "0460.png", "type": "101", "params": {"illumination": {"color": {"brightness_factor": 1.0723523449795653, "contrast_factor": 0.9181639296303437, "saturation_factor": 1.0025084762272958}, "halo": {"num": 1, "center_a": [1688, 1191], "dia_a": 2545.7896488935503, "center_b": [1688, 1191], "dia_b": 6200.298917228817}, "hole": {"center": [1315, 1347], "diameter_circle": 1323, "brightness_factor": -0.29269344039140477, "rad_w": 871, "rad_h": 925, "sigma": 739.9999999999999}}, "blur": {"sigma": 11.895454266658879, "rad_w": 5, "rad_h": 3}}}