{"name": "0462.png", "type": "101", "params": {"illumination": {"color": {"brightness_factor": 0.9230676595514622, "contrast_factor": 0.6852711739155167, "saturation_factor": 0.8309821670944231}, "halo": {"num": 2, "center_a": [781, 957], "dia_a": 1643.735901197963, "center_b": [781, 957], "dia_b": 3169.17085709902}, "hole": {"center": [1083, 797], "diameter_circle": 1291, "brightness_factor": -0.2757800749232202, "rad_w": 899, "rad_h": 891, "sigma": 719.1999999999999}}, "blur": {"sigma": 14.582692734003725, "rad_w": 5, "rad_h": 5}}}