{"name": "0462.png", "type": "001", "params": {"illumination": {"color": {"brightness_factor": 1.1532828430284465, "contrast_factor": 1.0656206852543157, "saturation_factor": 0.90971873918927}, "halo": {"num": 1, "center_a": [1129, 915], "dia_a": 1566.8975053312342, "center_b": [1129, 915], "dia_b": 3160.2668863850117}, "hole": {"center": [826, 765], "diameter_circle": 1235, "brightness_factor": -0.2825933767104301, "rad_w": 913, "rad_h": 885, "sigma": 729.6}}}}