{"name": "0466.png", "type": "001", "params": {"illumination": {"color": {"brightness_factor": 1.0536724073004773, "contrast_factor": 1.3207113702531081, "saturation_factor": 0.7480869666096446}, "halo": {"num": 1, "center_a": [1393, 1233], "dia_a": 2561.2807750576644, "center_b": [1393, 1233], "dia_b": 6134.261084535409}, "hole": {"center": [2190, 2007], "diameter_circle": 2183, "brightness_factor": -0.2969031576583619, "rad_w": 1373, "rad_h": 1589, "sigma": 1271.1999999999998}}}}