{"name": "0466.png", "type": "101", "params": {"illumination": {"color": {"brightness_factor": 0.7761677809238456, "contrast_factor": 0.7459580024286838, "saturation_factor": 0.6161387548406126}, "halo": {"num": 2, "center_a": [2018, 1934], "dia_a": 2959.013318173824, "center_b": [2018, 1934], "dia_b": 7522.421404727317}, "hole": {"center": [1459, 1924], "diameter_circle": 2255, "brightness_factor": -0.2824343815392022, "rad_w": 1691, "rad_h": 1259, "sigma": 1352.8}}, "blur": {"sigma": 5.039655909699822, "rad_w": 1, "rad_h": 1}}}