{"name": "0468.png", "type": "001", "params": {"illumination": {"color": {"brightness_factor": 0.7926418428519633, "contrast_factor": 1.2456390451630555, "saturation_factor": 0.637802890222878}, "halo": {"num": 2, "center_a": [965, 1280], "dia_a": 1665.9708244957808, "center_b": [965, 1280], "dia_b": 3934.005048173611}, "hole": {"center": [1359, 1165], "diameter_circle": 1339, "brightness_factor": -0.27886450812889296, "rad_w": 951, "rad_h": 903, "sigma": 759.9999999999999}}}}