{"name": "0468.png", "type": "101", "params": {"illumination": {"color": {"brightness_factor": 0.9345519997531981, "contrast_factor": 1.194045367576545, "saturation_factor": 1.3877963456483897}, "halo": {"num": 2, "center_a": [1181, 1146], "dia_a": 1599.977733885713, "center_b": [1181, 1146], "dia_b": 4042.3816749191346}, "hole": {"center": [581, 1242], "diameter_circle": 1020, "brightness_factor": -0.28343123399811065, "rad_w": 609, "rad_h": 697, "sigma": 557.5999999999999}}, "blur": {"sigma": 7.195618043294201, "rad_w": 3, "rad_h": 3}}}