{"name": "0469.png", "type": "001", "params": {"illumination": {"color": {"brightness_factor": 0.8542671304404825, "contrast_factor": 0.9202634170129994, "saturation_factor": 0.8788380006997838}, "halo": {"num": 1, "center_a": [1344, 1313], "dia_a": 2379.628189168949, "center_b": [1344, 1313], "dia_b": 4614.199321571161}, "hole": {"center": [1818, 1085], "diameter_circle": 1664, "brightness_factor": -0.28525238773284733, "rad_w": 981, "rad_h": 933, "sigma": 783.9999999999999}}}}