{"name": "0469.png", "type": "101", "params": {"illumination": {"color": {"brightness_factor": 0.8461332345039825, "contrast_factor": 1.2035109410613343, "saturation_factor": 1.2520187040824398}, "halo": {"num": 1, "center_a": [1291, 1286], "dia_a": 2240.6071327466575, "center_b": [1291, 1286], "dia_b": 4262.130402594556}, "hole": {"center": [1001, 1481], "diameter_circle": 1215, "brightness_factor": -0.28946287941710225, "rad_w": 765, "rad_h": 775, "sigma": 619.1999999999999}}, "blur": {"sigma": 6.0673057432074895, "rad_w": 3, "rad_h": 3}}}