{"name": "0471.png", "type": "101", "params": {"illumination": {"color": {"brightness_factor": 1.1526580386027452, "contrast_factor": 0.9836254832464465, "saturation_factor": 1.3863432930997208}, "halo": {"num": 1, "center_a": [1815, 1909], "dia_a": 2562.452845391302, "center_b": [1815, 1909], "dia_b": 6252.807471322496}, "hole": {"center": [1187, 1447], "diameter_circle": 1598, "brightness_factor": -0.29933984236007083, "rad_w": 951, "rad_h": 883, "sigma": 759.9999999999999}}, "blur": {"sigma": 11.685023287184649, "rad_w": 3, "rad_h": 3}}}