{"name": "0471.png", "type": "001", "params": {"illumination": {"color": {"brightness_factor": 1.1704785176753731, "contrast_factor": 1.3928079773902917, "saturation_factor": 1.2144033698822514}, "halo": {"num": 1, "center_a": [1365, 1438], "dia_a": 2698.3903192573403, "center_b": [1365, 1438], "dia_b": 5772.251308309113}, "hole": {"center": [2084, 1567], "diameter_circle": 1715, "brightness_factor": -0.30119652000160146, "rad_w": 1073, "rad_h": 1211, "sigma": 968.7999999999998}}}}