{"name": "0476.png", "type": "001", "params": {"illumination": {"color": {"brightness_factor": 1.014675899101944, "contrast_factor": 0.9567121535037809, "saturation_factor": 0.9524670570713252}, "halo": {"num": 2, "center_a": [1422, 1506], "dia_a": 2255.526195285243, "center_b": [1422, 1506], "dia_b": 5171.866011682749}, "hole": {"center": [1957, 1343], "diameter_circle": 1273, "brightness_factor": -0.2948313114900688, "rad_w": 799, "rad_h": 813, "sigma": 650.4}}}}