{"name": "0476.png", "type": "101", "params": {"illumination": {"color": {"brightness_factor": 1.1438023829947936, "contrast_factor": 1.3240461224298423, "saturation_factor": 0.6313637962558111}, "halo": {"num": 1, "center_a": [1137, 1369], "dia_a": 2412.35791898881, "center_b": [1137, 1369], "dia_b": 5585.111643795927}, "hole": {"center": [886, 1565], "diameter_circle": 1795, "brightness_factor": -0.2985651400438038, "rad_w": 1065, "rad_h": 1269, "sigma": 1015.1999999999999}}, "blur": {"sigma": 14.681218784386198, "rad_w": 5, "rad_h": 7}}}