{"name": "0478.png", "type": "001", "params": {"illumination": {"color": {"brightness_factor": 0.8640237231582977, "contrast_factor": 1.1392442630162547, "saturation_factor": 0.7300989942351923}, "halo": {"num": 2, "center_a": [1509, 1544], "dia_a": 2504.7155225731276, "center_b": [1509, 1544], "dia_b": 5447.058519525656}, "hole": {"center": [1568, 1705], "diameter_circle": 1612, "brightness_factor": -0.28458286301448393, "rad_w": 907, "rad_h": 1137, "sigma": 909.6}}}}