{"name": "0478.png", "type": "101", "params": {"illumination": {"color": {"brightness_factor": 0.765249203092486, "contrast_factor": 0.9391431132598467, "saturation_factor": 1.3972330254747078}, "halo": {"num": 2, "center_a": [1466, 1444], "dia_a": 2511.748668979172, "center_b": [1466, 1444], "dia_b": 5583.386736959058}, "hole": {"center": [1507, 1265], "diameter_circle": 1609, "brightness_factor": -0.2806846013279525, "rad_w": 1161, "rad_h": 981, "sigma": 928.8}}, "blur": {"sigma": 6.003337416303839, "rad_w": 3, "rad_h": 3}}}