{"name": "0483.png", "type": "001", "params": {"illumination": {"color": {"brightness_factor": 1.1027446440220896, "contrast_factor": 0.6039654774969114, "saturation_factor": 1.0681859193891763}, "halo": {"num": 2, "center_a": [583, 636], "dia_a": 976.4757865227997, "center_b": [583, 636], "dia_b": 1881.7230068400359}, "hole": {"center": [467, 442], "diameter_circle": 541, "brightness_factor": -0.2914934012090947, "rad_w": 331, "rad_h": 309, "sigma": 264.0}}}}