{"name": "0483.png", "type": "101", "params": {"illumination": {"color": {"brightness_factor": 1.1385428911765412, "contrast_factor": 0.9178537724475111, "saturation_factor": 1.350885444582668}, "halo": {"num": 1, "center_a": [450, 452], "dia_a": 859.0585276260742, "center_b": [450, 452], "dia_b": 1851.5033813136433}, "hole": {"center": [628, 552], "diameter_circle": 710, "brightness_factor": -0.297036146821601, "rad_w": 487, "rad_h": 457, "sigma": 389.59999999999997}}, "blur": {"sigma": 6.899078580939804, "rad_w": 3, "rad_h": 3}}}