{"name": "0489.png", "type": "001", "params": {"illumination": {"color": {"brightness_factor": 1.1432396931539248, "contrast_factor": 1.0794212318198064, "saturation_factor": 0.6093465435904669}, "halo": {"num": 2, "center_a": [1579, 1498], "dia_a": 2945.2286230335403, "center_b": [1579, 1498], "dia_b": 5312.451835776401}, "hole": {"center": [1748, 1387], "diameter_circle": 1654, "brightness_factor": -0.2994682058186727, "rad_w": 1093, "rad_h": 1227, "sigma": 981.5999999999999}}}}