{"name": "0489.png", "type": "101", "params": {"illumination": {"color": {"brightness_factor": 1.0458708035754403, "contrast_factor": 1.1329484585670802, "saturation_factor": 1.354080913015858}, "halo": {"num": 1, "center_a": [1621, 1593], "dia_a": 2393.2530226690883, "center_b": [1621, 1593], "dia_b": 5898.728175451811}, "hole": {"center": [2312, 1340], "diameter_circle": 2220, "brightness_factor": -0.2947948384348499, "rad_w": 1419, "rad_h": 1513, "sigma": 1209.6}}, "blur": {"sigma": 10.833140503595192, "rad_w": 3, "rad_h": 3}}}