{"name": "0494.png", "type": "001", "params": {"illumination": {"color": {"brightness_factor": 0.8963437001846354, "contrast_factor": 0.9883763575288503, "saturation_factor": 1.2517011695533355}, "halo": {"num": 2, "center_a": [1720, 1334], "dia_a": 2681.879859823813, "center_b": [1720, 1334], "dia_b": 5832.168750767223}, "hole": {"center": [1301, 1584], "diameter_circle": 1975, "brightness_factor": -0.28445723968449893, "rad_w": 1087, "rad_h": 1465, "sigma": 1172.0}}}}