{"name": "0494.png", "type": "101", "params": {"illumination": {"color": {"brightness_factor": 0.7253040742370608, "contrast_factor": 0.7078391390342184, "saturation_factor": 0.7352072622660639}, "halo": {"num": 1, "center_a": [1365, 1210], "dia_a": 2285.198629073675, "center_b": [1365, 1210], "dia_b": 4767.24953310649}, "hole": {"center": [847, 1719], "diameter_circle": 1757, "brightness_factor": -0.28292920185759196, "rad_w": 1027, "rad_h": 1087, "sigma": 869.5999999999999}}, "blur": {"sigma": 5.477796433673551, "rad_w": 3, "rad_h": 3}}}