{"name": "0499.png", "type": "001", "params": {"illumination": {"color": {"brightness_factor": 0.7184848838792786, "contrast_factor": 1.2569550886183243, "saturation_factor": 0.7739371911331453}, "halo": {"num": 2, "center_a": [1172, 794], "dia_a": 1742.4662262122035, "center_b": [1172, 794], "dia_b": 3946.419309650613}, "hole": {"center": [1186, 1123], "diameter_circle": 905, "brightness_factor": 0, "rad_w": 523, "rad_h": 617, "sigma": 493.59999999999997}}}}