{"name": "0499.png", "type": "101", "params": {"illumination": {"color": {"brightness_factor": 1.0096694448806391, "contrast_factor": 0.7385630732894212, "saturation_factor": 1.3581684175997175}, "halo": {"num": 1, "center_a": [881, 876], "dia_a": 1712.675338954038, "center_b": [881, 876], "dia_b": 3172.0854018127125}, "hole": {"center": [1400, 1213], "diameter_circle": 901, "brightness_factor": -0.27864310161484235, "rad_w": 553, "rad_h": 601, "sigma": 480.79999999999995}}, "blur": {"sigma": 10.297753032188616, "rad_w": 3, "rad_h": 3}}}