{"name": "0500.png", "type": "001", "params": {"illumination": {"color": {"brightness_factor": 1.081103827174987, "contrast_factor": 0.8088687240180815, "saturation_factor": 1.1989338877165838}, "halo": {"num": 2, "center_a": [1319, 1658], "dia_a": 2719.909765872245, "center_b": [1319, 1658], "dia_b": 6067.620112583685}, "hole": {"center": [1448, 1627], "diameter_circle": 1579, "brightness_factor": -0.29455544725103927, "rad_w": 1099, "rad_h": 945, "sigma": 878.4}}}}