{"name": "0500.png", "type": "101", "params": {"illumination": {"color": {"brightness_factor": 0.905762578282332, "contrast_factor": 1.0270904132159488, "saturation_factor": 1.1202224231331637}, "halo": {"num": 1, "center_a": [1706, 1180], "dia_a": 2419.6467471419105, "center_b": [1706, 1180], "dia_b": 6128.281687552875}, "hole": {"center": [1877, 1220], "diameter_circle": 1901, "brightness_factor": -0.29108463483495467, "rad_w": 1123, "rad_h": 1357, "sigma": 1084.8}}, "blur": {"sigma": 9.732161639209306, "rad_w": 3, "rad_h": 5}}}