{"name": "0501.png", "type": "001", "params": {"illumination": {"color": {"brightness_factor": 0.8688734184957083, "contrast_factor": 0.6794422034238963, "saturation_factor": 0.9383895240403166}, "halo": {"num": 2, "center_a": [1518, 1384], "dia_a": 2293.047639516006, "center_b": [1518, 1384], "dia_b": 5228.010196185278}, "hole": {"center": [1094, 1103], "diameter_circle": 1576, "brightness_factor": -0.2796720346825691, "rad_w": 977, "rad_h": 1143, "sigma": 913.5999999999999}}}}