{"name": "0501.png", "type": "101", "params": {"illumination": {"color": {"brightness_factor": 1.1315301665254631, "contrast_factor": 1.3426848245905685, "saturation_factor": 1.0934586701913473}, "halo": {"num": 2, "center_a": [1092, 1551], "dia_a": 2486.148288575811, "center_b": [1092, 1551], "dia_b": 5431.532928017738}, "hole": {"center": [943, 1329], "diameter_circle": 1433, "brightness_factor": -0.2846630244275356, "rad_w": 879, "rad_h": 925, "sigma": 739.9999999999999}}, "blur": {"sigma": 7.895461040454777, "rad_w": 3, "rad_h": 3}}}