{"name": "0505.png", "type": "101", "params": {"illumination": {"color": {"brightness_factor": 0.9606937907760964, "contrast_factor": 0.7268577996098484, "saturation_factor": 0.62793196183079}, "halo": {"num": 2, "center_a": [1786, 1746], "dia_a": 2950.1305100297077, "center_b": [1786, 1746], "dia_b": 5015.034841871605}, "hole": {"center": [1285, 1958], "diameter_circle": 2005, "brightness_factor": -0.29297970062399636, "rad_w": 1273, "rad_h": 1123, "sigma": 1018.3999999999999}}, "blur": {"sigma": 14.021779213941874, "rad_w": 7, "rad_h": 7}}}