{"name": "0505.png", "type": "001", "params": {"illumination": {"color": {"brightness_factor": 0.7378128598415572, "contrast_factor": 1.379042950674244, "saturation_factor": 0.6605601059557641}, "halo": {"num": 2, "center_a": [1212, 1416], "dia_a": 2823.917021716742, "center_b": [1212, 1416], "dia_b": 6094.558021302863}, "hole": {"center": [2053, 1910], "diameter_circle": 1909, "brightness_factor": -0.28903771429630576, "rad_w": 1309, "rad_h": 1139, "sigma": 1046.3999999999999}}}}