{"name": "0507.png", "type": "001", "params": {"illumination": {"color": {"brightness_factor": 0.8296298052027354, "contrast_factor": 0.6451464766335168, "saturation_factor": 1.0252508466696237}, "halo": {"num": 2, "center_a": [1685, 1379], "dia_a": 3000.7345973133406, "center_b": [1685, 1379], "dia_b": 5649.0642971298}, "hole": {"center": [1726, 1770], "diameter_circle": 2199, "brightness_factor": -0.2784594766877627, "rad_w": 1295, "rad_h": 1213, "sigma": 1035.9999999999998}}}}