{"name": "0507.png", "type": "101", "params": {"illumination": {"color": {"brightness_factor": 1.0190728556325075, "contrast_factor": 0.9141936082229422, "saturation_factor": 1.3483012032013924}, "halo": {"num": 2, "center_a": [1442, 1437], "dia_a": 2839.0554580100797, "center_b": [1442, 1437], "dia_b": 5187.651224853372}, "hole": {"center": [1091, 1815], "diameter_circle": 1711, "brightness_factor": -0.283105583536358, "rad_w": 1205, "rad_h": 1163, "sigma": 963.1999999999999}}, "blur": {"sigma": 9.195503102335897, "rad_w": 3, "rad_h": 3}}}