{"name": "0508.png", "type": "001", "params": {"illumination": {"color": {"brightness_factor": 0.9609416105778807, "contrast_factor": 1.0778871375519032, "saturation_factor": 0.9131802923719387}, "halo": {"num": 2, "center_a": [2053, 1754], "dia_a": 3272.684239716588, "center_b": [2053, 1754], "dia_b": 7138.204785430944}, "hole": {"center": [1963, 1711], "diameter_circle": 1691, "brightness_factor": -0.2891265628555495, "rad_w": 983, "rad_h": 957, "sigma": 785.5999999999999}}}}