{"name": "0508.png", "type": "101", "params": {"illumination": {"color": {"brightness_factor": 0.962369572924594, "contrast_factor": 0.6525343695840807, "saturation_factor": 1.021412820999374}, "halo": {"num": 2, "center_a": [1377, 2133], "dia_a": 2862.38655611463, "center_b": [1377, 2133], "dia_b": 7060.610925135432}, "hole": {"center": [2158, 2057], "diameter_circle": 1936, "brightness_factor": -0.2911954178645874, "rad_w": 1375, "rad_h": 1329, "sigma": 1100.0}}, "blur": {"sigma": 14.292472793357188, "rad_w": 7, "rad_h": 7}}}