{"name": "0510.png", "type": "001", "params": {"illumination": {"color": {"brightness_factor": 0.8479302556555641, "contrast_factor": 1.3813256652797052, "saturation_factor": 1.2087439619955755}, "halo": {"num": 2, "center_a": [1087, 717], "dia_a": 1406.847685853728, "center_b": [1087, 717], "dia_b": 3576.518273042184}, "hole": {"center": [1231, 1093], "diameter_circle": 1250, "brightness_factor": -0.2780757941413488, "rad_w": 769, "rad_h": 875, "sigma": 699.1999999999999}}}}