{"name": "0510.png", "type": "101", "params": {"illumination": {"color": {"brightness_factor": 0.9255829245349214, "contrast_factor": 1.1638903335104076, "saturation_factor": 1.2098672905057761}, "halo": {"num": 1, "center_a": [870, 970], "dia_a": 1578.6006064195797, "center_b": [870, 970], "dia_b": 2953.8775287746903}, "hole": {"center": [757, 939], "diameter_circle": 746, "brightness_factor": -0.27876283846909045, "rad_w": 559, "rad_h": 485, "sigma": 447.19999999999993}}, "blur": {"sigma": 7.755764802873854, "rad_w": 3, "rad_h": 3}}}