{"name": "0511.png", "type": "101", "params": {"illumination": {"color": {"brightness_factor": 1.1650808347531312, "contrast_factor": 1.0861488011052307, "saturation_factor": 0.7865423221601894}, "halo": {"num": 1, "center_a": [1313, 1537], "dia_a": 2916.3350613119264, "center_b": [1313, 1537], "dia_b": 4518.208564337432}, "hole": {"center": [2138, 1336], "diameter_circle": 1363, "brightness_factor": -0.2891820721870298, "rad_w": 809, "rad_h": 767, "sigma": 646.4}}, "blur": {"sigma": 13.341350955792082, "rad_w": 5, "rad_h": 7}}}