{"name": "0511.png", "type": "001", "params": {"illumination": {"color": {"brightness_factor": 1.140749075741503, "contrast_factor": 1.0729590023797495, "saturation_factor": 0.8080720100463263}, "halo": {"num": 1, "center_a": [1228, 1453], "dia_a": 2405.9206873234048, "center_b": [1228, 1453], "dia_b": 5678.531838083769}, "hole": {"center": [1922, 1604], "diameter_circle": 1463, "brightness_factor": -0.295098869410154, "rad_w": 887, "rad_h": 1083, "sigma": 866.4}}}}