{"name": "0512.png", "type": "101", "params": {"illumination": {"color": {"brightness_factor": 0.9324153873406329, "contrast_factor": 1.122251879542688, "saturation_factor": 0.7498646425136908}, "halo": {"num": 1, "center_a": [854, 1202], "dia_a": 2188.8966107874658, "center_b": [854, 1202], "dia_b": 3750.1238112740334}, "hole": {"center": [1461, 1224], "diameter_circle": 1119, "brightness_factor": -0.277402217399014, "rad_w": 621, "rad_h": 791, "sigma": 631.9999999999999}}, "blur": {"sigma": 14.410546686162512, "rad_w": 5, "rad_h": 5}}}