{"name": "0512.png", "type": "001", "params": {"illumination": {"color": {"brightness_factor": 0.8395919990213558, "contrast_factor": 0.7978441131935079, "saturation_factor": 1.3544306943815592}, "halo": {"num": 1, "center_a": [1250, 1226], "dia_a": 1949.784953782063, "center_b": [1250, 1226], "dia_b": 3574.7734507973114}, "hole": {"center": [1028, 1283], "diameter_circle": 1577, "brightness_factor": -0.2739302561145893, "rad_w": 1033, "rad_h": 1117, "sigma": 892.8}}}}