{"name": "0513.png", "type": "001", "params": {"illumination": {"color": {"brightness_factor": 0.8358502479741781, "contrast_factor": 0.6601741705112727, "saturation_factor": 0.7416681577604605}, "halo": {"num": 2, "center_a": [1328, 976], "dia_a": 2188.398521380254, "center_b": [1328, 976], "dia_b": 5102.885021881932}, "hole": {"center": [1839, 1392], "diameter_circle": 1033, "brightness_factor": -0.2787088897609439, "rad_w": 579, "rad_h": 741, "sigma": 592.8}}}}