{"name": "0514.png", "type": "001", "params": {"illumination": {"color": {"brightness_factor": 0.7084515523870789, "contrast_factor": 1.3625221130980478, "saturation_factor": 1.0652243205451908}, "halo": {"num": 2, "center_a": [1793, 1835], "dia_a": 3306.47093408255, "center_b": [1793, 1835], "dia_b": 5992.306300614071}, "hole": {"center": [922, 1579], "diameter_circle": 1992, "brightness_factor": -0.281114444317673, "rad_w": 1211, "rad_h": 1355, "sigma": 1083.9999999999998}}}}