{"name": "0514.png", "type": "101", "params": {"illumination": {"color": {"brightness_factor": 0.7560216939948248, "contrast_factor": 0.6613049410554666, "saturation_factor": 1.0088705521849621}, "halo": {"num": 1, "center_a": [2100, 2105], "dia_a": 3358.4194315932205, "center_b": [2100, 2105], "dia_b": 6826.171984613753}, "hole": {"center": [2032, 1846], "diameter_circle": 1901, "brightness_factor": -0.2831961322247593, "rad_w": 1173, "rad_h": 1353, "sigma": 1082.3999999999999}}, "blur": {"sigma": 9.115452889600501, "rad_w": 5, "rad_h": 5}}}