{"name": "0515.png", "type": "101", "params": {"illumination": {"color": {"brightness_factor": 0.9839116004316892, "contrast_factor": 0.7949800222176383, "saturation_factor": 0.7531499737596619}, "halo": {"num": 1, "center_a": [1735, 1603], "dia_a": 2605.1612635554075, "center_b": [1735, 1603], "dia_b": 5148.476787128475}, "hole": {"center": [2113, 1788], "diameter_circle": 1303, "brightness_factor": -0.2870769344803228, "rad_w": 935, "rad_h": 923, "sigma": 747.1999999999999}}, "blur": {"sigma": 14.555938546206868, "rad_w": 7, "rad_h": 7}}}