{"name": "0515.png", "type": "001", "params": {"illumination": {"color": {"brightness_factor": 1.0928327619954494, "contrast_factor": 0.9152656823165853, "saturation_factor": 0.823635715327715}, "halo": {"num": 1, "center_a": [1536, 1146], "dia_a": 2393.1356185187806, "center_b": [1536, 1146], "dia_b": 6028.783133834962}, "hole": {"center": [2144, 1630], "diameter_circle": 1914, "brightness_factor": -0.29271557229485745, "rad_w": 1309, "rad_h": 1353, "sigma": 1082.3999999999999}}}}