{"name": "0518.png", "type": "001", "params": {"illumination": {"color": {"brightness_factor": 0.7133513508350726, "contrast_factor": 1.3356254331608306, "saturation_factor": 0.6276020007382027}, "halo": {"num": 1, "center_a": [1336, 1225], "dia_a": 2392.1487186926115, "center_b": [1336, 1225], "dia_b": 5435.465393233218}, "hole": {"center": [1752, 1618], "diameter_circle": 1871, "brightness_factor": -0.28842075894435687, "rad_w": 1401, "rad_h": 1299, "sigma": 1119.9999999999998}}}}