{"name": "0518.png", "type": "101", "params": {"illumination": {"color": {"brightness_factor": 0.8225258563748581, "contrast_factor": 1.1271058100816873, "saturation_factor": 1.3682651887363826}, "halo": {"num": 1, "center_a": [1777, 1597], "dia_a": 2311.635182266311, "center_b": [1777, 1597], "dia_b": 5865.1209718195}, "hole": {"center": [978, 1701], "diameter_circle": 1500, "brightness_factor": -0.28975257166213897, "rad_w": 947, "rad_h": 981, "sigma": 784.8}}, "blur": {"sigma": 13.658796806836351, "rad_w": 5, "rad_h": 7}}}