{"name": "0523.png", "type": "101", "params": {"illumination": {"color": {"brightness_factor": 0.8833166804607588, "contrast_factor": 1.1360751613368674, "saturation_factor": 0.923494409735752}, "halo": {"num": 1, "center_a": [1200, 950], "dia_a": 2072.8800405793136, "center_b": [1200, 950], "dia_b": 4448.515560249889}, "hole": {"center": [1470, 1189], "diameter_circle": 1482, "brightness_factor": -0.28335997505817717, "rad_w": 935, "rad_h": 1049, "sigma": 839.1999999999999}}, "blur": {"sigma": 5.459145224658053, "rad_w": 1, "rad_h": 3}}}