{"name": "0523.png", "type": "001", "params": {"illumination": {"color": {"brightness_factor": 0.9586668387472572, "contrast_factor": 1.073619296692986, "saturation_factor": 0.9130119064929434}, "halo": {"num": 2, "center_a": [1024, 1080], "dia_a": 1802.4203960124532, "center_b": [1024, 1080], "dia_b": 3790.366131659893}, "hole": {"center": [639, 1214], "diameter_circle": 1383, "brightness_factor": -0.28679284754470885, "rad_w": 937, "rad_h": 1009, "sigma": 806.4}}}}