{"name": "0524.png", "type": "101", "params": {"illumination": {"color": {"brightness_factor": 0.8838090041084161, "contrast_factor": 1.319772499774124, "saturation_factor": 0.7276339174604872}, "halo": {"num": 1, "center_a": [1615, 1474], "dia_a": 2865.969487022105, "center_b": [1615, 1474], "dia_b": 5945.935578950351}, "hole": {"center": [854, 1404], "diameter_circle": 1657, "brightness_factor": -0.2871919040194964, "rad_w": 1109, "rad_h": 939, "sigma": 887.1999999999999}}, "blur": {"sigma": 10.564491794639522, "rad_w": 5, "rad_h": 3}}}