{"name": "0524.png", "type": "001", "params": {"illumination": {"color": {"brightness_factor": 1.1367971716505076, "contrast_factor": 0.7012201353001216, "saturation_factor": 1.0846063497676972}, "halo": {"num": 1, "center_a": [1608, 1639], "dia_a": 2479.1764844930926, "center_b": [1608, 1639], "dia_b": 4893.092357307374}, "hole": {"center": [2189, 1890], "diameter_circle": 1956, "brightness_factor": -0.30297518131990936, "rad_w": 1279, "rad_h": 1273, "sigma": 1022.4}}}}