{"name": "0526.png", "type": "101", "params": {"illumination": {"color": {"brightness_factor": 0.7278275350615657, "contrast_factor": 0.7052895413360296, "saturation_factor": 1.0476682448994623}, "halo": {"num": 1, "center_a": [1662, 1991], "dia_a": 2496.2785457015784, "center_b": [1662, 1991], "dia_b": 6029.087826113429}, "hole": {"center": [1168, 1304], "diameter_circle": 1568, "brightness_factor": -0.28531394969254176, "rad_w": 935, "rad_h": 1073, "sigma": 858.3999999999999}}, "blur": {"sigma": 10.233946945701714, "rad_w": 5, "rad_h": 5}}}