{"name": "0526.png", "type": "001", "params": {"illumination": {"color": {"brightness_factor": 0.9097568892817551, "contrast_factor": 1.1506241669999286, "saturation_factor": 1.2999613605268543}, "halo": {"num": 2, "center_a": [1421, 1616], "dia_a": 2852.0866811651754, "center_b": [1421, 1616], "dia_b": 5839.781805939298}, "hole": {"center": [1667, 1963], "diameter_circle": 1810, "brightness_factor": -0.2868125715658412, "rad_w": 1069, "rad_h": 1091, "sigma": 871.9999999999999}}}}