{"name": "0527.png", "type": "101", "params": {"illumination": {"color": {"brightness_factor": 1.1472364206093368, "contrast_factor": 0.6444981490646627, "saturation_factor": 0.9712153121728988}, "halo": {"num": 2, "center_a": [1343, 1138], "dia_a": 2181.626576889192, "center_b": [1343, 1138], "dia_b": 5465.588591931851}, "hole": {"center": [1753, 1469], "diameter_circle": 1670, "brightness_factor": -0.3013699021168624, "rad_w": 1173, "rad_h": 1027, "sigma": 937.5999999999999}}, "blur": {"sigma": 11.329457305444638, "rad_w": 5, "rad_h": 5}}}