{"name": "0527.png", "type": "001", "params": {"illumination": {"color": {"brightness_factor": 1.0564280916054365, "contrast_factor": 0.7394344341575536, "saturation_factor": 0.8316768312691752}, "halo": {"num": 2, "center_a": [1612, 1508], "dia_a": 2473.0607394509643, "center_b": [1612, 1508], "dia_b": 5516.8619348984885}, "hole": {"center": [1026, 1314], "diameter_circle": 1817, "brightness_factor": -0.2933382550608304, "rad_w": 1013, "rad_h": 1009, "sigma": 810.3999999999999}}}}