{"name": "0528.png", "type": "001", "params": {"illumination": {"color": {"brightness_factor": 0.9023352800454485, "contrast_factor": 0.8249954379619758, "saturation_factor": 0.8982883243511984}, "halo": {"num": 1, "center_a": [1675, 1826], "dia_a": 2436.827890497563, "center_b": [1675, 1826], "dia_b": 5274.852719557966}, "hole": {"center": [1908, 1639], "diameter_circle": 1476, "brightness_factor": -0.29078549157838307, "rad_w": 1053, "rad_h": 831, "sigma": 842.4}}}}