{"name": "0528.png", "type": "101", "params": {"illumination": {"color": {"brightness_factor": 1.1570109850131822, "contrast_factor": 0.9122976009401361, "saturation_factor": 0.9256885345589896}, "halo": {"num": 1, "center_a": [1604, 1524], "dia_a": 2645.0789847905303, "center_b": [1604, 1524], "dia_b": 5965.578700448027}, "hole": {"center": [771, 1311], "diameter_circle": 1757, "brightness_factor": -0.2981367669189934, "rad_w": 1293, "rad_h": 1109, "sigma": 1034.3999999999999}}, "blur": {"sigma": 12.37369579904874, "rad_w": 7, "rad_h": 5}}}