{"name": "0529.png", "type": "001", "params": {"illumination": {"color": {"brightness_factor": 0.9839293864183827, "contrast_factor": 0.98205509277224, "saturation_factor": 0.6700416304148434}, "halo": {"num": 2, "center_a": [1509, 2033], "dia_a": 2473.8123234187206, "center_b": [1509, 2033], "dia_b": 5814.572755318614}, "hole": {"center": [2270, 1870], "diameter_circle": 2030, "brightness_factor": -0.2881791659779942, "rad_w": 1203, "rad_h": 1131, "sigma": 962.4}}}}