{"name": "0529.png", "type": "101", "params": {"illumination": {"color": {"brightness_factor": 1.1820178098138028, "contrast_factor": 1.07152967879615, "saturation_factor": 1.3705566987073654}, "halo": {"num": 2, "center_a": [1676, 2034], "dia_a": 2810.0197779448895, "center_b": [1676, 2034], "dia_b": 5608.144518576684}, "hole": {"center": [2384, 1662], "diameter_circle": 1434, "brightness_factor": -0.29370294670862773, "rad_w": 859, "rad_h": 1027, "sigma": 820.8}}, "blur": {"sigma": 7.32067644079756, "rad_w": 3, "rad_h": 3}}}