{"name": "0534.png", "type": "001", "params": {"illumination": {"color": {"brightness_factor": 0.7143773649657761, "contrast_factor": 0.925657938832185, "saturation_factor": 1.0944566402343416}, "halo": {"num": 1, "center_a": [1375, 1642], "dia_a": 2745.5903584771963, "center_b": [1375, 1642], "dia_b": 4988.683838212635}, "hole": {"center": [1346, 1289], "diameter_circle": 1306, "brightness_factor": -0.28057462588292187, "rad_w": 753, "rad_h": 801, "sigma": 640.8}}}}