{"name": "0534.png", "type": "101", "params": {"illumination": {"color": {"brightness_factor": 1.1325299504907922, "contrast_factor": 0.6035085917645747, "saturation_factor": 1.2178591019754421}, "halo": {"num": 2, "center_a": [1310, 1386], "dia_a": 2383.217038833825, "center_b": [1310, 1386], "dia_b": 4878.543317801426}, "hole": {"center": [720, 1573], "diameter_circle": 1403, "brightness_factor": -0.29221339860309026, "rad_w": 911, "rad_h": 981, "sigma": 784.8}}, "blur": {"sigma": 7.678558914267582, "rad_w": 3, "rad_h": 3}}}