{"name": "0537.png", "type": "101", "params": {"illumination": {"color": {"brightness_factor": 0.891650369906684, "contrast_factor": 1.2134161639371253, "saturation_factor": 1.010811327617028}, "halo": {"num": 1, "center_a": [1658, 1754], "dia_a": 3086.070438619342, "center_b": [1658, 1754], "dia_b": 6215.028941825077}, "hole": {"center": [1472, 1575], "diameter_circle": 1374, "brightness_factor": -0.2963345446402069, "rad_w": 919, "rad_h": 935, "sigma": 747.9999999999999}}, "blur": {"sigma": 9.948537450682657, "rad_w": 5, "rad_h": 3}}}