{"name": "0537.png", "type": "001", "params": {"illumination": {"color": {"brightness_factor": 1.1188532204931767, "contrast_factor": 0.8256272833465448, "saturation_factor": 0.6317166846374015}, "halo": {"num": 1, "center_a": [1990, 1527], "dia_a": 3189.7502593200797, "center_b": [1990, 1527], "dia_b": 6878.954381674475}, "hole": {"center": [1667, 1836], "diameter_circle": 1304, "brightness_factor": -0.30446468867386184, "rad_w": 847, "rad_h": 743, "sigma": 676.8}}}}