{"name": "0538.png", "type": "001", "params": {"illumination": {"color": {"brightness_factor": 0.7054378475109342, "contrast_factor": 1.0805293691740214, "saturation_factor": 1.191332840701644}, "halo": {"num": 2, "center_a": [1198, 1281], "dia_a": 2997.505881489371, "center_b": [1198, 1281], "dia_b": 6786.449395633229}, "hole": {"center": [1266, 1300], "diameter_circle": 1317, "brightness_factor": -0.28461311628298697, "rad_w": 773, "rad_h": 853, "sigma": 681.6}}}}