{"name": "0538.png", "type": "101", "params": {"illumination": {"color": {"brightness_factor": 1.0913080689247119, "contrast_factor": 0.6180960969141186, "saturation_factor": 1.3602601586026024}, "halo": {"num": 2, "center_a": [1239, 1827], "dia_a": 2931.0756811499023, "center_b": [1239, 1827], "dia_b": 5380.604364999499}, "hole": {"center": [1510, 1968], "diameter_circle": 1520, "brightness_factor": -0.2949297986974379, "rad_w": 931, "rad_h": 1069, "sigma": 855.1999999999999}}, "blur": {"sigma": 12.363200797221374, "rad_w": 5, "rad_h": 5}}}