{"name": "0540.png", "type": "001", "params": {"illumination": {"color": {"brightness_factor": 0.7782472955849469, "contrast_factor": 0.700728700813803, "saturation_factor": 1.1577603396592133}, "halo": {"num": 2, "center_a": [1111, 1188], "dia_a": 1981.4268997330723, "center_b": [1111, 1188], "dia_b": 3803.4032095627645}, "hole": {"center": [1025, 956], "diameter_circle": 1426, "brightness_factor": -0.2845043153004979, "rad_w": 1061, "rad_h": 1041, "sigma": 847.9999999999999}}}}