{"name": "0540.png", "type": "101", "params": {"illumination": {"color": {"brightness_factor": 0.7847596061923756, "contrast_factor": 0.9568293404787942, "saturation_factor": 0.8868229713316637}, "halo": {"num": 2, "center_a": [1145, 1047], "dia_a": 1980.1564591127944, "center_b": [1145, 1047], "dia_b": 3510.445539574659}, "hole": {"center": [1141, 1149], "diameter_circle": 1225, "brightness_factor": -0.28267663926638664, "rad_w": 787, "rad_h": 919, "sigma": 734.4}}, "blur": {"sigma": 12.749226121433054, "rad_w": 7, "rad_h": 7}}}