{"name": "0545.png", "type": "001", "params": {"illumination": {"color": {"brightness_factor": 0.9645095447232195, "contrast_factor": 1.3227939538621274, "saturation_factor": 0.676167927882636}, "halo": {"num": 1, "center_a": [1422, 1678], "dia_a": 2720.91719609341, "center_b": [1422, 1678], "dia_b": 6094.052592012589}, "hole": {"center": [2196, 1935], "diameter_circle": 1754, "brightness_factor": -0.29593983520756784, "rad_w": 1131, "rad_h": 1153, "sigma": 922.3999999999999}}}}