{"name": "0545.png", "type": "101", "params": {"illumination": {"color": {"brightness_factor": 1.1924467720379734, "contrast_factor": 0.9191424409175664, "saturation_factor": 1.2443987268567924}, "halo": {"num": 2, "center_a": [1880, 1765], "dia_a": 2955.94962124574, "center_b": [1880, 1765], "dia_b": 6806.218475262887}, "hole": {"center": [927, 1291], "diameter_circle": 2022, "brightness_factor": -0.29580964280641386, "rad_w": 1349, "rad_h": 1453, "sigma": 1161.6}}, "blur": {"sigma": 12.853264032746225, "rad_w": 5, "rad_h": 5}}}