{"name": "0546.png", "type": "101", "params": {"illumination": {"color": {"brightness_factor": 0.9852712048431101, "contrast_factor": 0.6110374794695363, "saturation_factor": 1.1246624969417471}, "halo": {"num": 1, "center_a": [1683, 1604], "dia_a": 2972.222787401254, "center_b": [1683, 1604], "dia_b": 6193.824491011889}, "hole": {"center": [952, 1705], "diameter_circle": 2190, "brightness_factor": -0.30283612942888355, "rad_w": 1631, "rad_h": 1467, "sigma": 1304.8}}, "blur": {"sigma": 7.25828638672624, "rad_w": 3, "rad_h": 3}}}