{"name": "0546.png", "type": "001", "params": {"illumination": {"color": {"brightness_factor": 1.19875504554319, "contrast_factor": 0.9241283299650335, "saturation_factor": 0.7728262470993191}, "halo": {"num": 2, "center_a": [1784, 2000], "dia_a": 2647.078506419234, "center_b": [1784, 2000], "dia_b": 6663.628180651087}, "hole": {"center": [960, 1413], "diameter_circle": 2237, "brightness_factor": -0.30417202197444937, "rad_w": 1639, "rad_h": 1337, "sigma": 1311.1999999999998}}}}