{"name": "0548.png", "type": "101", "params": {"illumination": {"color": {"brightness_factor": 0.9589972836792704, "contrast_factor": 1.335013605461455, "saturation_factor": 0.7890284219459993}, "halo": {"num": 1, "center_a": [1320, 1585], "dia_a": 2899.16407449235, "center_b": [1320, 1585], "dia_b": 5961.72023704415}, "hole": {"center": [2389, 1983], "diameter_circle": 1786, "brightness_factor": -0.309490349231066, "rad_w": 1017, "rad_h": 1137, "sigma": 908.7999999999998}}, "blur": {"sigma": 6.243427600903138, "rad_w": 3, "rad_h": 3}}}