{"name": "0548.png", "type": "001", "params": {"illumination": {"color": {"brightness_factor": 1.0556795975378972, "contrast_factor": 1.3449641171228142, "saturation_factor": 1.1558852234245522}, "halo": {"num": 2, "center_a": [1971, 1479], "dia_a": 2595.9624210801926, "center_b": [1971, 1479], "dia_b": 5359.502956617163}, "hole": {"center": [2345, 1408], "diameter_circle": 1856, "brightness_factor": -0.3093967265079102, "rad_w": 1279, "rad_h": 1147, "sigma": 1022.4}}}}