{"name": "0550.png", "type": "101", "params": {"illumination": {"color": {"brightness_factor": 1.1309673149340185, "contrast_factor": 1.356743171001637, "saturation_factor": 1.0523856116146428}, "halo": {"num": 1, "center_a": [1284, 943], "dia_a": 1924.3912702545692, "center_b": [1284, 943], "dia_b": 4312.692933461545}, "hole": {"center": [1090, 1087], "diameter_circle": 1018, "brightness_factor": -0.284314064792902, "rad_w": 699, "rad_h": 609, "sigma": 558.4}}, "blur": {"sigma": 5.847490433972162, "rad_w": 3, "rad_h": 1}}}