{"name": "0550.png", "type": "001", "params": {"illumination": {"color": {"brightness_factor": 0.8806890600872888, "contrast_factor": 0.7332327411591834, "saturation_factor": 0.8746124224681893}, "halo": {"num": 1, "center_a": [944, 864], "dia_a": 1751.583494662202, "center_b": [944, 864], "dia_b": 3733.4671639114176}, "hole": {"center": [814, 1072], "diameter_circle": 1386, "brightness_factor": -0.27906879128335793, "rad_w": 1019, "rad_h": 943, "sigma": 815.1999999999999}}}}