{"name": "0551.png", "type": "001", "params": {"illumination": {"color": {"brightness_factor": 1.12876568689759, "contrast_factor": 0.8849640417708255, "saturation_factor": 1.2680258364324253}, "halo": {"num": 2, "center_a": [1200, 1088], "dia_a": 2050.9966111992385, "center_b": [1200, 1088], "dia_b": 4405.7473256067715}, "hole": {"center": [1392, 1496], "diameter_circle": 1561, "brightness_factor": -0.28703536542604635, "rad_w": 867, "rad_h": 869, "sigma": 694.4}}}}