{"name": "0551.png", "type": "101", "params": {"illumination": {"color": {"brightness_factor": 0.7019500078479122, "contrast_factor": 0.7229710811285333, "saturation_factor": 0.9198276967081639}, "halo": {"num": 1, "center_a": [1035, 1339], "dia_a": 2072.5863010313, "center_b": [1035, 1339], "dia_b": 4281.895793254687}, "hole": {"center": [662, 1295], "diameter_circle": 1513, "brightness_factor": -0.27715518987342763, "rad_w": 1103, "rad_h": 955, "sigma": 882.3999999999999}}, "blur": {"sigma": 5.728614416031457, "rad_w": 1, "rad_h": 1}}}