{"name": "0553.png", "type": "001", "params": {"illumination": {"color": {"brightness_factor": 1.1574057193946226, "contrast_factor": 1.2937869673170779, "saturation_factor": 0.7895436892116892}, "halo": {"num": 2, "center_a": [1301, 1456], "dia_a": 3053.578206880314, "center_b": [1301, 1456], "dia_b": 4992.090001705095}, "hole": {"center": [1793, 1213], "diameter_circle": 2214, "brightness_factor": -0.29729627954976634, "rad_w": 1401, "rad_h": 1331, "sigma": 1120.8}}}}