{"name": "0553.png", "type": "101", "params": {"illumination": {"color": {"brightness_factor": 0.8295791527605535, "contrast_factor": 0.6864079590810537, "saturation_factor": 0.6494157591613612}, "halo": {"num": 1, "center_a": [1412, 1363], "dia_a": 2706.008546847793, "center_b": [1412, 1363], "dia_b": 6525.772762322445}, "hole": {"center": [1408, 1819], "diameter_circle": 2104, "brightness_factor": -0.28826033084287955, "rad_w": 1283, "rad_h": 1465, "sigma": 1171.2}}, "blur": {"sigma": 11.970427990678202, "rad_w": 3, "rad_h": 5}}}