{"name": "0558.png", "type": "101", "params": {"illumination": {"color": {"brightness_factor": 1.1808993125827894, "contrast_factor": 1.1639026450515777, "saturation_factor": 1.1646565661972328}, "halo": {"num": 1, "center_a": [1354, 1153], "dia_a": 2638.703218477529, "center_b": [1354, 1153], "dia_b": 6017.643388273999}, "hole": {"center": [1863, 1187], "diameter_circle": 2111, "brightness_factor": -0.2986220820795854, "rad_w": 1513, "rad_h": 1449, "sigma": 1210.3999999999999}}, "blur": {"sigma": 13.701361206970622, "rad_w": 7, "rad_h": 5}}}