{"name": "0558.png", "type": "001", "params": {"illumination": {"color": {"brightness_factor": 0.8088966991345401, "contrast_factor": 1.0669920658837737, "saturation_factor": 0.8075823725882711}, "halo": {"num": 2, "center_a": [1712, 1282], "dia_a": 2756.7423610062124, "center_b": [1712, 1282], "dia_b": 5556.984049354417}, "hole": {"center": [1252, 1613], "diameter_circle": 1334, "brightness_factor": -0.2851730238482751, "rad_w": 869, "rad_h": 737, "sigma": 695.1999999999999}}}}