{"name": "0560.png", "type": "101", "params": {"illumination": {"color": {"brightness_factor": 1.0787368986870451, "contrast_factor": 0.969727644432375, "saturation_factor": 1.0083289028361626}, "halo": {"num": 1, "center_a": [1051, 1466], "dia_a": 2772.062646269743, "center_b": [1051, 1466], "dia_b": 5850.117641858803}, "hole": {"center": [1938, 1497], "diameter_circle": 1772, "brightness_factor": -0.29096396971333977, "rad_w": 1311, "rad_h": 1057, "sigma": 1048.8}}, "blur": {"sigma": 7.797782780737493, "rad_w": 3, "rad_h": 3}}}