{"name": "0560.png", "type": "001", "params": {"illumination": {"color": {"brightness_factor": 1.078054395721818, "contrast_factor": 0.7692874464719816, "saturation_factor": 0.9213750086177303}, "halo": {"num": 2, "center_a": [1225, 1231], "dia_a": 2237.0086296635322, "center_b": [1225, 1231], "dia_b": 4161.2568036305365}, "hole": {"center": [2018, 1388], "diameter_circle": 1693, "brightness_factor": -0.29624450783869694, "rad_w": 1221, "rad_h": 1049, "sigma": 975.9999999999999}}}}