{"name": "0563.png", "type": "001", "params": {"illumination": {"color": {"brightness_factor": 1.0459370966520734, "contrast_factor": 1.1828756295372065, "saturation_factor": 1.237059506749085}, "halo": {"num": 1, "center_a": [1300, 1614], "dia_a": 2770.8646710485114, "center_b": [1300, 1614], "dia_b": 6006.470400478847}, "hole": {"center": [1156, 1714], "diameter_circle": 2156, "brightness_factor": -0.28621823630166243, "rad_w": 1235, "rad_h": 1439, "sigma": 1150.3999999999999}}}}