{"name": "0563.png", "type": "101", "params": {"illumination": {"color": {"brightness_factor": 1.1560593973473532, "contrast_factor": 0.8326412848944003, "saturation_factor": 0.932111905884993}, "halo": {"num": 1, "center_a": [1441, 1426], "dia_a": 2858.0746509964274, "center_b": [1441, 1426], "dia_b": 6044.660454574697}, "hole": {"center": [1186, 1376], "diameter_circle": 2253, "brightness_factor": -0.2900997719886704, "rad_w": 1485, "rad_h": 1381, "sigma": 1188.0}}, "blur": {"sigma": 10.057641279093552, "rad_w": 3, "rad_h": 3}}}