{"name": "0566.png", "type": "101", "params": {"illumination": {"color": {"brightness_factor": 0.8871000104341964, "contrast_factor": 1.3183512271361286, "saturation_factor": 1.385831949079193}, "halo": {"num": 2, "center_a": [436, 542], "dia_a": 937.3079702618612, "center_b": [436, 542], "dia_b": 1695.1941693622844}, "hole": {"center": [686, 598], "diameter_circle": 710, "brightness_factor": -0.28794764870484657, "rad_w": 531, "rad_h": 485, "sigma": 424.8}}, "blur": {"sigma": 12.450286742662422, "rad_w": 5, "rad_h": 5}}}