{"name": "0566.png", "type": "001", "params": {"illumination": {"color": {"brightness_factor": 1.1421455071421995, "contrast_factor": 0.722455337870293, "saturation_factor": 1.1723092002395623}, "halo": {"num": 2, "center_a": [430, 641], "dia_a": 938.624386030217, "center_b": [430, 641], "dia_b": 1977.9140381914472}, "hole": {"center": [637, 429], "diameter_circle": 658, "brightness_factor": -0.2949768028722255, "rad_w": 391, "rad_h": 473, "sigma": 377.59999999999997}}}}