{"name": "0567.png", "type": "101", "params": {"illumination": {"color": {"brightness_factor": 0.7478985393089759, "contrast_factor": 1.1015969199089, "saturation_factor": 1.1414084909325704}, "halo": {"num": 1, "center_a": [1591, 1484], "dia_a": 2388.038073783678, "center_b": [1591, 1484], "dia_b": 5383.385781903198}, "hole": {"center": [1403, 1949], "diameter_circle": 1850, "brightness_factor": -0.286759643919834, "rad_w": 1083, "rad_h": 1069, "sigma": 866.4}}, "blur": {"sigma": 5.787597253592419, "rad_w": 3, "rad_h": 1}}}