{"name": "0567.png", "type": "001", "params": {"illumination": {"color": {"brightness_factor": 1.067333325872811, "contrast_factor": 0.8653583635882902, "saturation_factor": 1.1540638193892099}, "halo": {"num": 1, "center_a": [1508, 1344], "dia_a": 2827.755964113942, "center_b": [1508, 1344], "dia_b": 4863.555022862691}, "hole": {"center": [2150, 1571], "diameter_circle": 2112, "brightness_factor": -0.2939603821684777, "rad_w": 1327, "rad_h": 1363, "sigma": 1089.6}}}}