{"name": "0570.png", "type": "001", "params": {"illumination": {"color": {"brightness_factor": 1.1319588226927255, "contrast_factor": 0.7888229541990252, "saturation_factor": 0.8495764560797758}, "halo": {"num": 2, "center_a": [1731, 1251], "dia_a": 2583.3906702926165, "center_b": [1731, 1251], "dia_b": 6156.766891168079}, "hole": {"center": [1865, 1862], "diameter_circle": 1498, "brightness_factor": -0.2989034048918894, "rad_w": 1031, "rad_h": 837, "sigma": 824.7999999999998}}}}