{"name": "0570.png", "type": "101", "params": {"illumination": {"color": {"brightness_factor": 0.8541831973487645, "contrast_factor": 1.2799930221466302, "saturation_factor": 1.1138879484255402}, "halo": {"num": 1, "center_a": [1527, 1636], "dia_a": 3054.6019805988017, "center_b": [1527, 1636], "dia_b": 5201.810631540419}, "hole": {"center": [1456, 1578], "diameter_circle": 1947, "brightness_factor": -0.2895207645616576, "rad_w": 1341, "rad_h": 1109, "sigma": 1071.9999999999998}}, "blur": {"sigma": 6.812000655497068, "rad_w": 3, "rad_h": 3}}}