{"name": "0575.png", "type": "101", "params": {"illumination": {"color": {"brightness_factor": 1.0895871744063277, "contrast_factor": 1.0395902210667685, "saturation_factor": 0.6979025062429789}, "halo": {"num": 2, "center_a": [1640, 1258], "dia_a": 2682.6102669778775, "center_b": [1640, 1258], "dia_b": 5088.808688722456}, "hole": {"center": [1294, 1781], "diameter_circle": 2020, "brightness_factor": -0.28210582568297476, "rad_w": 1139, "rad_h": 1121, "sigma": 910.4}}, "blur": {"sigma": 8.842399881523678, "rad_w": 5, "rad_h": 3}}}