{"name": "0575.png", "type": "001", "params": {"illumination": {"color": {"brightness_factor": 0.8774053045876303, "contrast_factor": 1.3523324070187253, "saturation_factor": 0.7623351544136405}, "halo": {"num": 2, "center_a": [1256, 1291], "dia_a": 2475.407798747933, "center_b": [1256, 1291], "dia_b": 5576.5119647559795}, "hole": {"center": [1758, 1421], "diameter_circle": 1887, "brightness_factor": -0.2804760703640558, "rad_w": 1135, "rad_h": 1185, "sigma": 948.0}}}}