{"name": "0577.png", "type": "001", "params": {"illumination": {"color": {"brightness_factor": 0.8974666755110424, "contrast_factor": 1.3773687398387673, "saturation_factor": 1.203490605117693}, "halo": {"num": 1, "center_a": [840, 829], "dia_a": 1696.5349958567183, "center_b": [840, 829], "dia_b": 2855.01421020794}, "hole": {"center": [1374, 1167], "diameter_circle": 1277, "brightness_factor": -0.2850428478908576, "rad_w": 843, "rad_h": 843, "sigma": 673.5999999999999}}}}