{"name": "0577.png", "type": "101", "params": {"illumination": {"color": {"brightness_factor": 1.1149976488817406, "contrast_factor": 1.2820195970757846, "saturation_factor": 1.1875586874946662}, "halo": {"num": 2, "center_a": [812, 829], "dia_a": 1486.580935019464, "center_b": [812, 829], "dia_b": 2774.331969008068}, "hole": {"center": [885, 709], "diameter_circle": 1137, "brightness_factor": -0.29271899200362156, "rad_w": 789, "rad_h": 753, "sigma": 631.1999999999999}}, "blur": {"sigma": 7.882503010235601, "rad_w": 3, "rad_h": 3}}}