{"name": "0579.png", "type": "101", "params": {"illumination": {"color": {"brightness_factor": 0.8105802829345311, "contrast_factor": 1.0472371441783372, "saturation_factor": 0.7324903351556826}, "halo": {"num": 1, "center_a": [1553, 1853], "dia_a": 2713.331088133972, "center_b": [1553, 1853], "dia_b": 6058.2941865640605}, "hole": {"center": [2115, 1894], "diameter_circle": 1624, "brightness_factor": -0.2849493373458521, "rad_w": 937, "rad_h": 1185, "sigma": 947.1999999999998}}, "blur": {"sigma": 14.962965086272884, "rad_w": 7, "rad_h": 7}}}