{"name": "0579.png", "type": "001", "params": {"illumination": {"color": {"brightness_factor": 1.1183703118444774, "contrast_factor": 0.9008162475232212, "saturation_factor": 0.7772626675607005}, "halo": {"num": 2, "center_a": [1764, 1228], "dia_a": 2456.4995555246583, "center_b": [1764, 1228], "dia_b": 6257.575435866716}, "hole": {"center": [1385, 1759], "diameter_circle": 1469, "brightness_factor": -0.2903371232612896, "rad_w": 817, "rad_h": 1097, "sigma": 877.5999999999999}}}}