{"name": "0580.png", "type": "001", "params": {"illumination": {"color": {"brightness_factor": 0.7722823600278254, "contrast_factor": 1.0717020997807787, "saturation_factor": 0.6929988538122729}, "halo": {"num": 1, "center_a": [1285, 1841], "dia_a": 2440.3160378741113, "center_b": [1285, 1841], "dia_b": 6776.0535835839555}, "hole": {"center": [1650, 1430], "diameter_circle": 2022, "brightness_factor": -0.29358624582693027, "rad_w": 1505, "rad_h": 1189, "sigma": 1203.9999999999998}}}}