{"name": "0580.png", "type": "101", "params": {"illumination": {"color": {"brightness_factor": 0.9479176927437927, "contrast_factor": 1.3321865782635267, "saturation_factor": 0.605172728344898}, "halo": {"num": 2, "center_a": [1823, 1663], "dia_a": 2744.879539096354, "center_b": [1823, 1663], "dia_b": 6080.476256321909}, "hole": {"center": [1985, 1440], "diameter_circle": 1779, "brightness_factor": -0.2977264768546082, "rad_w": 999, "rad_h": 1165, "sigma": 931.9999999999999}}, "blur": {"sigma": 6.860964883854216, "rad_w": 3, "rad_h": 3}}}