{"name": "0581.png", "type": "001", "params": {"illumination": {"color": {"brightness_factor": 0.7156080630222821, "contrast_factor": 0.7650161015079853, "saturation_factor": 1.1939663040109325}, "halo": {"num": 1, "center_a": [1529, 1663], "dia_a": 2762.662937763918, "center_b": [1529, 1663], "dia_b": 4531.139924491961}, "hole": {"center": [1580, 1548], "diameter_circle": 1398, "brightness_factor": -0.2805156019871884, "rad_w": 859, "rad_h": 881, "sigma": 704.7999999999998}}}}