{"name": "0581.png", "type": "101", "params": {"illumination": {"color": {"brightness_factor": 1.194102420515518, "contrast_factor": 0.8189892523454341, "saturation_factor": 0.7060738859914122}, "halo": {"num": 2, "center_a": [1339, 1099], "dia_a": 2699.89309228844, "center_b": [1339, 1099], "dia_b": 4279.374006370196}, "hole": {"center": [1431, 1080], "diameter_circle": 1490, "brightness_factor": -0.2989796095571653, "rad_w": 1047, "rad_h": 937, "sigma": 836.7999999999998}}, "blur": {"sigma": 13.04098889441484, "rad_w": 5, "rad_h": 5}}}