{"name": "0585.png", "type": "101", "params": {"illumination": {"color": {"brightness_factor": 1.010631980404043, "contrast_factor": 1.149724848603972, "saturation_factor": 1.1304911000074367}, "halo": {"num": 2, "center_a": [1215, 1300], "dia_a": 2238.6535275716974, "center_b": [1215, 1300], "dia_b": 4735.507400110481}, "hole": {"center": [1352, 1101], "diameter_circle": 1511, "brightness_factor": -0.28871481857601466, "rad_w": 987, "rad_h": 969, "sigma": 788.7999999999998}}, "blur": {"sigma": 6.571442916618397, "rad_w": 3, "rad_h": 3}}}