{"name": "0585.png", "type": "001", "params": {"illumination": {"color": {"brightness_factor": 0.749258798625698, "contrast_factor": 0.7065137568013768, "saturation_factor": 0.6324864368824111}, "halo": {"num": 2, "center_a": [1135, 932], "dia_a": 2095.956054137239, "center_b": [1135, 932], "dia_b": 4619.292802602193}, "hole": {"center": [1830, 1029], "diameter_circle": 1588, "brightness_factor": -0.2833412654934351, "rad_w": 895, "rad_h": 997, "sigma": 796.8}}}}