{"name": "0586.png", "type": "001", "params": {"illumination": {"color": {"brightness_factor": 0.8372369934848353, "contrast_factor": 0.8532166914305623, "saturation_factor": 1.3333922781205965}, "halo": {"num": 2, "center_a": [865, 1261], "dia_a": 2048.1706244274133, "center_b": [865, 1261], "dia_b": 4274.286279754137}, "hole": {"center": [586, 1085], "diameter_circle": 1341, "brightness_factor": -0.2773702275413741, "rad_w": 911, "rad_h": 889, "sigma": 727.9999999999999}}}}