{"name": "0586.png", "type": "101", "params": {"illumination": {"color": {"brightness_factor": 0.8971512597318978, "contrast_factor": 0.6191246970763352, "saturation_factor": 1.2052224548940256}, "halo": {"num": 2, "center_a": [900, 1403], "dia_a": 2017.773204603325, "center_b": [900, 1403], "dia_b": 3910.327778508089}, "hole": {"center": [971, 916], "diameter_circle": 1141, "brightness_factor": -0.2790345738047738, "rad_w": 691, "rad_h": 757, "sigma": 605.5999999999999}}, "blur": {"sigma": 8.363155408229389, "rad_w": 5, "rad_h": 3}}}