{"name": "0589.png", "type": "101", "params": {"illumination": {"color": {"brightness_factor": 1.1806977357196176, "contrast_factor": 1.040163342894821, "saturation_factor": 0.7126759561667596}, "halo": {"num": 2, "center_a": [1359, 1138], "dia_a": 2190.4441230863745, "center_b": [1359, 1138], "dia_b": 4171.702261245618}, "hole": {"center": [1171, 1065], "diameter_circle": 1651, "brightness_factor": -0.2845455898293936, "rad_w": 1175, "rad_h": 1009, "sigma": 939.1999999999999}}, "blur": {"sigma": 6.346075660730831, "rad_w": 3, "rad_h": 3}}}