{"name": "0589.png", "type": "001", "params": {"illumination": {"color": {"brightness_factor": 0.8741419986581932, "contrast_factor": 0.7098985139750501, "saturation_factor": 1.3678898497777647}, "halo": {"num": 1, "center_a": [1033, 1114], "dia_a": 2122.768036374311, "center_b": [1033, 1114], "dia_b": 3844.947371967717}, "hole": {"center": [1082, 1255], "diameter_circle": 1030, "brightness_factor": -0.28019246522553803, "rad_w": 651, "rad_h": 669, "sigma": 534.4}}}}