{"name": "0592.png", "type": "001", "params": {"illumination": {"color": {"brightness_factor": 1.143949763045652, "contrast_factor": 1.211615125108469, "saturation_factor": 0.9290307338424862}, "halo": {"num": 2, "center_a": [1295, 1720], "dia_a": 2558.31270662088, "center_b": [1295, 1720], "dia_b": 5072.261386889274}, "hole": {"center": [1865, 1457], "diameter_circle": 1551, "brightness_factor": -0.3068633832726926, "rad_w": 909, "rad_h": 971, "sigma": 776.7999999999998}}}}