{"name": "0592.png", "type": "101", "params": {"illumination": {"color": {"brightness_factor": 0.7976868492260842, "contrast_factor": 1.1839513270721276, "saturation_factor": 1.3557476214639537}, "halo": {"num": 2, "center_a": [1430, 1355], "dia_a": 2731.7107593868463, "center_b": [1430, 1355], "dia_b": 5689.529510531468}, "hole": {"center": [2164, 1716], "diameter_circle": 1946, "brightness_factor": -0.2909186314791254, "rad_w": 1297, "rad_h": 1315, "sigma": 1051.2}}, "blur": {"sigma": 9.330472098547872, "rad_w": 5, "rad_h": 5}}}