{"name": "0593.png", "type": "101", "params": {"illumination": {"color": {"brightness_factor": 0.7501616049705959, "contrast_factor": 0.6093667308146626, "saturation_factor": 1.2443054156001419}, "halo": {"num": 1, "center_a": [1840, 1646], "dia_a": 2740.447568378589, "center_b": [1840, 1646], "dia_b": 5375.047724675781}, "hole": {"center": [1512, 1373], "diameter_circle": 1575, "brightness_factor": -0.2832517127797394, "rad_w": 1147, "rad_h": 1055, "sigma": 916.8}}, "blur": {"sigma": 13.0154752806801, "rad_w": 5, "rad_h": 7}}}