{"name": "0593.png", "type": "001", "params": {"illumination": {"color": {"brightness_factor": 0.7733765707136253, "contrast_factor": 1.0844363242120836, "saturation_factor": 0.924740823405092}, "halo": {"num": 1, "center_a": [1392, 1569], "dia_a": 2490.6880390781034, "center_b": [1392, 1569], "dia_b": 4872.205574831549}, "hole": {"center": [1030, 1818], "diameter_circle": 2079, "brightness_factor": -0.28376858224119045, "rad_w": 1523, "rad_h": 1523, "sigma": 1218.3999999999999}}}}