{"name": "0594.png", "type": "001", "params": {"illumination": {"color": {"brightness_factor": 1.0629130225469963, "contrast_factor": 1.0575352607778743, "saturation_factor": 1.3190487722158781}, "halo": {"num": 1, "center_a": [1896, 1264], "dia_a": 2497.9388670951907, "center_b": [1896, 1264], "dia_b": 5510.631085858028}, "hole": {"center": [2167, 1234], "diameter_circle": 1742, "brightness_factor": -0.29382529197657253, "rad_w": 1277, "rad_h": 979, "sigma": 1020.8}}}}