{"name": "0594.png", "type": "101", "params": {"illumination": {"color": {"brightness_factor": 0.708422507292997, "contrast_factor": 0.6310592070436604, "saturation_factor": 0.7968178258803332}, "halo": {"num": 2, "center_a": [1498, 1774], "dia_a": 3022.6673517367685, "center_b": [1498, 1774], "dia_b": 5980.410365043686}, "hole": {"center": [1387, 1397], "diameter_circle": 1310, "brightness_factor": -0.28005794068659257, "rad_w": 907, "rad_h": 875, "sigma": 724.8}}, "blur": {"sigma": 8.486115775292323, "rad_w": 3, "rad_h": 3}}}