{"name": "0596.png", "type": "001", "params": {"illumination": {"color": {"brightness_factor": 1.0944299556333787, "contrast_factor": 0.9880101239219488, "saturation_factor": 0.7955957528923794}, "halo": {"num": 1, "center_a": [1788, 1765], "dia_a": 2248.7788703263254, "center_b": [1788, 1765], "dia_b": 5500.194304571596}, "hole": {"center": [1596, 1766], "diameter_circle": 1407, "brightness_factor": -0.3029079865211897, "rad_w": 973, "rad_h": 979, "sigma": 782.4}}}}