{"name": "0596.png", "type": "101", "params": {"illumination": {"color": {"brightness_factor": 1.0414294176799574, "contrast_factor": 0.7435794196652274, "saturation_factor": 1.2156332383393185}, "halo": {"num": 2, "center_a": [1270, 1803], "dia_a": 2875.97288294616, "center_b": [1270, 1803], "dia_b": 6600.537518080395}, "hole": {"center": [1974, 1477], "diameter_circle": 1432, "brightness_factor": -0.2919937219043213, "rad_w": 789, "rad_h": 975, "sigma": 780.0}}, "blur": {"sigma": 10.230415157591498, "rad_w": 3, "rad_h": 3}}}