{"name": "0597.png", "type": "001", "params": {"illumination": {"color": {"brightness_factor": 0.8476154752870011, "contrast_factor": 0.6505311702502198, "saturation_factor": 1.3051329450583542}, "halo": {"num": 2, "center_a": [1342, 1546], "dia_a": 2386.907955116302, "center_b": [1342, 1546], "dia_b": 5519.471744493567}, "hole": {"center": [2232, 1792], "diameter_circle": 2009, "brightness_factor": -0.28734054690570404, "rad_w": 1269, "rad_h": 1403, "sigma": 1122.3999999999999}}}}