{"name": "0597.png", "type": "101", "params": {"illumination": {"color": {"brightness_factor": 1.1409518995696426, "contrast_factor": 0.6675871126013309, "saturation_factor": 1.1975668402723922}, "halo": {"num": 1, "center_a": [1130, 1128], "dia_a": 2321.942724159718, "center_b": [1130, 1128], "dia_b": 4789.307987993766}, "hole": {"center": [2207, 1189], "diameter_circle": 1843, "brightness_factor": -0.30150163934521707, "rad_w": 1345, "rad_h": 1377, "sigma": 1101.6}}, "blur": {"sigma": 13.432726005192265, "rad_w": 5, "rad_h": 5}}}