{"name": "0598.png", "type": "101", "params": {"illumination": {"color": {"brightness_factor": 0.783911144591398, "contrast_factor": 1.2987249063751771, "saturation_factor": 0.6746515862675444}, "halo": {"num": 1, "center_a": [984, 1265], "dia_a": 1713.5544961514352, "center_b": [984, 1265], "dia_b": 4174.986079098744}, "hole": {"center": [856, 1090], "diameter_circle": 1314, "brightness_factor": -0.28038524982659, "rad_w": 919, "rad_h": 763, "sigma": 735.1999999999999}}, "blur": {"sigma": 8.865979696881201, "rad_w": 3, "rad_h": 3}}}