{"name": "0598.png", "type": "001", "params": {"illumination": {"color": {"brightness_factor": 1.0953668526541709, "contrast_factor": 1.089509240675003, "saturation_factor": 0.8695205994580731}, "halo": {"num": 1, "center_a": [889, 859], "dia_a": 1658.5143262402921, "center_b": [889, 859], "dia_b": 3030.1895337741935}, "hole": {"center": [1504, 1021], "diameter_circle": 1280, "brightness_factor": -0.284521898226645, "rad_w": 875, "rad_h": 829, "sigma": 699.9999999999999}}}}