{"name": "0601.png", "type": "101", "params": {"illumination": {"color": {"brightness_factor": 0.9327762292713992, "contrast_factor": 1.0674804094884585, "saturation_factor": 0.6657014687082475}, "halo": {"num": 2, "center_a": [1469, 1131], "dia_a": 2238.2381260424804, "center_b": [1469, 1131], "dia_b": 5862.265110852298}, "hole": {"center": [1814, 1811], "diameter_circle": 1495, "brightness_factor": -0.29203945301233125, "rad_w": 853, "rad_h": 939, "sigma": 751.1999999999999}}, "blur": {"sigma": 8.429942105977048, "rad_w": 5, "rad_h": 3}}}