{"name": "0601.png", "type": "001", "params": {"illumination": {"color": {"brightness_factor": 1.1483533017118408, "contrast_factor": 0.9034180079343361, "saturation_factor": 0.9442111476126449}, "halo": {"num": 1, "center_a": [1772, 1225], "dia_a": 2881.020372039443, "center_b": [1772, 1225], "dia_b": 4891.736842214697}, "hole": {"center": [819, 1612], "diameter_circle": 1462, "brightness_factor": -0.29150668684545117, "rad_w": 891, "rad_h": 959, "sigma": 766.4}}}}