{"name": "0602.png", "type": "001", "params": {"illumination": {"color": {"brightness_factor": 1.1963920477314198, "contrast_factor": 0.9493223323011362, "saturation_factor": 0.7944209997277788}, "halo": {"num": 2, "center_a": [1085, 1379], "dia_a": 1993.5660655088247, "center_b": [1085, 1379], "dia_b": 4454.707751609891}, "hole": {"center": [1622, 1314], "diameter_circle": 956, "brightness_factor": -0.27884806309642235, "rad_w": 589, "rad_h": 679, "sigma": 543.1999999999999}}}}