{"name": "0602.png", "type": "101", "params": {"illumination": {"color": {"brightness_factor": 0.761926239077117, "contrast_factor": 1.1033151615780126, "saturation_factor": 1.2398736329852706}, "halo": {"num": 2, "center_a": [990, 914], "dia_a": 2133.757488776468, "center_b": [990, 914], "dia_b": 4220.187463832684}, "hole": {"center": [926, 1158], "diameter_circle": 1353, "brightness_factor": 0, "rad_w": 855, "rad_h": 785, "sigma": 683.1999999999999}}, "blur": {"sigma": 14.634747896832907, "rad_w": 5, "rad_h": 5}}}