{"name": "0604.png", "type": "001", "params": {"illumination": {"color": {"brightness_factor": 0.8985968260362229, "contrast_factor": 1.0496054952426177, "saturation_factor": 1.147310777214267}, "halo": {"num": 2, "center_a": [1389, 1280], "dia_a": 2694.9876398519878, "center_b": [1389, 1280], "dia_b": 4515.62928926986}, "hole": {"center": [2017, 1632], "diameter_circle": 1553, "brightness_factor": -0.2861331230896426, "rad_w": 1163, "rad_h": 1133, "sigma": 930.3999999999999}}}}