{"name": "0604.png", "type": "101", "params": {"illumination": {"color": {"brightness_factor": 0.7195748424217503, "contrast_factor": 1.3952846842529512, "saturation_factor": 1.0456022763012276}, "halo": {"num": 2, "center_a": [1356, 1323], "dia_a": 2490.3824518279775, "center_b": [1356, 1323], "dia_b": 5644.981734458098}, "hole": {"center": [2215, 1730], "diameter_circle": 1978, "brightness_factor": -0.28172116954003895, "rad_w": 1405, "rad_h": 1261, "sigma": 1123.2}}, "blur": {"sigma": 5.397999000884212, "rad_w": 1, "rad_h": 1}}}