{"name": "0605.png", "type": "001", "params": {"illumination": {"color": {"brightness_factor": 1.0121333828101444, "contrast_factor": 1.1976527047333965, "saturation_factor": 1.0754509704807438}, "halo": {"num": 1, "center_a": [916, 810], "dia_a": 1825.4616636935964, "center_b": [916, 810], "dia_b": 3101.919018414906}, "hole": {"center": [919, 1182], "diameter_circle": 836, "brightness_factor": -0.28300298456579104, "rad_w": 473, "rad_h": 549, "sigma": 438.4}}}}