{"name": "0605.png", "type": "101", "params": {"illumination": {"color": {"brightness_factor": 0.7816306788998177, "contrast_factor": 1.0965165146847973, "saturation_factor": 0.9712467090199046}, "halo": {"num": 2, "center_a": [1162, 785], "dia_a": 1901.7471350502324, "center_b": [1162, 785], "dia_b": 3595.7112790851106}, "hole": {"center": [1082, 1140], "diameter_circle": 1383, "brightness_factor": -0.2771269107735107, "rad_w": 931, "rad_h": 779, "sigma": 744.0}}, "blur": {"sigma": 6.986036865249526, "rad_w": 3, "rad_h": 3}}}