{"name": "0607.png", "type": "101", "params": {"illumination": {"color": {"brightness_factor": 0.8971643190891349, "contrast_factor": 0.8810095962638829, "saturation_factor": 0.8929545108287598}, "halo": {"num": 2, "center_a": [1471, 1205], "dia_a": 2587.9156351407755, "center_b": [1471, 1205], "dia_b": 5570.462246772955}, "hole": {"center": [1698, 1325], "diameter_circle": 1815, "brightness_factor": -0.28127235709414267, "rad_w": 1217, "rad_h": 1031, "sigma": 972.8}}, "blur": {"sigma": 12.174256554015898, "rad_w": 5, "rad_h": 7}}}