{"name": "0607.png", "type": "001", "params": {"illumination": {"color": {"brightness_factor": 0.7524319707735672, "contrast_factor": 1.1948915310117794, "saturation_factor": 1.3243240681748452}, "halo": {"num": 1, "center_a": [1801, 1671], "dia_a": 2364.1075304079272, "center_b": [1801, 1671], "dia_b": 5078.4104184810785}, "hole": {"center": [2142, 1492], "diameter_circle": 1394, "brightness_factor": -0.2822537515791499, "rad_w": 895, "rad_h": 983, "sigma": 786.3999999999999}}}}