{"name": "0611.png", "type": "101", "params": {"illumination": {"color": {"brightness_factor": 0.897030936575971, "contrast_factor": 0.6854191874763704, "saturation_factor": 1.285096886148003}, "halo": {"num": 2, "center_a": [1626, 1441], "dia_a": 2479.642593350199, "center_b": [1626, 1441], "dia_b": 5512.0309709649555}, "hole": {"center": [1287, 1645], "diameter_circle": 2023, "brightness_factor": -0.28874929423171203, "rad_w": 1341, "rad_h": 1383, "sigma": 1106.3999999999999}}, "blur": {"sigma": 13.341122789563507, "rad_w": 5, "rad_h": 5}}}