{"name": "0611.png", "type": "001", "params": {"illumination": {"color": {"brightness_factor": 0.7912345505955503, "contrast_factor": 0.8219283192227604, "saturation_factor": 0.8563613176871251}, "halo": {"num": 1, "center_a": [1975, 1590], "dia_a": 2725.433878935944, "center_b": [1975, 1590], "dia_b": 5489.220215400486}, "hole": {"center": [1407, 1453], "diameter_circle": 1298, "brightness_factor": -0.28457841202258943, "rad_w": 899, "rad_h": 813, "sigma": 719.1999999999999}}}}