{"name": "0613.png", "type": "101", "params": {"illumination": {"color": {"brightness_factor": 0.9792146059792228, "contrast_factor": 0.8158612932716742, "saturation_factor": 0.6765291409130194}, "halo": {"num": 2, "center_a": [1674, 1180], "dia_a": 2846.5419033719345, "center_b": [1674, 1180], "dia_b": 5129.231123523892}, "hole": {"center": [1925, 1780], "diameter_circle": 2025, "brightness_factor": -0.2861571316508303, "rad_w": 1449, "rad_h": 1413, "sigma": 1158.3999999999999}}, "blur": {"sigma": 10.824312142266463, "rad_w": 5, "rad_h": 3}}}