{"name": "0613.png", "type": "001", "params": {"illumination": {"color": {"brightness_factor": 0.9858079484372984, "contrast_factor": 1.324606871770348, "saturation_factor": 1.1895459084093747}, "halo": {"num": 2, "center_a": [1509, 1714], "dia_a": 2654.600810546827, "center_b": [1509, 1714], "dia_b": 5295.422594130481}, "hole": {"center": [1494, 1405], "diameter_circle": 1919, "brightness_factor": -0.28603872017509346, "rad_w": 1297, "rad_h": 1097, "sigma": 1036.8}}}}