{"name": "0615.png", "type": "001", "params": {"illumination": {"color": {"brightness_factor": 1.0698396392635752, "contrast_factor": 1.3733086745244378, "saturation_factor": 1.2164902851175436}, "halo": {"num": 2, "center_a": [1658, 1218], "dia_a": 2150.0185291772195, "center_b": [1658, 1218], "dia_b": 4924.499039538734}, "hole": {"center": [2000, 1288], "diameter_circle": 1813, "brightness_factor": -0.290982747950551, "rad_w": 1125, "rad_h": 1331, "sigma": 1064.0}}}}