{"name": "0615.png", "type": "101", "params": {"illumination": {"color": {"brightness_factor": 1.0888300430485296, "contrast_factor": 0.8081019776700402, "saturation_factor": 1.3336141844205047}, "halo": {"num": 1, "center_a": [1708, 1277], "dia_a": 2187.241408153248, "center_b": [1708, 1277], "dia_b": 4661.693119112442}, "hole": {"center": [819, 1425], "diameter_circle": 1663, "brightness_factor": -0.29379883956106667, "rad_w": 989, "rad_h": 1063, "sigma": 849.6}}, "blur": {"sigma": 8.745949267387077, "rad_w": 3, "rad_h": 3}}}