{"name": "0618.png", "type": "101", "params": {"illumination": {"color": {"brightness_factor": 0.8543112737603007, "contrast_factor": 0.7204265302573, "saturation_factor": 0.7390845443831762}, "halo": {"num": 2, "center_a": [1177, 806], "dia_a": 1674.5008232076868, "center_b": [1177, 806], "dia_b": 3859.3255324114784}, "hole": {"center": [739, 1162], "diameter_circle": 1342, "brightness_factor": -0.28405414870559875, "rad_w": 755, "rad_h": 827, "sigma": 661.5999999999999}}, "blur": {"sigma": 5.166370849297372, "rad_w": 3, "rad_h": 1}}}