{"name": "0618.png", "type": "001", "params": {"illumination": {"color": {"brightness_factor": 0.8646523084046014, "contrast_factor": 0.8241577527209055, "saturation_factor": 1.2572219490856429}, "halo": {"num": 2, "center_a": [832, 1178], "dia_a": 1862.0172587147574, "center_b": [832, 1178], "dia_b": 3714.6979155660865}, "hole": {"center": [893, 1081], "diameter_circle": 1201, "brightness_factor": -0.28316574887995755, "rad_w": 895, "rad_h": 767, "sigma": 715.9999999999999}}}}