{"name": "0622.png", "type": "001", "params": {"illumination": {"color": {"brightness_factor": 1.0168101531773086, "contrast_factor": 1.0584830890973138, "saturation_factor": 1.3955005854094116}, "halo": {"num": 1, "center_a": [1582, 1702], "dia_a": 3048.158185299026, "center_b": [1582, 1702], "dia_b": 5533.887967988584}, "hole": {"center": [849, 1238], "diameter_circle": 1935, "brightness_factor": -0.2845459671245401, "rad_w": 1119, "rad_h": 1299, "sigma": 1039.2}}}}