{"name": "0622.png", "type": "101", "params": {"illumination": {"color": {"brightness_factor": 1.169320303741408, "contrast_factor": 0.704608177378473, "saturation_factor": 0.9067585160019457}, "halo": {"num": 1, "center_a": [1452, 1716], "dia_a": 3092.2281363594516, "center_b": [1452, 1716], "dia_b": 6239.286222395675}, "hole": {"center": [1293, 1809], "diameter_circle": 1693, "brightness_factor": -0.29500409708505804, "rad_w": 1255, "rad_h": 967, "sigma": 1003.9999999999999}}, "blur": {"sigma": 13.614896741109002, "rad_w": 7, "rad_h": 5}}}