{"name": "0623.png", "type": "001", "params": {"illumination": {"color": {"brightness_factor": 1.026059311753264, "contrast_factor": 0.9804924453306876, "saturation_factor": 1.3658119041161738}, "halo": {"num": 2, "center_a": [1176, 1142], "dia_a": 1902.2488146921662, "center_b": [1176, 1142], "dia_b": 4312.212892147045}, "hole": {"center": [1476, 1313], "diameter_circle": 1605, "brightness_factor": -0.28290989948240575, "rad_w": 1111, "rad_h": 931, "sigma": 888.8}}}}