{"name": "0623.png", "type": "101", "params": {"illumination": {"color": {"brightness_factor": 1.0433532697369137, "contrast_factor": 0.9159220032064161, "saturation_factor": 1.350648733739668}, "halo": {"num": 1, "center_a": [1281, 1541], "dia_a": 1856.0956297752523, "center_b": [1281, 1541], "dia_b": 4621.504927321162}, "hole": {"center": [1187, 1258], "diameter_circle": 1050, "brightness_factor": -0.2852986889367157, "rad_w": 717, "rad_h": 669, "sigma": 573.6}}, "blur": {"sigma": 9.490304766034711, "rad_w": 5, "rad_h": 3}}}