{"name": "0625.png", "type": "101", "params": {"illumination": {"color": {"brightness_factor": 0.8401089399019916, "contrast_factor": 0.8275909509786452, "saturation_factor": 1.0734539023100662}, "halo": {"num": 2, "center_a": [1996, 1608], "dia_a": 3018.740203334563, "center_b": [1996, 1608], "dia_b": 6812.908101955667}, "hole": {"center": [1712, 1350], "diameter_circle": 1554, "brightness_factor": -0.2869549917780773, "rad_w": 1049, "rad_h": 887, "sigma": 838.4}}, "blur": {"sigma": 7.545691780367837, "rad_w": 3, "rad_h": 3}}}