{"name": "0625.png", "type": "001", "params": {"illumination": {"color": {"brightness_factor": 0.8664961457072544, "contrast_factor": 1.2740999760273373, "saturation_factor": 1.2715219955029666}, "halo": {"num": 2, "center_a": [1967, 1869], "dia_a": 2953.0306668420703, "center_b": [1967, 1869], "dia_b": 5888.673332575883}, "hole": {"center": [1480, 1859], "diameter_circle": 1529, "brightness_factor": -0.28961250791963145, "rad_w": 929, "rad_h": 841, "sigma": 743.1999999999999}}}}