{"name": "0626.png", "type": "001", "params": {"illumination": {"color": {"brightness_factor": 0.873673790285209, "contrast_factor": 1.2874486521198174, "saturation_factor": 0.9151263221677717}, "halo": {"num": 2, "center_a": [987, 920], "dia_a": 2278.9894436485615, "center_b": [987, 920], "dia_b": 3685.194667876081}, "hole": {"center": [1554, 1227], "diameter_circle": 1003, "brightness_factor": -0.2777189540832091, "rad_w": 611, "rad_h": 749, "sigma": 599.1999999999999}}}}