{"name": "0626.png", "type": "101", "params": {"illumination": {"color": {"brightness_factor": 0.7869976273809147, "contrast_factor": 1.003171215138245, "saturation_factor": 1.2112327852918514}, "halo": {"num": 2, "center_a": [1127, 1046], "dia_a": 2266.4440342785038, "center_b": [1127, 1046], "dia_b": 4012.2855317049534}, "hole": {"center": [1279, 1000], "diameter_circle": 1212, "brightness_factor": -0.27730725268245826, "rad_w": 875, "rad_h": 745, "sigma": 699.1999999999999}}, "blur": {"sigma": 14.875791911540919, "rad_w": 7, "rad_h": 5}}}