{"name": "0628.png", "type": "001", "params": {"illumination": {"color": {"brightness_factor": 0.7302571808891061, "contrast_factor": 1.1366361445054416, "saturation_factor": 1.1089878804900217}, "halo": {"num": 1, "center_a": [1163, 1249], "dia_a": 2734.4551115284835, "center_b": [1163, 1249], "dia_b": 5295.061891397507}, "hole": {"center": [2117, 1845], "diameter_circle": 1883, "brightness_factor": -0.28231982630880537, "rad_w": 1355, "rad_h": 1381, "sigma": 1104.0}}}}