{"name": "0628.png", "type": "101", "params": {"illumination": {"color": {"brightness_factor": 1.0176547819807018, "contrast_factor": 0.9886206756357614, "saturation_factor": 0.7628931068880815}, "halo": {"num": 1, "center_a": [1216, 1226], "dia_a": 2808.8238198726426, "center_b": [1216, 1226], "dia_b": 4781.689730220132}, "hole": {"center": [2231, 1878], "diameter_circle": 1507, "brightness_factor": -0.28902236122575903, "rad_w": 1087, "rad_h": 877, "sigma": 868.8}}, "blur": {"sigma": 12.069605660277631, "rad_w": 5, "rad_h": 7}}}