{"name": "0629.png", "type": "101", "params": {"illumination": {"color": {"brightness_factor": 1.0317232399018936, "contrast_factor": 0.8376453560272341, "saturation_factor": 0.9194929363828597}, "halo": {"num": 1, "center_a": [1589, 1964], "dia_a": 3171.7938328408513, "center_b": [1589, 1964], "dia_b": 5767.653306344067}, "hole": {"center": [1250, 1320], "diameter_circle": 1952, "brightness_factor": -0.28677092904694923, "rad_w": 1371, "rad_h": 1307, "sigma": 1095.9999999999998}}, "blur": {"sigma": 12.592131558706221, "rad_w": 7, "rad_h": 7}}}