{"name": "0629.png", "type": "001", "params": {"illumination": {"color": {"brightness_factor": 0.7029561424997891, "contrast_factor": 0.9169251937698184, "saturation_factor": 1.3629735720147507}, "halo": {"num": 1, "center_a": [1975, 1975], "dia_a": 2442.6261458470576, "center_b": [1975, 1975], "dia_b": 7503.0836983189865}, "hole": {"center": [1967, 1617], "diameter_circle": 1765, "brightness_factor": -0.2828082897312983, "rad_w": 1263, "rad_h": 1017, "sigma": 1009.5999999999999}}}}