{"name": "0630.png", "type": "001", "params": {"illumination": {"color": {"brightness_factor": 0.8160560077126476, "contrast_factor": 1.29606568758245, "saturation_factor": 1.0317276039577261}, "halo": {"num": 1, "center_a": [1900, 1388], "dia_a": 2784.7042567645385, "center_b": [1900, 1388], "dia_b": 6482.865301633365}, "hole": {"center": [1689, 1314], "diameter_circle": 2123, "brightness_factor": -0.29012527628238544, "rad_w": 1171, "rad_h": 1447, "sigma": 1157.6}}}}