{"name": "0630.png", "type": "101", "params": {"illumination": {"color": {"brightness_factor": 0.8137037761394758, "contrast_factor": 1.217359891815538, "saturation_factor": 1.3410453501606416}, "halo": {"num": 2, "center_a": [2051, 1496], "dia_a": 2597.3495943569915, "center_b": [2051, 1496], "dia_b": 5669.369282225185}, "hole": {"center": [1262, 1804], "diameter_circle": 1767, "brightness_factor": -0.2884353008760217, "rad_w": 1199, "rad_h": 1143, "sigma": 958.3999999999999}}, "blur": {"sigma": 5.769289715848785, "rad_w": 1, "rad_h": 3}}}