{"name": "0634.png", "type": "001", "params": {"illumination": {"color": {"brightness_factor": 1.071144988603582, "contrast_factor": 1.032530599091774, "saturation_factor": 1.1813633816413838}, "halo": {"num": 2, "center_a": [1367, 1557], "dia_a": 2323.069265643263, "center_b": [1367, 1557], "dia_b": 4617.215273125432}, "hole": {"center": [1338, 1237], "diameter_circle": 1859, "brightness_factor": -0.30287723408516803, "rad_w": 1255, "rad_h": 1261, "sigma": 1008.8}}}}