{"name": "0634.png", "type": "101", "params": {"illumination": {"color": {"brightness_factor": 0.7705304581760881, "contrast_factor": 1.1714699880395147, "saturation_factor": 1.2947025238607472}, "halo": {"num": 2, "center_a": [1644, 1254], "dia_a": 2456.607652770806, "center_b": [1644, 1254], "dia_b": 5964.705987617639}, "hole": {"center": [1597, 1789], "diameter_circle": 1272, "brightness_factor": -0.2930872664411301, "rad_w": 869, "rad_h": 793, "sigma": 695.1999999999999}}, "blur": {"sigma": 12.499692739976682, "rad_w": 7, "rad_h": 5}}}