{"name": "0637.png", "type": "101", "params": {"illumination": {"color": {"brightness_factor": 1.0657629983943289, "contrast_factor": 0.8660555189344541, "saturation_factor": 1.078214033219917}, "halo": {"num": 1, "center_a": [1480, 1460], "dia_a": 2136.6913432756805, "center_b": [1480, 1460], "dia_b": 4493.501399903118}, "hole": {"center": [1639, 1276], "diameter_circle": 1104, "brightness_factor": -0.2922667226553325, "rad_w": 721, "rad_h": 693, "sigma": 576.8}}, "blur": {"sigma": 8.05624436965736, "rad_w": 3, "rad_h": 3}}}