{"name": "0637.png", "type": "001", "params": {"illumination": {"color": {"brightness_factor": 1.0512342167259878, "contrast_factor": 0.7991791199899398, "saturation_factor": 0.6872650292822355}, "halo": {"num": 2, "center_a": [1500, 997], "dia_a": 2281.901422369057, "center_b": [1500, 997], "dia_b": 5280.971195325018}, "hole": {"center": [994, 1038], "diameter_circle": 1457, "brightness_factor": -0.28949310391005323, "rad_w": 1005, "rad_h": 901, "sigma": 803.1999999999999}}}}