{"name": "0642.png", "type": "001", "params": {"illumination": {"color": {"brightness_factor": 0.9357565941466772, "contrast_factor": 1.0429351486664133, "saturation_factor": 0.7969581597105291}, "halo": {"num": 2, "center_a": [1116, 1289], "dia_a": 2447.1708288479367, "center_b": [1116, 1289], "dia_b": 4797.329051371777}, "hole": {"center": [931, 1029], "diameter_circle": 1154, "brightness_factor": -0.2788227138596458, "rad_w": 711, "rad_h": 755, "sigma": 604.0}}}}