{"name": "0642.png", "type": "101", "params": {"illumination": {"color": {"brightness_factor": 1.0038988364199475, "contrast_factor": 0.9006462445952952, "saturation_factor": 1.3889994657263303}, "halo": {"num": 2, "center_a": [1299, 1094], "dia_a": 2256.552512665082, "center_b": [1299, 1094], "dia_b": 4701.349407341186}, "hole": {"center": [1559, 1497], "diameter_circle": 1493, "brightness_factor": -0.2813179886434671, "rad_w": 1057, "rad_h": 1061, "sigma": 848.7999999999998}}, "blur": {"sigma": 7.304335098425745, "rad_w": 3, "rad_h": 3}}}