{"name": "0643.png", "type": "001", "params": {"illumination": {"color": {"brightness_factor": 1.1669555094397688, "contrast_factor": 1.1331274128525797, "saturation_factor": 1.250837798855752}, "halo": {"num": 1, "center_a": [1686, 1422], "dia_a": 2645.1037745420126, "center_b": [1686, 1422], "dia_b": 5422.097785693617}, "hole": {"center": [1551, 1941], "diameter_circle": 1567, "brightness_factor": -0.2956070572153643, "rad_w": 949, "rad_h": 863, "sigma": 758.4}}}}