{"name": "0643.png", "type": "101", "params": {"illumination": {"color": {"brightness_factor": 0.8917669916932902, "contrast_factor": 0.7407888692293371, "saturation_factor": 0.997925211168759}, "halo": {"num": 2, "center_a": [1395, 1838], "dia_a": 2712.589570720194, "center_b": [1395, 1838], "dia_b": 5865.457242609893}, "hole": {"center": [1098, 1831], "diameter_circle": 1945, "brightness_factor": -0.28523001747237686, "rad_w": 1333, "rad_h": 1113, "sigma": 1066.3999999999999}}, "blur": {"sigma": 14.95631647554705, "rad_w": 7, "rad_h": 7}}}