{"name": "0645.png", "type": "101", "params": {"illumination": {"color": {"brightness_factor": 1.1176382069484707, "contrast_factor": 0.644886454157641, "saturation_factor": 1.0051824631812794}, "halo": {"num": 1, "center_a": [962, 1245], "dia_a": 2207.421388133131, "center_b": [962, 1245], "dia_b": 3686.1635028941582}, "hole": {"center": [1172, 1345], "diameter_circle": 966, "brightness_factor": -0.2778779196050241, "rad_w": 653, "rad_h": 705, "sigma": 564.0}}, "blur": {"sigma": 8.810820760735314, "rad_w": 3, "rad_h": 3}}}