{"name": "0645.png", "type": "001", "params": {"illumination": {"color": {"brightness_factor": 1.046858715764282, "contrast_factor": 1.0439445626878603, "saturation_factor": 1.3129585407023359}, "halo": {"num": 2, "center_a": [955, 1058], "dia_a": 2115.3429665840886, "center_b": [955, 1058], "dia_b": 3689.9943525298304}, "hole": {"center": [1361, 1256], "diameter_circle": 1337, "brightness_factor": -0.27862203127990864, "rad_w": 885, "rad_h": 737, "sigma": 708.0}}}}