{"name": "0647.png", "type": "001", "params": {"illumination": {"color": {"brightness_factor": 1.0229944868263545, "contrast_factor": 1.1727328389136162, "saturation_factor": 0.8103306366087318}, "halo": {"num": 1, "center_a": [1962, 1697], "dia_a": 3157.647340885725, "center_b": [1962, 1697], "dia_b": 5730.292389583501}, "hole": {"center": [1166, 1822], "diameter_circle": 1739, "brightness_factor": -0.3026539938901148, "rad_w": 1197, "rad_h": 1117, "sigma": 956.7999999999998}}}}