{"name": "0647.png", "type": "101", "params": {"illumination": {"color": {"brightness_factor": 0.9444288646517198, "contrast_factor": 0.6626452226315527, "saturation_factor": 1.263490326357306}, "halo": {"num": 2, "center_a": [1487, 1603], "dia_a": 2735.6609594242987, "center_b": [1487, 1603], "dia_b": 5169.449997137231}, "hole": {"center": [1638, 2012], "diameter_circle": 2242, "brightness_factor": -0.29918380208827094, "rad_w": 1329, "rad_h": 1477, "sigma": 1181.6}}, "blur": {"sigma": 6.469370988975301, "rad_w": 3, "rad_h": 3}}}