{"name": "0648.png", "type": "101", "params": {"illumination": {"color": {"brightness_factor": 0.9323681708262536, "contrast_factor": 1.2097562332774991, "saturation_factor": 1.0558778831903166}, "halo": {"num": 1, "center_a": [1277, 1866], "dia_a": 3075.4913777006636, "center_b": [1277, 1866], "dia_b": 5927.648873550361}, "hole": {"center": [1273, 1809], "diameter_circle": 2005, "brightness_factor": -0.2904533695571015, "rad_w": 1193, "rad_h": 1359, "sigma": 1086.3999999999999}}, "blur": {"sigma": 13.921832746399577, "rad_w": 5, "rad_h": 5}}}