{"name": "0648.png", "type": "001", "params": {"illumination": {"color": {"brightness_factor": 1.0650880981570292, "contrast_factor": 0.8549440533602143, "saturation_factor": 0.9640039779929095}, "halo": {"num": 2, "center_a": [1339, 1339], "dia_a": 2709.5438377825385, "center_b": [1339, 1339], "dia_b": 4727.1927365212005}, "hole": {"center": [1086, 1968], "diameter_circle": 1969, "brightness_factor": -0.29358002892794965, "rad_w": 1131, "rad_h": 1457, "sigma": 1165.6}}}}