{"name": "0649.png", "type": "101", "params": {"illumination": {"color": {"brightness_factor": 0.8842265353982546, "contrast_factor": 1.065070088332148, "saturation_factor": 1.2539654135442706}, "halo": {"num": 1, "center_a": [956, 1353], "dia_a": 2426.6730605581174, "center_b": [956, 1353], "dia_b": 5166.650682112578}, "hole": {"center": [852, 1208], "diameter_circle": 1450, "brightness_factor": -0.2915195466664571, "rad_w": 1063, "rad_h": 913, "sigma": 849.6}}, "blur": {"sigma": 12.834110008384584, "rad_w": 5, "rad_h": 7}}}