{"name": "0649.png", "type": "001", "params": {"illumination": {"color": {"brightness_factor": 0.8109012298564733, "contrast_factor": 0.728615910269919, "saturation_factor": 1.2029994016143277}, "halo": {"num": 2, "center_a": [940, 1066], "dia_a": 2331.738430413888, "center_b": [940, 1066], "dia_b": 3538.3201239136356}, "hole": {"center": [1389, 1272], "diameter_circle": 1396, "brightness_factor": -0.28510962165502374, "rad_w": 979, "rad_h": 809, "sigma": 782.4}}}}