{"name": "0650.png", "type": "001", "params": {"illumination": {"color": {"brightness_factor": 0.8030221339879817, "contrast_factor": 1.208741042314913, "saturation_factor": 0.7418561930616492}, "halo": {"num": 1, "center_a": [1765, 1374], "dia_a": 2621.510737476947, "center_b": [1765, 1374], "dia_b": 6765.665412852783}, "hole": {"center": [1430, 1372], "diameter_circle": 1700, "brightness_factor": -0.29145016292367365, "rad_w": 1087, "rad_h": 983, "sigma": 869.5999999999999}}}}