{"name": "0650.png", "type": "101", "params": {"illumination": {"color": {"brightness_factor": 0.7801587700527013, "contrast_factor": 0.6117986820003284, "saturation_factor": 1.1117871624519586}, "halo": {"num": 2, "center_a": [1309, 1882], "dia_a": 2402.409331451242, "center_b": [1309, 1882], "dia_b": 5609.282850545038}, "hole": {"center": [1113, 1641], "diameter_circle": 1275, "brightness_factor": -0.28972158136663206, "rad_w": 763, "rad_h": 799, "sigma": 639.1999999999999}}, "blur": {"sigma": 9.345674920617, "rad_w": 3, "rad_h": 5}}}