{"name": "0653.png", "type": "101", "params": {"illumination": {"color": {"brightness_factor": 0.8883107531656718, "contrast_factor": 1.2159630756778737, "saturation_factor": 1.0240923230808094}, "halo": {"num": 1, "center_a": [1788, 1518], "dia_a": 3200.413479539609, "center_b": [1788, 1518], "dia_b": 6189.118683909434}, "hole": {"center": [1798, 1938], "diameter_circle": 1859, "brightness_factor": -0.28634902616370245, "rad_w": 1143, "rad_h": 1121, "sigma": 913.5999999999999}}, "blur": {"sigma": 5.00157328086501, "rad_w": 3, "rad_h": 3}}}