{"name": "0653.png", "type": "001", "params": {"illumination": {"color": {"brightness_factor": 1.0331300167679, "contrast_factor": 0.6906970113049873, "saturation_factor": 1.0433571408326299}, "halo": {"num": 2, "center_a": [1797, 1836], "dia_a": 2841.7526990193887, "center_b": [1797, 1836], "dia_b": 6524.427168047801}, "hole": {"center": [1402, 1442], "diameter_circle": 1983, "brightness_factor": -0.29245191381262314, "rad_w": 1487, "rad_h": 1155, "sigma": 1188.8}}}}