{"name": "0656.png", "type": "001", "params": {"illumination": {"color": {"brightness_factor": 0.8999428454239055, "contrast_factor": 0.6722828737057014, "saturation_factor": 1.1542830784425515}, "halo": {"num": 2, "center_a": [1420, 1538], "dia_a": 2590.9158211003896, "center_b": [1420, 1538], "dia_b": 4922.025843721351}, "hole": {"center": [1581, 1985], "diameter_circle": 1896, "brightness_factor": -0.28512295359453765, "rad_w": 1085, "rad_h": 1135, "sigma": 907.9999999999999}}}}