{"name": "0656.png", "type": "101", "params": {"illumination": {"color": {"brightness_factor": 1.0979376611229477, "contrast_factor": 0.7670419505545754, "saturation_factor": 0.953688515854711}, "halo": {"num": 1, "center_a": [1388, 1831], "dia_a": 2711.372607538558, "center_b": [1388, 1831], "dia_b": 6267.941064339544}, "hole": {"center": [1143, 1937], "diameter_circle": 1490, "brightness_factor": -0.2959958670309864, "rad_w": 1027, "rad_h": 1101, "sigma": 880.8}}, "blur": {"sigma": 14.873610230697192, "rad_w": 7, "rad_h": 7}}}