{"name": "0659.png", "type": "001", "params": {"illumination": {"color": {"brightness_factor": 1.144666051872015, "contrast_factor": 1.3905883875825469, "saturation_factor": 1.2596783981327802}, "halo": {"num": 2, "center_a": [1293, 1739], "dia_a": 2429.961052253058, "center_b": [1293, 1739], "dia_b": 5986.135392951001}, "hole": {"center": [2094, 1239], "diameter_circle": 1905, "brightness_factor": -0.30464632976265127, "rad_w": 1411, "rad_h": 1335, "sigma": 1128.8}}}}