{"name": "0659.png", "type": "101", "params": {"illumination": {"color": {"brightness_factor": 0.9913516134840105, "contrast_factor": 0.765247562327407, "saturation_factor": 0.7713365485156389}, "halo": {"num": 2, "center_a": [1388, 1660], "dia_a": 2503.161584449286, "center_b": [1388, 1660], "dia_b": 5794.761977236411}, "hole": {"center": [1615, 1782], "diameter_circle": 1461, "brightness_factor": -0.2976073230993779, "rad_w": 933, "rad_h": 1009, "sigma": 806.4}}, "blur": {"sigma": 6.555005814583147, "rad_w": 3, "rad_h": 3}}}