{"name": "0663.png", "type": "001", "params": {"illumination": {"color": {"brightness_factor": 0.89945716205564, "contrast_factor": 1.0637825006071275, "saturation_factor": 0.6435530024411326}, "halo": {"num": 2, "center_a": [1472, 1151], "dia_a": 2273.679312301691, "center_b": [1472, 1151], "dia_b": 4352.195245098339}, "hole": {"center": [716, 945], "diameter_circle": 1085, "brightness_factor": -0.2847217800361125, "rad_w": 665, "rad_h": 803, "sigma": 641.5999999999999}}}}