{"name": "0663.png", "type": "101", "params": {"illumination": {"color": {"brightness_factor": 0.7001522709529828, "contrast_factor": 1.2125181472574624, "saturation_factor": 0.9038312637242825}, "halo": {"num": 2, "center_a": [938, 1084], "dia_a": 2412.4437694752187, "center_b": [938, 1084], "dia_b": 3669.495312647669}, "hole": {"center": [1223, 1424], "diameter_circle": 1376, "brightness_factor": -0.28006433308830997, "rad_w": 791, "rad_h": 785, "sigma": 631.9999999999999}}, "blur": {"sigma": 9.441521006405216, "rad_w": 3, "rad_h": 3}}}