{"name": "0664.png", "type": "001", "params": {"illumination": {"color": {"brightness_factor": 0.9486703891147061, "contrast_factor": 1.2851899694530349, "saturation_factor": 0.8654043159388819}, "halo": {"num": 1, "center_a": [1284, 845], "dia_a": 1590.4694395803042, "center_b": [1284, 845], "dia_b": 3934.9980525454775}, "hole": {"center": [1306, 1272], "diameter_circle": 1285, "brightness_factor": -0.2902685008174351, "rad_w": 885, "rad_h": 841, "sigma": 707.1999999999999}}}}