{"name": "0664.png", "type": "101", "params": {"illumination": {"color": {"brightness_factor": 1.0404601145663919, "contrast_factor": 1.3661190030197774, "saturation_factor": 1.391541035162501}, "halo": {"num": 1, "center_a": [874, 839], "dia_a": 1808.185899212609, "center_b": [874, 839], "dia_b": 3418.9781426217996}, "hole": {"center": [979, 850], "diameter_circle": 982, "brightness_factor": -0.2867686918631352, "rad_w": 625, "rad_h": 729, "sigma": 583.1999999999999}}, "blur": {"sigma": 5.450815544141076, "rad_w": 3, "rad_h": 3}}}