{"name": "0665.png", "type": "101", "params": {"illumination": {"color": {"brightness_factor": 1.0513831203465815, "contrast_factor": 0.9717724133341125, "saturation_factor": 0.782602525196356}, "halo": {"num": 2, "center_a": [1774, 1822], "dia_a": 2939.8876766053936, "center_b": [1774, 1822], "dia_b": 5437.56362415237}, "hole": {"center": [1013, 1441], "diameter_circle": 2231, "brightness_factor": -0.29080930313888226, "rad_w": 1403, "rad_h": 1669, "sigma": 1335.1999999999998}}, "blur": {"sigma": 11.39288007742106, "rad_w": 5, "rad_h": 5}}}