{"name": "0665.png", "type": "001", "params": {"illumination": {"color": {"brightness_factor": 0.9685321808455908, "contrast_factor": 0.8072819582356022, "saturation_factor": 1.374892385470961}, "halo": {"num": 2, "center_a": [1434, 1953], "dia_a": 3091.8885692167487, "center_b": [1434, 1953], "dia_b": 5939.648133034241}, "hole": {"center": [1283, 1825], "diameter_circle": 2024, "brightness_factor": -0.2886801125460033, "rad_w": 1489, "rad_h": 1209, "sigma": 1190.3999999999999}}}}