{"name": "0669.png", "type": "101", "params": {"illumination": {"color": {"brightness_factor": 1.0660186012731967, "contrast_factor": 1.044663335773257, "saturation_factor": 0.9144049337712621}, "halo": {"num": 1, "center_a": [1591, 1650], "dia_a": 2708.2936127614785, "center_b": [1591, 1650], "dia_b": 5424.791980690556}, "hole": {"center": [1346, 1289], "diameter_circle": 1344, "brightness_factor": -0.29587427477376943, "rad_w": 891, "rad_h": 1007, "sigma": 805.5999999999999}}, "blur": {"sigma": 6.327892910452636, "rad_w": 3, "rad_h": 3}}}