{"name": "0669.png", "type": "001", "params": {"illumination": {"color": {"brightness_factor": 0.7553272482938651, "contrast_factor": 1.1450428246156503, "saturation_factor": 0.6887525184478386}, "halo": {"num": 1, "center_a": [1628, 1400], "dia_a": 2893.9715319096586, "center_b": [1628, 1400], "dia_b": 5763.477372361277}, "hole": {"center": [1021, 1598], "diameter_circle": 1390, "brightness_factor": -0.28542050043643247, "rad_w": 921, "rad_h": 859, "sigma": 735.9999999999999}}}}