{"name": "0670.png", "type": "001", "params": {"illumination": {"color": {"brightness_factor": 1.0354179945328679, "contrast_factor": 1.3402328646762551, "saturation_factor": 1.319725525608968}, "halo": {"num": 2, "center_a": [1238, 1774], "dia_a": 2663.6115292702048, "center_b": [1238, 1774], "dia_b": 6892.102373732057}, "hole": {"center": [1511, 1637], "diameter_circle": 1582, "brightness_factor": -0.30138682499330977, "rad_w": 1021, "rad_h": 1091, "sigma": 872.7999999999998}}}}