{"name": "0670.png", "type": "101", "params": {"illumination": {"color": {"brightness_factor": 0.9623998764806894, "contrast_factor": 1.2729692014024612, "saturation_factor": 0.8485864648772125}, "halo": {"num": 1, "center_a": [1543, 1381], "dia_a": 2465.866521306917, "center_b": [1543, 1381], "dia_b": 5818.4159339495645}, "hole": {"center": [940, 1311], "diameter_circle": 1997, "brightness_factor": -0.2995714009486061, "rad_w": 1131, "rad_h": 1185, "sigma": 947.1999999999998}}, "blur": {"sigma": 14.859961933175173, "rad_w": 5, "rad_h": 5}}}