{"name": "0671.png", "type": "001", "params": {"illumination": {"color": {"brightness_factor": 0.9299953609318512, "contrast_factor": 1.0586878395021768, "saturation_factor": 1.3606057946320291}, "halo": {"num": 1, "center_a": [1569, 2019], "dia_a": 2652.804750596063, "center_b": [1569, 2019], "dia_b": 5952.539696869546}, "hole": {"center": [2060, 1313], "diameter_circle": 2163, "brightness_factor": -0.2976644248598613, "rad_w": 1481, "rad_h": 1519, "sigma": 1215.1999999999998}}}}