{"name": "0675.png", "type": "101", "params": {"illumination": {"color": {"brightness_factor": 0.8595353587117269, "contrast_factor": 1.1458462481891207, "saturation_factor": 1.083045035371025}, "halo": {"num": 2, "center_a": [1099, 1049], "dia_a": 2003.9059120275128, "center_b": [1099, 1049], "dia_b": 4128.060643822188}, "hole": {"center": [1322, 999], "diameter_circle": 1194, "brightness_factor": -0.28844233087595267, "rad_w": 893, "rad_h": 791, "sigma": 713.5999999999999}}, "blur": {"sigma": 5.599296289149837, "rad_w": 1, "rad_h": 3}}}