{"name": "0675.png", "type": "001", "params": {"illumination": {"color": {"brightness_factor": 0.9829232152729845, "contrast_factor": 0.8302435166616289, "saturation_factor": 1.1085322182084814}, "halo": {"num": 1, "center_a": [1066, 1039], "dia_a": 1867.8546743686225, "center_b": [1066, 1039], "dia_b": 3328.990993198837}, "hole": {"center": [1461, 782], "diameter_circle": 1118, "brightness_factor": -0.29016141210066515, "rad_w": 691, "rad_h": 829, "sigma": 662.4}}}}