{"name": "0676.png", "type": "101", "params": {"illumination": {"color": {"brightness_factor": 0.9258352579446114, "contrast_factor": 1.3504050193401693, "saturation_factor": 1.2463339021855373}, "halo": {"num": 1, "center_a": [1099, 1143], "dia_a": 1972.217561904093, "center_b": [1099, 1143], "dia_b": 3403.0090518451098}, "hole": {"center": [822, 1193], "diameter_circle": 924, "brightness_factor": -0.3023997175873054, "rad_w": 631, "rad_h": 645, "sigma": 515.1999999999999}}, "blur": {"sigma": 8.014463971300781, "rad_w": 3, "rad_h": 3}}}