{"name": "0676.png", "type": "001", "params": {"illumination": {"color": {"brightness_factor": 0.9821668720421025, "contrast_factor": 1.3694095828028483, "saturation_factor": 1.2067663151524464}, "halo": {"num": 1, "center_a": [1314, 1309], "dia_a": 1823.972875871812, "center_b": [1314, 1309], "dia_b": 3957.893587436788}, "hole": {"center": [1121, 942], "diameter_circle": 1405, "brightness_factor": -0.3028623546209308, "rad_w": 773, "rad_h": 963, "sigma": 770.4}}}}