{"name": "0682.png", "type": "101", "params": {"illumination": {"color": {"brightness_factor": 0.8228242781319663, "contrast_factor": 1.1224904050997426, "saturation_factor": 0.7550444861997887}, "halo": {"num": 2, "center_a": [906, 1146], "dia_a": 1696.9292541428126, "center_b": [906, 1146], "dia_b": 3410.4957732597163}, "hole": {"center": [625, 874], "diameter_circle": 863, "brightness_factor": -0.28216698794103734, "rad_w": 549, "rad_h": 559, "sigma": 446.4}}, "blur": {"sigma": 5.749188913609266, "rad_w": 3, "rad_h": 1}}}