{"name": "0682.png", "type": "001", "params": {"illumination": {"color": {"brightness_factor": 0.7895952784478922, "contrast_factor": 1.3016830823677255, "saturation_factor": 0.9069951383918893}, "halo": {"num": 2, "center_a": [955, 963], "dia_a": 1718.9954746691758, "center_b": [955, 963], "dia_b": 4197.3306924630115}, "hole": {"center": [1015, 885], "diameter_circle": 1223, "brightness_factor": -0.28036569283385315, "rad_w": 905, "rad_h": 759, "sigma": 723.1999999999999}}}}