{"name": "0683.png", "type": "101", "params": {"illumination": {"color": {"brightness_factor": 0.7289453288841126, "contrast_factor": 1.0896989411264668, "saturation_factor": 0.7802882536929594}, "halo": {"num": 1, "center_a": [1475, 1671], "dia_a": 2548.3026960117504, "center_b": [1475, 1671], "dia_b": 6005.112356975232}, "hole": {"center": [819, 1531], "diameter_circle": 1972, "brightness_factor": -0.28401606637020277, "rad_w": 1421, "rad_h": 1465, "sigma": 1171.2}}, "blur": {"sigma": 6.720283202300052, "rad_w": 3, "rad_h": 3}}}