{"name": "0683.png", "type": "001", "params": {"illumination": {"color": {"brightness_factor": 0.9786724389205266, "contrast_factor": 1.0414337735479344, "saturation_factor": 1.014275810351574}, "halo": {"num": 1, "center_a": [1548, 1516], "dia_a": 2597.387873635634, "center_b": [1548, 1516], "dia_b": 4673.361471590103}, "hole": {"center": [2178, 1514], "diameter_circle": 1637, "brightness_factor": -0.2898807021300317, "rad_w": 901, "rad_h": 1021, "sigma": 816.0}}}}