{"name": "0684.png", "type": "001", "params": {"illumination": {"color": {"brightness_factor": 0.8332216871079672, "contrast_factor": 0.9359826484756901, "saturation_factor": 1.3861141468267184}, "halo": {"num": 1, "center_a": [1104, 892], "dia_a": 1994.0793236472537, "center_b": [1104, 892], "dia_b": 4215.689099540796}, "hole": {"center": [1184, 1226], "diameter_circle": 1359, "brightness_factor": -0.298157601691729, "rad_w": 993, "rad_h": 877, "sigma": 794.4}}}}