{"name": "0684.png", "type": "101", "params": {"illumination": {"color": {"brightness_factor": 1.0001911472324516, "contrast_factor": 1.1139514137023614, "saturation_factor": 0.6373525593929446}, "halo": {"num": 1, "center_a": [1268, 1223], "dia_a": 1548.6100108144499, "center_b": [1268, 1223], "dia_b": 3458.7892674072455}, "hole": {"center": [1446, 1002], "diameter_circle": 958, "brightness_factor": -0.31642758695173406, "rad_w": 547, "rad_h": 643, "sigma": 514.4}}, "blur": {"sigma": 14.549596917823301, "rad_w": 5, "rad_h": 7}}}