{"name": "0687.png", "type": "101", "params": {"illumination": {"color": {"brightness_factor": 1.1573576270411685, "contrast_factor": 1.1468156092995256, "saturation_factor": 0.8083081773081092}, "halo": {"num": 2, "center_a": [811, 993], "dia_a": 1671.7662208320203, "center_b": [811, 993], "dia_b": 3468.984433468801}, "hole": {"center": [707, 1119], "diameter_circle": 1253, "brightness_factor": -0.2850581364317928, "rad_w": 775, "rad_h": 715, "sigma": 619.9999999999999}}, "blur": {"sigma": 11.425979287713062, "rad_w": 5, "rad_h": 3}}}