{"name": "0687.png", "type": "001", "params": {"illumination": {"color": {"brightness_factor": 0.8987369854827503, "contrast_factor": 0.9573521149186456, "saturation_factor": 0.6511711625612385}, "halo": {"num": 2, "center_a": [961, 1299], "dia_a": 1781.769692779384, "center_b": [961, 1299], "dia_b": 4046.789292574718}, "hole": {"center": [1474, 987], "diameter_circle": 1087, "brightness_factor": -0.27863499903611855, "rad_w": 683, "rad_h": 629, "sigma": 545.5999999999999}}}}