{"name": "0691.png", "type": "101", "params": {"illumination": {"color": {"brightness_factor": 0.7706721933510315, "contrast_factor": 1.3713155514231636, "saturation_factor": 1.3397043089873264}, "halo": {"num": 2, "center_a": [1949, 1861], "dia_a": 2487.8579442340897, "center_b": [1949, 1861], "dia_b": 6535.943190095591}, "hole": {"center": [1893, 1346], "diameter_circle": 2170, "brightness_factor": -0.28746244345013605, "rad_w": 1605, "rad_h": 1325, "sigma": 1283.1999999999998}}, "blur": {"sigma": 12.75507314111325, "rad_w": 5, "rad_h": 5}}}