{"name": "0691.png", "type": "001", "params": {"illumination": {"color": {"brightness_factor": 0.9842496573500341, "contrast_factor": 0.8477136783167795, "saturation_factor": 1.3058653537129452}, "halo": {"num": 1, "center_a": [1537, 1565], "dia_a": 2580.5257869015004, "center_b": [1537, 1565], "dia_b": 6383.239386522202}, "hole": {"center": [1486, 1627], "diameter_circle": 1715, "brightness_factor": -0.2909364285011371, "rad_w": 1065, "rad_h": 1021, "sigma": 851.1999999999999}}}}