{"name": "0695.png", "type": "101", "params": {"illumination": {"color": {"brightness_factor": 0.8448782923692815, "contrast_factor": 0.9623776358427574, "saturation_factor": 1.2128300053744296}, "halo": {"num": 1, "center_a": [1953, 1404], "dia_a": 2599.3139612153973, "center_b": [1953, 1404], "dia_b": 6944.907921622202}, "hole": {"center": [2204, 1930], "diameter_circle": 1945, "brightness_factor": -0.2828828432427066, "rad_w": 1071, "rad_h": 1415, "sigma": 1131.1999999999998}}, "blur": {"sigma": 10.612708949886276, "rad_w": 5, "rad_h": 5}}}