{"name": "0695.png", "type": "001", "params": {"illumination": {"color": {"brightness_factor": 0.8090814975018099, "contrast_factor": 0.7376151354451241, "saturation_factor": 1.2296835435348508}, "halo": {"num": 2, "center_a": [1747, 1213], "dia_a": 2429.2896846331614, "center_b": [1747, 1213], "dia_b": 6735.034508258019}, "hole": {"center": [1418, 1617], "diameter_circle": 1346, "brightness_factor": -0.2805749280170604, "rad_w": 873, "rad_h": 745, "sigma": 698.4}}}}