{"name": "0698.png", "type": "001", "params": {"illumination": {"color": {"brightness_factor": 0.7774403353400365, "contrast_factor": 0.6219075675627838, "saturation_factor": 0.8239629782845992}, "halo": {"num": 2, "center_a": [1085, 1528], "dia_a": 2350.6223031174245, "center_b": [1085, 1528], "dia_b": 4528.181325033969}, "hole": {"center": [1696, 1330], "diameter_circle": 1695, "brightness_factor": -0.28820671314143037, "rad_w": 947, "rad_h": 1011, "sigma": 808.8}}}}