{"name": "0698.png", "type": "101", "params": {"illumination": {"color": {"brightness_factor": 0.7958899553104453, "contrast_factor": 1.2758058786619628, "saturation_factor": 1.083761565324093}, "halo": {"num": 1, "center_a": [1233, 1317], "dia_a": 2027.5263758436233, "center_b": [1233, 1317], "dia_b": 4185.182300998937}, "hole": {"center": [1369, 1198], "diameter_circle": 1605, "brightness_factor": -0.28862326793053533, "rad_w": 1061, "rad_h": 1159, "sigma": 926.4}}, "blur": {"sigma": 9.775606185768547, "rad_w": 3, "rad_h": 3}}}