{"name": "0699.png", "type": "101", "params": {"illumination": {"color": {"brightness_factor": 0.9187192431087052, "contrast_factor": 0.8061262819933148, "saturation_factor": 1.3912499491939458}, "halo": {"num": 2, "center_a": [975, 1092], "dia_a": 1813.033545277602, "center_b": [975, 1092], "dia_b": 3989.35481483638}, "hole": {"center": [623, 1079], "diameter_circle": 780, "brightness_factor": 0, "rad_w": 483, "rad_h": 509, "sigma": 407.2}}, "blur": {"sigma": 9.180748425800786, "rad_w": 5, "rad_h": 3}}}