{"name": "0699.png", "type": "001", "params": {"illumination": {"color": {"brightness_factor": 1.1494862296375086, "contrast_factor": 1.3060387313868973, "saturation_factor": 0.8636721631048275}, "halo": {"num": 2, "center_a": [704, 1110], "dia_a": 1592.9717625413211, "center_b": [704, 1110], "dia_b": 3685.640156676384}, "hole": {"center": [1238, 952], "diameter_circle": 1264, "brightness_factor": -0.2761507202415224, "rad_w": 835, "rad_h": 915, "sigma": 731.1999999999999}}}}