{"name": "0700.png", "type": "101", "params": {"illumination": {"color": {"brightness_factor": 1.0643544821591746, "contrast_factor": 0.9539088824175683, "saturation_factor": 1.0925841956034648}, "halo": {"num": 1, "center_a": [1571, 1806], "dia_a": 2508.8035224465175, "center_b": [1571, 1806], "dia_b": 5786.007232245804}, "hole": {"center": [973, 1319], "diameter_circle": 1721, "brightness_factor": -0.3085341642356328, "rad_w": 1003, "rad_h": 987, "sigma": 801.6}}, "blur": {"sigma": 8.12735485717985, "rad_w": 3, "rad_h": 5}}}