{"name": "0700.png", "type": "001", "params": {"illumination": {"color": {"brightness_factor": 1.127571718491976, "contrast_factor": 0.6107139813912071, "saturation_factor": 0.6922505217270016}, "halo": {"num": 1, "center_a": [1691, 1780], "dia_a": 2663.9786439351687, "center_b": [1691, 1780], "dia_b": 5760.965292468922}, "hole": {"center": [2155, 1643], "diameter_circle": 1962, "brightness_factor": -0.30773624754402884, "rad_w": 1171, "rad_h": 1367, "sigma": 1092.8}}}}