{"name": "0702.png", "type": "101", "params": {"illumination": {"color": {"brightness_factor": 1.1275234444510036, "contrast_factor": 1.1759532915494462, "saturation_factor": 1.1679966859304165}, "halo": {"num": 2, "center_a": [991, 1106], "dia_a": 2207.1699939973823, "center_b": [991, 1106], "dia_b": 3732.3875314673674}, "hole": {"center": [869, 961], "diameter_circle": 1548, "brightness_factor": -0.29063690950840615, "rad_w": 947, "rad_h": 991, "sigma": 792.8}}, "blur": {"sigma": 13.973394139044421, "rad_w": 7, "rad_h": 5}}}