{"name": "0702.png", "type": "001", "params": {"illumination": {"color": {"brightness_factor": 1.108013018296853, "contrast_factor": 1.1558682970836942, "saturation_factor": 0.8357584772216717}, "halo": {"num": 1, "center_a": [1102, 1383], "dia_a": 1842.6783668751082, "center_b": [1102, 1383], "dia_b": 4545.375299961872}, "hole": {"center": [1635, 876], "diameter_circle": 1374, "brightness_factor": -0.29679434640397634, "rad_w": 915, "rad_h": 903, "sigma": 732.0}}}}