{"name": "0704.png", "type": "101", "params": {"illumination": {"color": {"brightness_factor": 1.0070066150938297, "contrast_factor": 0.8238071660646558, "saturation_factor": 0.7250861235459451}, "halo": {"num": 2, "center_a": [1468, 1225], "dia_a": 2597.2417642102655, "center_b": [1468, 1225], "dia_b": 5293.425052028264}, "hole": {"center": [1194, 1879], "diameter_circle": 1965, "brightness_factor": -0.2871541875202783, "rad_w": 1281, "rad_h": 1447, "sigma": 1157.6}}, "blur": {"sigma": 14.46191408040227, "rad_w": 5, "rad_h": 7}}}