{"name": "0704.png", "type": "001", "params": {"illumination": {"color": {"brightness_factor": 1.0872067724038506, "contrast_factor": 0.7134459881833557, "saturation_factor": 0.8727523596329099}, "halo": {"num": 1, "center_a": [1962, 1928], "dia_a": 3016.639120426213, "center_b": [1962, 1928], "dia_b": 5829.379836023213}, "hole": {"center": [889, 1860], "diameter_circle": 1586, "brightness_factor": -0.28713565623792126, "rad_w": 1067, "rad_h": 1085, "sigma": 867.1999999999999}}}}