{"name": "0705.png", "type": "101", "params": {"illumination": {"color": {"brightness_factor": 0.7128919256127888, "contrast_factor": 0.7077975117560995, "saturation_factor": 1.2277524673192226}, "halo": {"num": 1, "center_a": [770, 1160], "dia_a": 1696.555362559865, "center_b": [770, 1160], "dia_b": 3192.001239211698}, "hole": {"center": [1392, 1247], "diameter_circle": 1062, "brightness_factor": -0.27346222342204074, "rad_w": 749, "rad_h": 587, "sigma": 599.1999999999999}}, "blur": {"sigma": 7.549323049490838, "rad_w": 3, "rad_h": 3}}}