{"name": "0705.png", "type": "001", "params": {"illumination": {"color": {"brightness_factor": 0.9802461650401826, "contrast_factor": 1.2596803741960165, "saturation_factor": 0.771762888439052}, "halo": {"num": 2, "center_a": [1262, 946], "dia_a": 1664.1641815667754, "center_b": [1262, 946], "dia_b": 3860.606700613006}, "hole": {"center": [728, 1003], "diameter_circle": 980, "brightness_factor": -0.28209442851156563, "rad_w": 591, "rad_h": 713, "sigma": 570.4}}}}