{"name": "0710.png", "type": "001", "params": {"illumination": {"color": {"brightness_factor": 1.043832652766559, "contrast_factor": 1.2662259287680369, "saturation_factor": 1.1295714763096354}, "halo": {"num": 1, "center_a": [1415, 1172], "dia_a": 2363.1039986041524, "center_b": [1415, 1172], "dia_b": 5500.072079383787}, "hole": {"center": [1321, 1504], "diameter_circle": 2060, "brightness_factor": -0.28371947239459294, "rad_w": 1261, "rad_h": 1507, "sigma": 1204.8}}}}