{"name": "0710.png", "type": "101", "params": {"illumination": {"color": {"brightness_factor": 1.0809745096978136, "contrast_factor": 0.8698404000490969, "saturation_factor": 0.7750784411124674}, "halo": {"num": 1, "center_a": [1175, 1545], "dia_a": 2250.2423365467757, "center_b": [1175, 1545], "dia_b": 5458.966046322827}, "hole": {"center": [1183, 1828], "diameter_circle": 1480, "brightness_factor": -0.2879094031375565, "rad_w": 1073, "rad_h": 1077, "sigma": 861.6}}, "blur": {"sigma": 11.152579278385172, "rad_w": 5, "rad_h": 5}}}