{"name": "0711.png", "type": "001", "params": {"illumination": {"color": {"brightness_factor": 0.8139343158246019, "contrast_factor": 0.9032795762118503, "saturation_factor": 1.192310540100952}, "halo": {"num": 1, "center_a": [1783, 1541], "dia_a": 2660.1031486700504, "center_b": [1783, 1541], "dia_b": 5814.518821191872}, "hole": {"center": [1534, 1411], "diameter_circle": 2046, "brightness_factor": -0.2882327737695035, "rad_w": 1401, "rad_h": 1437, "sigma": 1148.8}}}}