{"name": "0711.png", "type": "101", "params": {"illumination": {"color": {"brightness_factor": 0.9254892947024742, "contrast_factor": 0.8162708050956291, "saturation_factor": 1.276530196358746}, "halo": {"num": 2, "center_a": [1877, 1934], "dia_a": 2500.7509143124266, "center_b": [1877, 1934], "dia_b": 6490.915354803308}, "hole": {"center": [1977, 1554], "diameter_circle": 2225, "brightness_factor": -0.2942781007471104, "rad_w": 1341, "rad_h": 1359, "sigma": 1087.2}}, "blur": {"sigma": 8.992743508345438, "rad_w": 5, "rad_h": 3}}}