{"name": "0713.png", "type": "001", "params": {"illumination": {"color": {"brightness_factor": 0.7389400939302171, "contrast_factor": 1.1780268099455662, "saturation_factor": 0.8015921983694849}, "halo": {"num": 2, "center_a": [1830, 1580], "dia_a": 3219.6889899471003, "center_b": [1830, 1580], "dia_b": 5911.528803956317}, "hole": {"center": [1128, 1254], "diameter_circle": 1447, "brightness_factor": -0.2814923074485193, "rad_w": 925, "rad_h": 925, "sigma": 739.9999999999999}}}}