{"name": "0713.png", "type": "101", "params": {"illumination": {"color": {"brightness_factor": 0.9198587798807903, "contrast_factor": 0.8968493747019002, "saturation_factor": 1.0772354693707304}, "halo": {"num": 1, "center_a": [1577, 1763], "dia_a": 3124.3204247992403, "center_b": [1577, 1763], "dia_b": 5843.067712334752}, "hole": {"center": [2139, 1749], "diameter_circle": 1721, "brightness_factor": -0.2884944219312045, "rad_w": 1009, "rad_h": 1033, "sigma": 825.6}}, "blur": {"sigma": 10.955557336047239, "rad_w": 5, "rad_h": 3}}}