{"name": "0714.png", "type": "001", "params": {"illumination": {"color": {"brightness_factor": 0.747449234154147, "contrast_factor": 0.9608345284378625, "saturation_factor": 1.258781595660818}, "halo": {"num": 1, "center_a": [1209, 1750], "dia_a": 2356.2175028533993, "center_b": [1209, 1750], "dia_b": 5612.372922575083}, "hole": {"center": [1708, 1282], "diameter_circle": 1577, "brightness_factor": -0.2858648480164035, "rad_w": 903, "rad_h": 945, "sigma": 755.1999999999999}}}}