{"name": "0714.png", "type": "101", "params": {"illumination": {"color": {"brightness_factor": 0.8783816734229088, "contrast_factor": 0.887017455088592, "saturation_factor": 1.319100481243284}, "halo": {"num": 2, "center_a": [1499, 1166], "dia_a": 2371.605327489896, "center_b": [1499, 1166], "dia_b": 5706.552342030398}, "hole": {"center": [1830, 1641], "diameter_circle": 1572, "brightness_factor": -0.2847955728387223, "rad_w": 1119, "rad_h": 1107, "sigma": 895.1999999999999}}, "blur": {"sigma": 14.212714248875708, "rad_w": 7, "rad_h": 7}}}