{"name": "0715.png", "type": "101", "params": {"illumination": {"color": {"brightness_factor": 1.0819052900154222, "contrast_factor": 0.8148933258253441, "saturation_factor": 1.1315216628812395}, "halo": {"num": 1, "center_a": [1252, 1277], "dia_a": 3110.285219065629, "center_b": [1252, 1277], "dia_b": 6078.085806892811}, "hole": {"center": [846, 1433], "diameter_circle": 1812, "brightness_factor": -0.3020564781570438, "rad_w": 1195, "rad_h": 1021, "sigma": 955.9999999999999}}, "blur": {"sigma": 13.379759681657236, "rad_w": 5, "rad_h": 5}}}