{"name": "0715.png", "type": "001", "params": {"illumination": {"color": {"brightness_factor": 0.8275255978580052, "contrast_factor": 0.6589214862621375, "saturation_factor": 0.648585885643852}, "halo": {"num": 2, "center_a": [1963, 1368], "dia_a": 2707.975590447858, "center_b": [1963, 1368], "dia_b": 6702.352235651485}, "hole": {"center": [2396, 2001], "diameter_circle": 1419, "brightness_factor": -0.29586039037428336, "rad_w": 1061, "rad_h": 999, "sigma": 847.9999999999999}}}}