{"name": "0718.png", "type": "001", "params": {"illumination": {"color": {"brightness_factor": 0.8106120618770051, "contrast_factor": 0.9780143795515946, "saturation_factor": 1.3554591476420037}, "halo": {"num": 1, "center_a": [1114, 1424], "dia_a": 2507.455976220597, "center_b": [1114, 1424], "dia_b": 4599.493987725321}, "hole": {"center": [2074, 1381], "diameter_circle": 1233, "brightness_factor": -0.287649632923329, "rad_w": 701, "rad_h": 905, "sigma": 723.1999999999999}}}}