{"name": "0718.png", "type": "101", "params": {"illumination": {"color": {"brightness_factor": 1.0822545624281505, "contrast_factor": 1.28609831209859, "saturation_factor": 1.35326554926935}, "halo": {"num": 2, "center_a": [1239, 1247], "dia_a": 2693.385764212832, "center_b": [1239, 1247], "dia_b": 4418.627589647165}, "hole": {"center": [800, 1438], "diameter_circle": 1982, "brightness_factor": -0.297559989647424, "rad_w": 1405, "rad_h": 1433, "sigma": 1145.6}}, "blur": {"sigma": 11.110396011202877, "rad_w": 3, "rad_h": 5}}}