{"name": "0721.png", "type": "001", "params": {"illumination": {"color": {"brightness_factor": 0.7363146015887678, "contrast_factor": 0.9400930809622294, "saturation_factor": 0.8226880135017232}, "halo": {"num": 2, "center_a": [1458, 1306], "dia_a": 2038.5202186860663, "center_b": [1458, 1306], "dia_b": 5193.5776270641445}, "hole": {"center": [794, 1144], "diameter_circle": 1474, "brightness_factor": -0.28468493962391445, "rad_w": 815, "rad_h": 879, "sigma": 702.3999999999999}}}}