{"name": "0721.png", "type": "101", "params": {"illumination": {"color": {"brightness_factor": 0.9056765603193704, "contrast_factor": 0.6797732054843046, "saturation_factor": 1.384217507855455}, "halo": {"num": 1, "center_a": [1112, 1291], "dia_a": 2201.750585199519, "center_b": [1112, 1291], "dia_b": 4132.023982243099}, "hole": {"center": [1728, 1310], "diameter_circle": 1592, "brightness_factor": -0.29110396898701235, "rad_w": 997, "rad_h": 975, "sigma": 796.8}}, "blur": {"sigma": 9.521290733102646, "rad_w": 5, "rad_h": 3}}}