{"name": "0723.png", "type": "001", "params": {"illumination": {"color": {"brightness_factor": 0.8161054911433296, "contrast_factor": 1.1627387166544891, "saturation_factor": 0.9259396965575776}, "halo": {"num": 1, "center_a": [584, 433], "dia_a": 920.6215267372926, "center_b": [584, 433], "dia_b": 1918.919290792583}, "hole": {"center": [687, 547], "diameter_circle": 537, "brightness_factor": -0.28596949153973883, "rad_w": 345, "rad_h": 333, "sigma": 275.2}}}}