{"name": "0723.png", "type": "101", "params": {"illumination": {"color": {"brightness_factor": 0.9355591401374079, "contrast_factor": 0.7084966248753637, "saturation_factor": 1.3674665189394961}, "halo": {"num": 2, "center_a": [518, 563], "dia_a": 954.7307104006021, "center_b": [518, 563], "dia_b": 1924.1394092285805}, "hole": {"center": [645, 403], "diameter_circle": 421, "brightness_factor": -0.2867135004174982, "rad_w": 247, "rad_h": 245, "sigma": 196.79999999999998}}, "blur": {"sigma": 11.360249610128418, "rad_w": 3, "rad_h": 5}}}