{"name": "0726.png", "type": "101", "params": {"illumination": {"color": {"brightness_factor": 0.8519001193230509, "contrast_factor": 0.7082039682718434, "saturation_factor": 1.0086891182628444}, "halo": {"num": 1, "center_a": [1357, 1927], "dia_a": 2527.9914892265183, "center_b": [1357, 1927], "dia_b": 5208.004190578069}, "hole": {"center": [2165, 1272], "diameter_circle": 1488, "brightness_factor": -0.2865595111585427, "rad_w": 829, "rad_h": 1057, "sigma": 844.8}}, "blur": {"sigma": 13.28225021146776, "rad_w": 5, "rad_h": 5}}}