{"name": "0726.png", "type": "001", "params": {"illumination": {"color": {"brightness_factor": 1.0162393857692895, "contrast_factor": 0.9024825568105781, "saturation_factor": 1.2704599066664706}, "halo": {"num": 1, "center_a": [1584, 1467], "dia_a": 2854.513637607517, "center_b": [1584, 1467], "dia_b": 5980.668580355431}, "hole": {"center": [1909, 1238], "diameter_circle": 1350, "brightness_factor": -0.29163355116301976, "rad_w": 865, "rad_h": 855, "sigma": 691.1999999999999}}}}