{"name": "0727.png", "type": "001", "params": {"illumination": {"color": {"brightness_factor": 1.0413350680240419, "contrast_factor": 0.7540408832522081, "saturation_factor": 0.6282443753945831}, "halo": {"num": 2, "center_a": [1202, 1186], "dia_a": 3126.7532289701544, "center_b": [1202, 1186], "dia_b": 4487.863412275356}, "hole": {"center": [1137, 1690], "diameter_circle": 1934, "brightness_factor": -0.2906750500395936, "rad_w": 1409, "rad_h": 1209, "sigma": 1126.3999999999999}}}}