{"name": "0727.png", "type": "101", "params": {"illumination": {"color": {"brightness_factor": 0.8540203469300693, "contrast_factor": 1.3603239702597707, "saturation_factor": 0.9486263995018549}, "halo": {"num": 1, "center_a": [1358, 1542], "dia_a": 2671.8031285633683, "center_b": [1358, 1542], "dia_b": 5953.629716411934}, "hole": {"center": [1704, 1428], "diameter_circle": 2001, "brightness_factor": -0.28975937112085676, "rad_w": 1267, "rad_h": 1189, "sigma": 1013.5999999999999}}, "blur": {"sigma": 8.27751954922432, "rad_w": 5, "rad_h": 5}}}