{"name": "0728.png", "type": "101", "params": {"illumination": {"color": {"brightness_factor": 1.1140569564383298, "contrast_factor": 1.2250377091226388, "saturation_factor": 0.9836677216139793}, "halo": {"num": 2, "center_a": [1475, 1353], "dia_a": 2346.2100424038535, "center_b": [1475, 1353], "dia_b": 5428.625844638078}, "hole": {"center": [762, 1314], "diameter_circle": 1169, "brightness_factor": -0.27957948418604817, "rad_w": 757, "rad_h": 825, "sigma": 659.1999999999999}}, "blur": {"sigma": 9.753964940068492, "rad_w": 3, "rad_h": 5}}}