{"name": "0728.png", "type": "001", "params": {"illumination": {"color": {"brightness_factor": 0.8801680687272799, "contrast_factor": 1.0788474918018431, "saturation_factor": 0.8690421665765747}, "halo": {"num": 2, "center_a": [997, 1090], "dia_a": 2055.8801654840445, "center_b": [997, 1090], "dia_b": 4923.216465298903}, "hole": {"center": [1720, 1407], "diameter_circle": 1453, "brightness_factor": -0.27686856442232083, "rad_w": 909, "rad_h": 815, "sigma": 727.1999999999999}}}}