{"name": "0730.png", "type": "001", "params": {"illumination": {"color": {"brightness_factor": 0.7507778233305006, "contrast_factor": 0.9563837784419178, "saturation_factor": 0.9883727251628835}, "halo": {"num": 2, "center_a": [1267, 916], "dia_a": 2051.484690407429, "center_b": [1267, 916], "dia_b": 4507.56994333391}, "hole": {"center": [1399, 851], "diameter_circle": 967, "brightness_factor": -0.2800738510309419, "rad_w": 581, "rad_h": 721, "sigma": 576.8}}}}