{"name": "0730.png", "type": "101", "params": {"illumination": {"color": {"brightness_factor": 1.094771572868668, "contrast_factor": 0.6263777908909524, "saturation_factor": 0.6223401487869161}, "halo": {"num": 1, "center_a": [983, 963], "dia_a": 2009.0057496000318, "center_b": [983, 963], "dia_b": 3114.408088155468}, "hole": {"center": [772, 1101], "diameter_circle": 1429, "brightness_factor": -0.2905394485904291, "rad_w": 837, "rad_h": 1005, "sigma": 804.0}}, "blur": {"sigma": 14.97880213740674, "rad_w": 5, "rad_h": 7}}}