{"name": "0733.png", "type": "101", "params": {"illumination": {"color": {"brightness_factor": 1.0449780413858212, "contrast_factor": 0.8836255985776074, "saturation_factor": 1.084245249957694}, "halo": {"num": 2, "center_a": [1118, 1154], "dia_a": 2282.19229309036, "center_b": [1118, 1154], "dia_b": 4588.010977068527}, "hole": {"center": [952, 988], "diameter_circle": 1140, "brightness_factor": -0.2876176387283802, "rad_w": 731, "rad_h": 757, "sigma": 605.5999999999999}}, "blur": {"sigma": 7.93156287954652, "rad_w": 3, "rad_h": 3}}}