{"name": "0733.png", "type": "001", "params": {"illumination": {"color": {"brightness_factor": 1.0468367295464067, "contrast_factor": 0.658966946297772, "saturation_factor": 0.8210467901550353}, "halo": {"num": 2, "center_a": [1114, 1307], "dia_a": 2293.0406216364877, "center_b": [1114, 1307], "dia_b": 4077.647150723916}, "hole": {"center": [1583, 955], "diameter_circle": 1090, "brightness_factor": -0.28603384876530785, "rad_w": 675, "rad_h": 777, "sigma": 621.6}}}}