{"name": "0734.png", "type": "001", "params": {"illumination": {"color": {"brightness_factor": 0.7485205565585795, "contrast_factor": 0.6636382868440416, "saturation_factor": 0.7750196249612167}, "halo": {"num": 1, "center_a": [986, 1416], "dia_a": 1916.802404051697, "center_b": [986, 1416], "dia_b": 3807.6199077529136}, "hole": {"center": [821, 996], "diameter_circle": 1412, "brightness_factor": -0.28327849834408175, "rad_w": 933, "rad_h": 955, "sigma": 763.9999999999999}}}}