{"name": "0734.png", "type": "101", "params": {"illumination": {"color": {"brightness_factor": 0.7798462033246909, "contrast_factor": 0.6847716600901957, "saturation_factor": 1.3540671868425154}, "halo": {"num": 2, "center_a": [1293, 1289], "dia_a": 1838.624917639137, "center_b": [1293, 1289], "dia_b": 3843.9300471550687}, "hole": {"center": [1616, 1197], "diameter_circle": 1182, "brightness_factor": -0.28129678499805894, "rad_w": 807, "rad_h": 847, "sigma": 677.5999999999999}}, "blur": {"sigma": 14.19158569882268, "rad_w": 7, "rad_h": 7}}}