{"name": "0735.png", "type": "001", "params": {"illumination": {"color": {"brightness_factor": 0.8973777773021222, "contrast_factor": 0.6885828245920421, "saturation_factor": 1.360484164116034}, "halo": {"num": 2, "center_a": [1042, 1283], "dia_a": 1969.4856091234087, "center_b": [1042, 1283], "dia_b": 4154.416542522122}, "hole": {"center": [1292, 1015], "diameter_circle": 871, "brightness_factor": -0.2836869514152099, "rad_w": 589, "rad_h": 587, "sigma": 470.4}}}}