{"name": "0735.png", "type": "101", "params": {"illumination": {"color": {"brightness_factor": 0.9061168430752252, "contrast_factor": 1.3556575870068892, "saturation_factor": 0.6267898562223598}, "halo": {"num": 2, "center_a": [882, 1260], "dia_a": 1800.8536757943832, "center_b": [882, 1260], "dia_b": 4290.933378779503}, "hole": {"center": [1517, 1192], "diameter_circle": 1292, "brightness_factor": -0.28608296103086517, "rad_w": 875, "rad_h": 785, "sigma": 699.9999999999999}}, "blur": {"sigma": 10.821876748879461, "rad_w": 5, "rad_h": 5}}}