{"name": "0737.png", "type": "101", "params": {"illumination": {"color": {"brightness_factor": 1.0000454103168377, "contrast_factor": 0.8742386509999707, "saturation_factor": 0.7752382259381081}, "halo": {"num": 2, "center_a": [1225, 1981], "dia_a": 3213.379589936292, "center_b": [1225, 1981], "dia_b": 6025.378311799326}, "hole": {"center": [1362, 1339], "diameter_circle": 1565, "brightness_factor": -0.29354906123557134, "rad_w": 1097, "rad_h": 1091, "sigma": 877.5999999999999}}, "blur": {"sigma": 12.822240804052115, "rad_w": 5, "rad_h": 5}}}