{"name": "0737.png", "type": "001", "params": {"illumination": {"color": {"brightness_factor": 1.0025885035202697, "contrast_factor": 0.9400387584328975, "saturation_factor": 0.733638304718952}, "halo": {"num": 2, "center_a": [1611, 1985], "dia_a": 3166.1772207191957, "center_b": [1611, 1985], "dia_b": 5550.736157192235}, "hole": {"center": [1434, 1533], "diameter_circle": 1516, "brightness_factor": -0.29210002053030176, "rad_w": 993, "rad_h": 883, "sigma": 793.5999999999999}}}}