{"name": "0740.png", "type": "101", "params": {"illumination": {"color": {"brightness_factor": 0.7663726161611313, "contrast_factor": 1.2261093253455972, "saturation_factor": 1.2041700086598977}, "halo": {"num": 1, "center_a": [1616, 1335], "dia_a": 2440.616489819919, "center_b": [1616, 1335], "dia_b": 6102.852188280978}, "hole": {"center": [870, 1400], "diameter_circle": 1501, "brightness_factor": -0.2955150799289932, "rad_w": 991, "rad_h": 973, "sigma": 792.8}}, "blur": {"sigma": 7.8347263963025435, "rad_w": 3, "rad_h": 3}}}