{"name": "0740.png", "type": "001", "params": {"illumination": {"color": {"brightness_factor": 1.099442277262591, "contrast_factor": 0.8746463833107273, "saturation_factor": 1.20537672717479}, "halo": {"num": 2, "center_a": [1993, 1852], "dia_a": 2594.751592370475, "center_b": [1993, 1852], "dia_b": 6337.358992103315}, "hole": {"center": [1871, 1681], "diameter_circle": 2090, "brightness_factor": -0.30884643838310644, "rad_w": 1267, "rad_h": 1401, "sigma": 1120.8}}}}