{"name": "0741.png", "type": "001", "params": {"illumination": {"color": {"brightness_factor": 0.8681502634186959, "contrast_factor": 0.7279660511805162, "saturation_factor": 1.3457360738060817}, "halo": {"num": 2, "center_a": [2032, 1521], "dia_a": 2861.9713096836535, "center_b": [2032, 1521], "dia_b": 6800.623235649519}, "hole": {"center": [1685, 1962], "diameter_circle": 1879, "brightness_factor": -0.28784925266773026, "rad_w": 1223, "rad_h": 1095, "sigma": 977.5999999999999}}}}