{"name": "0741.png", "type": "101", "params": {"illumination": {"color": {"brightness_factor": 0.7808288461208581, "contrast_factor": 0.736655941560895, "saturation_factor": 0.8630487317624955}, "halo": {"num": 2, "center_a": [1347, 1540], "dia_a": 2861.859118430743, "center_b": [1347, 1540], "dia_b": 5175.294534689776}, "hole": {"center": [840, 1458], "diameter_circle": 1675, "brightness_factor": -0.2859725978116677, "rad_w": 1177, "rad_h": 1077, "sigma": 941.5999999999999}}, "blur": {"sigma": 11.84046957384355, "rad_w": 5, "rad_h": 5}}}