{"name": "0746.png", "type": "001", "params": {"illumination": {"color": {"brightness_factor": 1.1623348846423582, "contrast_factor": 0.9720457871388614, "saturation_factor": 1.1616411940057298}, "halo": {"num": 1, "center_a": [1732, 1345], "dia_a": 2693.6433546548055, "center_b": [1732, 1345], "dia_b": 5798.539097243531}, "hole": {"center": [840, 1546], "diameter_circle": 1691, "brightness_factor": -0.30766203932684333, "rad_w": 1215, "rad_h": 1183, "sigma": 971.1999999999998}}}}