{"name": "0746.png", "type": "101", "params": {"illumination": {"color": {"brightness_factor": 1.1203124245821816, "contrast_factor": 0.8654979147268207, "saturation_factor": 1.2811957735389388}, "halo": {"num": 2, "center_a": [1152, 1668], "dia_a": 2354.619786509208, "center_b": [1152, 1668], "dia_b": 5680.668458970678}, "hole": {"center": [1026, 1806], "diameter_circle": 1926, "brightness_factor": -0.30299465850193924, "rad_w": 1167, "rad_h": 1403, "sigma": 1122.3999999999999}}, "blur": {"sigma": 10.496488669386629, "rad_w": 5, "rad_h": 5}}}