{"name": "0748.png", "type": "101", "params": {"illumination": {"color": {"brightness_factor": 0.8902060323491885, "contrast_factor": 0.6495435808541047, "saturation_factor": 0.7894252378018627}, "halo": {"num": 2, "center_a": [1115, 1005], "dia_a": 1688.7901432501253, "center_b": [1115, 1005], "dia_b": 3521.783731070103}, "hole": {"center": [1027, 871], "diameter_circle": 1416, "brightness_factor": -0.2836454530980791, "rad_w": 879, "rad_h": 1061, "sigma": 847.9999999999999}}, "blur": {"sigma": 9.802016395569353, "rad_w": 5, "rad_h": 5}}}