{"name": "0748.png", "type": "001", "params": {"illumination": {"color": {"brightness_factor": 1.1800354459493465, "contrast_factor": 1.3215153544042069, "saturation_factor": 0.8363779001441305}, "halo": {"num": 2, "center_a": [1064, 1045], "dia_a": 1977.1459704885995, "center_b": [1064, 1045], "dia_b": 3370.120474348861}, "hole": {"center": [1155, 812], "diameter_circle": 1050, "brightness_factor": -0.2862280022575004, "rad_w": 777, "rad_h": 711, "sigma": 620.7999999999998}}}}