{"name": "0749.png", "type": "001", "params": {"illumination": {"color": {"brightness_factor": 1.1718797451743355, "contrast_factor": 1.3733800991831453, "saturation_factor": 1.0762041223905745}, "halo": {"num": 2, "center_a": [1503, 1407], "dia_a": 2584.089837730818, "center_b": [1503, 1407], "dia_b": 5415.427630248375}, "hole": {"center": [2038, 1636], "diameter_circle": 1817, "brightness_factor": -0.29491740788352794, "rad_w": 1269, "rad_h": 1337, "sigma": 1068.8}}}}