{"name": "0749.png", "type": "101", "params": {"illumination": {"color": {"brightness_factor": 1.0138256188875263, "contrast_factor": 0.6315530226029813, "saturation_factor": 0.6175527663109809}, "halo": {"num": 2, "center_a": [1602, 1638], "dia_a": 2398.783308925095, "center_b": [1602, 1638], "dia_b": 5866.149922806471}, "hole": {"center": [1595, 1420], "diameter_circle": 1677, "brightness_factor": -0.2903664305175396, "rad_w": 1225, "rad_h": 1091, "sigma": 979.9999999999999}}, "blur": {"sigma": 8.868778345172775, "rad_w": 3, "rad_h": 3}}}