{"name": "0750.png", "type": "001", "params": {"illumination": {"color": {"brightness_factor": 0.7757841725457961, "contrast_factor": 0.7226504626102237, "saturation_factor": 0.6642408131719933}, "halo": {"num": 2, "center_a": [976, 826], "dia_a": 1872.0977939778095, "center_b": [976, 826], "dia_b": 3601.156729728333}, "hole": {"center": [865, 822], "diameter_circle": 1165, "brightness_factor": -0.28103414383171127, "rad_w": 679, "rad_h": 695, "sigma": 556.0}}}}