{"name": "0750.png", "type": "101", "params": {"illumination": {"color": {"brightness_factor": 1.1183795525365827, "contrast_factor": 0.7182800648369403, "saturation_factor": 1.2257688568971543}, "halo": {"num": 2, "center_a": [1046, 971], "dia_a": 1616.3033560728954, "center_b": [1046, 971], "dia_b": 3836.9396590272804}, "hole": {"center": [1346, 735], "diameter_circle": 909, "brightness_factor": -0.2900673600452697, "rad_w": 639, "rad_h": 607, "sigma": 511.2}}, "blur": {"sigma": 11.894861647255901, "rad_w": 5, "rad_h": 3}}}