{"name": "0752.png", "type": "001", "params": {"illumination": {"color": {"brightness_factor": 0.8540273459763047, "contrast_factor": 0.8291783319877826, "saturation_factor": 1.3507637976636775}, "halo": {"num": 1, "center_a": [1575, 1234], "dia_a": 2999.2164769516785, "center_b": [1575, 1234], "dia_b": 5576.580575058862}, "hole": {"center": [853, 1301], "diameter_circle": 1635, "brightness_factor": -0.28506214549308045, "rad_w": 937, "rad_h": 935, "sigma": 749.5999999999999}}}}