{"name": "0752.png", "type": "101", "params": {"illumination": {"color": {"brightness_factor": 0.9331307735770257, "contrast_factor": 1.098435048119361, "saturation_factor": 0.892532526737093}, "halo": {"num": 1, "center_a": [1393, 1632], "dia_a": 3021.893157003486, "center_b": [1393, 1632], "dia_b": 6035.989511986319}, "hole": {"center": [2301, 1725], "diameter_circle": 1558, "brightness_factor": -0.28772372800808116, "rad_w": 1167, "rad_h": 933, "sigma": 933.5999999999999}}, "blur": {"sigma": 10.24607756999374, "rad_w": 5, "rad_h": 3}}}