{"name": "0756.png", "type": "101", "params": {"illumination": {"color": {"brightness_factor": 1.1877263216323224, "contrast_factor": 1.290900834349635, "saturation_factor": 0.8498875944700122}, "halo": {"num": 2, "center_a": [1459, 1603], "dia_a": 2300.9477219795504, "center_b": [1459, 1603], "dia_b": 5205.015771862607}, "hole": {"center": [1839, 1194], "diameter_circle": 1638, "brightness_factor": -0.31001632590219935, "rad_w": 1229, "rad_h": 1201, "sigma": 982.3999999999999}}, "blur": {"sigma": 9.373735237251339, "rad_w": 3, "rad_h": 5}}}