{"name": "0756.png", "type": "001", "params": {"illumination": {"color": {"brightness_factor": 0.9714263773475087, "contrast_factor": 1.2258812053064516, "saturation_factor": 0.6579271720828596}, "halo": {"num": 1, "center_a": [1508, 1498], "dia_a": 2643.506067509714, "center_b": [1508, 1498], "dia_b": 4769.97456780904}, "hole": {"center": [1423, 1549], "diameter_circle": 1570, "brightness_factor": -0.2956863338233218, "rad_w": 1167, "rad_h": 1107, "sigma": 932.7999999999998}}}}