{"name": "0758.png", "type": "101", "params": {"illumination": {"color": {"brightness_factor": 0.9794349767550404, "contrast_factor": 1.0056797292555022, "saturation_factor": 0.8397025312566887}, "halo": {"num": 1, "center_a": [1574, 1828], "dia_a": 2425.592540508005, "center_b": [1574, 1828], "dia_b": 6043.244018838801}, "hole": {"center": [1381, 1527], "diameter_circle": 1454, "brightness_factor": -0.3030536926094553, "rad_w": 813, "rad_h": 1059, "sigma": 847.1999999999999}}, "blur": {"sigma": 11.604325958633666, "rad_w": 5, "rad_h": 3}}}