{"name": "0758.png", "type": "001", "params": {"illumination": {"color": {"brightness_factor": 1.0562386559000474, "contrast_factor": 1.1899551574309668, "saturation_factor": 1.108420517365373}, "halo": {"num": 1, "center_a": [1365, 1222], "dia_a": 3095.5557898095985, "center_b": [1365, 1222], "dia_b": 6331.789868511454}, "hole": {"center": [1765, 1440], "diameter_circle": 1633, "brightness_factor": -0.30091293598957536, "rad_w": 1057, "rad_h": 1141, "sigma": 912.8}}}}