{"name": "0759.png", "type": "101", "params": {"illumination": {"color": {"brightness_factor": 0.846531450453799, "contrast_factor": 0.8417120048301535, "saturation_factor": 1.2634425695218625}, "halo": {"num": 1, "center_a": [1305, 1702], "dia_a": 2829.1649130728124, "center_b": [1305, 1702], "dia_b": 6324.791460476454}, "hole": {"center": [1661, 1298], "diameter_circle": 1613, "brightness_factor": -0.2795385397203049, "rad_w": 977, "rad_h": 1161, "sigma": 928.8}}, "blur": {"sigma": 10.605323965755337, "rad_w": 5, "rad_h": 5}}}