{"name": "0759.png", "type": "001", "params": {"illumination": {"color": {"brightness_factor": 1.0071125286112665, "contrast_factor": 0.7021757012611516, "saturation_factor": 1.2348251979182163}, "halo": {"num": 2, "center_a": [1794, 1634], "dia_a": 2313.0988924807566, "center_b": [1794, 1634], "dia_b": 6167.889912900865}, "hole": {"center": [1946, 1212], "diameter_circle": 1855, "brightness_factor": -0.28787859699904406, "rad_w": 1067, "rad_h": 1291, "sigma": 1032.0}}}}