{"name": "0762.png", "type": "001", "params": {"illumination": {"color": {"brightness_factor": 0.9677136289874512, "contrast_factor": 1.0937736030827176, "saturation_factor": 1.2462448639614987}, "halo": {"num": 1, "center_a": [1266, 1166], "dia_a": 2279.0022580009145, "center_b": [1266, 1166], "dia_b": 5838.607351957846}, "hole": {"center": [1572, 1281], "diameter_circle": 1966, "brightness_factor": -0.2886607807379968, "rad_w": 1191, "rad_h": 1225, "sigma": 979.9999999999999}}}}