{"name": "0762.png", "type": "101", "params": {"illumination": {"color": {"brightness_factor": 0.8926184793785209, "contrast_factor": 0.6078285529520797, "saturation_factor": 0.6621309816242885}, "halo": {"num": 1, "center_a": [1481, 1242], "dia_a": 2855.0256056888807, "center_b": [1481, 1242], "dia_b": 4616.286086855418}, "hole": {"center": [1586, 1294], "diameter_circle": 1761, "brightness_factor": -0.2842664377519644, "rad_w": 1105, "rad_h": 1133, "sigma": 905.5999999999999}}, "blur": {"sigma": 7.989343286139875, "rad_w": 3, "rad_h": 3}}}