{"name": "0763.png", "type": "001", "params": {"illumination": {"color": {"brightness_factor": 1.0355395116332846, "contrast_factor": 1.211586511517155, "saturation_factor": 0.6204356700983477}, "halo": {"num": 2, "center_a": [1505, 1708], "dia_a": 2307.4020145972854, "center_b": [1505, 1708], "dia_b": 6172.494755615848}, "hole": {"center": [1400, 1348], "diameter_circle": 1842, "brightness_factor": -0.29842310043061515, "rad_w": 1231, "rad_h": 1327, "sigma": 1061.6}}}}