{"name": "0763.png", "type": "101", "params": {"illumination": {"color": {"brightness_factor": 0.7142632097264991, "contrast_factor": 1.267377539875292, "saturation_factor": 0.7384174435237609}, "halo": {"num": 2, "center_a": [1702, 1504], "dia_a": 2358.037221976516, "center_b": [1702, 1504], "dia_b": 5621.984346152873}, "hole": {"center": [1495, 1217], "diameter_circle": 1180, "brightness_factor": -0.28533617931385213, "rad_w": 857, "rad_h": 717, "sigma": 684.8}}, "blur": {"sigma": 9.933239572191791, "rad_w": 5, "rad_h": 3}}}