{"name": "0766.png", "type": "101", "params": {"illumination": {"color": {"brightness_factor": 0.8286597376805884, "contrast_factor": 1.3347718807944349, "saturation_factor": 1.2475738210431455}, "halo": {"num": 2, "center_a": [1061, 1152], "dia_a": 1993.6825118884135, "center_b": [1061, 1152], "dia_b": 3392.693721126851}, "hole": {"center": [1464, 1207], "diameter_circle": 1220, "brightness_factor": -0.2791850961904541, "rad_w": 749, "rad_h": 791, "sigma": 632.7999999999998}}, "blur": {"sigma": 14.828574263532609, "rad_w": 5, "rad_h": 5}}}