{"name": "0766.png", "type": "001", "params": {"illumination": {"color": {"brightness_factor": 0.7221881868607101, "contrast_factor": 0.9683386528992451, "saturation_factor": 1.154334896867978}, "halo": {"num": 2, "center_a": [1098, 1169], "dia_a": 1612.9031561104873, "center_b": [1098, 1169], "dia_b": 4114.394924805008}, "hole": {"center": [698, 1084], "diameter_circle": 1119, "brightness_factor": -0.27791888142003973, "rad_w": 797, "rad_h": 637, "sigma": 637.5999999999999}}}}