{"name": "0768.png", "type": "001", "params": {"illumination": {"color": {"brightness_factor": 0.9256205405670719, "contrast_factor": 0.8962542350337115, "saturation_factor": 1.127567454206952}, "halo": {"num": 2, "center_a": [1354, 1784], "dia_a": 2936.811596246832, "center_b": [1354, 1784], "dia_b": 5324.549157085573}, "hole": {"center": [1263, 1503], "diameter_circle": 1504, "brightness_factor": -0.2846413416777477, "rad_w": 849, "rad_h": 901, "sigma": 720.8}}}}