{"name": "0768.png", "type": "101", "params": {"illumination": {"color": {"brightness_factor": 1.1124493974982426, "contrast_factor": 0.7431451686895548, "saturation_factor": 1.071991119683774}, "halo": {"num": 1, "center_a": [1334, 1709], "dia_a": 3283.118701848194, "center_b": [1334, 1709], "dia_b": 6075.273099336451}, "hole": {"center": [1235, 1503], "diameter_circle": 2128, "brightness_factor": -0.289854905187569, "rad_w": 1405, "rad_h": 1403, "sigma": 1124.0}}, "blur": {"sigma": 14.45239085893588, "rad_w": 5, "rad_h": 5}}}