{"name": "0769.png", "type": "001", "params": {"illumination": {"color": {"brightness_factor": 1.1719266557153236, "contrast_factor": 1.2104469407630378, "saturation_factor": 1.0185786247082824}, "halo": {"num": 1, "center_a": [1032, 1104], "dia_a": 1861.2434392131872, "center_b": [1032, 1104], "dia_b": 3777.202946853436}, "hole": {"center": [562, 899], "diameter_circle": 1105, "brightness_factor": -0.29400422144390187, "rad_w": 647, "rad_h": 773, "sigma": 618.3999999999999}}}}