{"name": "0769.png", "type": "101", "params": {"illumination": {"color": {"brightness_factor": 1.1614892260762146, "contrast_factor": 0.6399132703019308, "saturation_factor": 1.1821304531934653}, "halo": {"num": 1, "center_a": [770, 856], "dia_a": 1983.5530615445814, "center_b": [770, 856], "dia_b": 3707.7624618393065}, "hole": {"center": [1324, 816], "diameter_circle": 1096, "brightness_factor": -0.2932147391475463, "rad_w": 641, "rad_h": 609, "sigma": 511.99999999999994}}, "blur": {"sigma": 12.572803316589296, "rad_w": 7, "rad_h": 5}}}