{"name": "0770.png", "type": "001", "params": {"illumination": {"color": {"brightness_factor": 0.7956133366432951, "contrast_factor": 0.7785639812423956, "saturation_factor": 1.0763243315110549}, "halo": {"num": 1, "center_a": [1821, 1578], "dia_a": 2466.627156813196, "center_b": [1821, 1578], "dia_b": 6180.154428258887}, "hole": {"center": [1783, 1563], "diameter_circle": 1433, "brightness_factor": -0.2874698443236944, "rad_w": 1065, "rad_h": 839, "sigma": 852.0}}}}