{"name": "0775.png", "type": "001", "params": {"illumination": {"color": {"brightness_factor": 0.8645857707931772, "contrast_factor": 0.9267632082819461, "saturation_factor": 1.374245560097652}, "halo": {"num": 2, "center_a": [1876, 2005], "dia_a": 2652.2226148327245, "center_b": [1876, 2005], "dia_b": 6424.888224546689}, "hole": {"center": [1485, 1577], "diameter_circle": 1660, "brightness_factor": -0.2872056640550079, "rad_w": 999, "rad_h": 1229, "sigma": 983.1999999999998}}}}