{"name": "0775.png", "type": "101", "params": {"illumination": {"color": {"brightness_factor": 1.0389983155756006, "contrast_factor": 0.6197662531746453, "saturation_factor": 1.0259980286194006}, "halo": {"num": 1, "center_a": [1812, 1441], "dia_a": 2811.9753825548314, "center_b": [1812, 1441], "dia_b": 6112.51978201902}, "hole": {"center": [2351, 1740], "diameter_circle": 2165, "brightness_factor": -0.2948766870478355, "rad_w": 1529, "rad_h": 1285, "sigma": 1222.3999999999999}}, "blur": {"sigma": 8.855833159899575, "rad_w": 3, "rad_h": 5}}}