{"name": "0777.png", "type": "001", "params": {"illumination": {"color": {"brightness_factor": 0.9557584670665076, "contrast_factor": 1.3792164964916767, "saturation_factor": 1.2240476810726229}, "halo": {"num": 1, "center_a": [1412, 1682], "dia_a": 2417.9416151922032, "center_b": [1412, 1682], "dia_b": 5120.994074541399}, "hole": {"center": [1889, 1866], "diameter_circle": 1974, "brightness_factor": -0.2942634934361337, "rad_w": 1107, "rad_h": 1113, "sigma": 890.4}}}}