{"name": "0777.png", "type": "101", "params": {"illumination": {"color": {"brightness_factor": 0.7100639142535732, "contrast_factor": 1.1985394618861722, "saturation_factor": 1.1063995477730546}, "halo": {"num": 2, "center_a": [1821, 1638], "dia_a": 3049.5693447312306, "center_b": [1821, 1638], "dia_b": 5483.440409262348}, "hole": {"center": [1675, 1598], "diameter_circle": 1411, "brightness_factor": -0.28198732805999016, "rad_w": 905, "rad_h": 873, "sigma": 723.1999999999999}}, "blur": {"sigma": 9.839423042726239, "rad_w": 3, "rad_h": 3}}}