{"name": "0781.png", "type": "001", "params": {"illumination": {"color": {"brightness_factor": 0.8586809758766658, "contrast_factor": 0.7804256808524243, "saturation_factor": 1.302691786765459}, "halo": {"num": 2, "center_a": [1034, 1117], "dia_a": 1540.9395626966964, "center_b": [1034, 1117], "dia_b": 3536.5717660895416}, "hole": {"center": [984, 1128], "diameter_circle": 1425, "brightness_factor": -0.2825799926485682, "rad_w": 845, "rad_h": 921, "sigma": 736.8}}}}