{"name": "0781.png", "type": "101", "params": {"illumination": {"color": {"brightness_factor": 0.9102127883471796, "contrast_factor": 0.8842496517147329, "saturation_factor": 0.910411315196753}, "halo": {"num": 2, "center_a": [1059, 1240], "dia_a": 1925.4677798871362, "center_b": [1059, 1240], "dia_b": 3560.2263165584895}, "hole": {"center": [1150, 1072], "diameter_circle": 1182, "brightness_factor": -0.28099564820373, "rad_w": 773, "rad_h": 697, "sigma": 618.3999999999999}}, "blur": {"sigma": 6.5777457776151245, "rad_w": 3, "rad_h": 3}}}