{"name": "0789.png", "type": "001", "params": {"illumination": {"color": {"brightness_factor": 0.8155935657090021, "contrast_factor": 1.227024473901404, "saturation_factor": 1.1400816610784554}, "halo": {"num": 2, "center_a": [1058, 1105], "dia_a": 2133.7481868833243, "center_b": [1058, 1105], "dia_b": 3546.420389201746}, "hole": {"center": [1026, 970], "diameter_circle": 1135, "brightness_factor": -0.27672454711817235, "rad_w": 709, "rad_h": 831, "sigma": 664.8}}}}