{"name": "0789.png", "type": "101", "params": {"illumination": {"color": {"brightness_factor": 0.8470123135135583, "contrast_factor": 1.3368169443950826, "saturation_factor": 0.9226905422849192}, "halo": {"num": 2, "center_a": [966, 890], "dia_a": 2274.4255241241294, "center_b": [966, 890], "dia_b": 3612.2795916316436}, "hole": {"center": [1564, 1232], "diameter_circle": 1153, "brightness_factor": -0.27726577019428217, "rad_w": 829, "rad_h": 727, "sigma": 663.1999999999999}}, "blur": {"sigma": 7.799084883855847, "rad_w": 3, "rad_h": 3}}}