{"name": "0790.png", "type": "001", "params": {"illumination": {"color": {"brightness_factor": 1.0213978938925306, "contrast_factor": 0.7602546247592877, "saturation_factor": 0.9973625386106728}, "halo": {"num": 1, "center_a": [1228, 1661], "dia_a": 2751.459111348217, "center_b": [1228, 1661], "dia_b": 5467.3094876637815}, "hole": {"center": [2280, 1957], "diameter_circle": 1708, "brightness_factor": -0.2986998918151164, "rad_w": 1129, "rad_h": 1269, "sigma": 1014.3999999999999}}}}