{"name": "0790.png", "type": "101", "params": {"illumination": {"color": {"brightness_factor": 0.9615789947890753, "contrast_factor": 1.1719609711302859, "saturation_factor": 0.8596405584213649}, "halo": {"num": 1, "center_a": [1353, 1416], "dia_a": 3164.3430521134705, "center_b": [1353, 1416], "dia_b": 5088.8260654636715}, "hole": {"center": [1050, 1523], "diameter_circle": 2160, "brightness_factor": -0.2925903961405665, "rad_w": 1485, "rad_h": 1307, "sigma": 1187.1999999999998}}, "blur": {"sigma": 6.036495221165729, "rad_w": 3, "rad_h": 3}}}