{"name": "0793.png", "type": "001", "params": {"illumination": {"color": {"brightness_factor": 0.7984749983890864, "contrast_factor": 1.0913981391022332, "saturation_factor": 0.6215241176990781}, "halo": {"num": 1, "center_a": [1174, 894], "dia_a": 1766.50062666568, "center_b": [1174, 894], "dia_b": 4110.204393201066}, "hole": {"center": [1317, 1031], "diameter_circle": 1015, "brightness_factor": -0.2896246471862808, "rad_w": 611, "rad_h": 703, "sigma": 561.6}}}}