{"name": "0793.png", "type": "101", "params": {"illumination": {"color": {"brightness_factor": 0.8908292460129748, "contrast_factor": 0.9349845484273454, "saturation_factor": 1.1239187413589278}, "halo": {"num": 2, "center_a": [823, 1210], "dia_a": 1707.248848952606, "center_b": [823, 1210], "dia_b": 4635.544174238154}, "hole": {"center": [684, 1092], "diameter_circle": 939, "brightness_factor": -0.29231328723100153, "rad_w": 541, "rad_h": 665, "sigma": 532.0}}, "blur": {"sigma": 13.788842129026127, "rad_w": 5, "rad_h": 5}}}