{"name": "0796.png", "type": "101", "params": {"illumination": {"color": {"brightness_factor": 0.7619277564375431, "contrast_factor": 0.8363699455033592, "saturation_factor": 1.2902275585175933}, "halo": {"num": 1, "center_a": [1653, 1293], "dia_a": 2433.579504850403, "center_b": [1653, 1293], "dia_b": 5947.206539455991}, "hole": {"center": [1857, 1258], "diameter_circle": 1969, "brightness_factor": -0.27743851797400837, "rad_w": 1253, "rad_h": 1203, "sigma": 1001.5999999999999}}, "blur": {"sigma": 10.8359864417707, "rad_w": 3, "rad_h": 5}}}