{"name": "0796.png", "type": "001", "params": {"illumination": {"color": {"brightness_factor": 1.1050763818449432, "contrast_factor": 0.9884450377764409, "saturation_factor": 1.1623452887999344}, "halo": {"num": 2, "center_a": [1144, 1586], "dia_a": 2877.514166452538, "center_b": [1144, 1586], "dia_b": 6143.369562945621}, "hole": {"center": [1286, 1683], "diameter_circle": 1533, "brightness_factor": -0.28313298577593077, "rad_w": 1027, "rad_h": 905, "sigma": 821.5999999999999}}}}