{"name": "0797.png", "type": "101", "params": {"illumination": {"color": {"brightness_factor": 0.9901941065274757, "contrast_factor": 1.1662116059833154, "saturation_factor": 0.925016950462529}, "halo": {"num": 1, "center_a": [1242, 1370], "dia_a": 2446.845571247027, "center_b": [1242, 1370], "dia_b": 6470.150583460608}, "hole": {"center": [2381, 1481], "diameter_circle": 1506, "brightness_factor": -0.29688630475789424, "rad_w": 935, "rad_h": 1071, "sigma": 855.9999999999999}}, "blur": {"sigma": 8.516455138363597, "rad_w": 5, "rad_h": 3}}}