{"name": "0797.png", "type": "001", "params": {"illumination": {"color": {"brightness_factor": 1.0151082731153422, "contrast_factor": 1.1791107367337244, "saturation_factor": 0.6245652389608113}, "halo": {"num": 1, "center_a": [1327, 1608], "dia_a": 2408.111239014236, "center_b": [1327, 1608], "dia_b": 5363.752257357817}, "hole": {"center": [1929, 1508], "diameter_circle": 1867, "brightness_factor": -0.301546934058422, "rad_w": 1039, "rad_h": 1197, "sigma": 957.5999999999999}}}}