{"name": "0798.png", "type": "001", "params": {"illumination": {"color": {"brightness_factor": 1.077709557247686, "contrast_factor": 1.0944120381308349, "saturation_factor": 1.2684882346072288}, "halo": {"num": 2, "center_a": [1637, 1138], "dia_a": 2872.8170243195805, "center_b": [1637, 1138], "dia_b": 5935.313660443765}, "hole": {"center": [937, 1575], "diameter_circle": 2007, "brightness_factor": -0.287320936814542, "rad_w": 1185, "rad_h": 1417, "sigma": 1133.6}}}}