{"name": "0798.png", "type": "101", "params": {"illumination": {"color": {"brightness_factor": 0.8866944943372964, "contrast_factor": 1.2854693278194589, "saturation_factor": 0.8027962605694481}, "halo": {"num": 1, "center_a": [1187, 1508], "dia_a": 2722.2654279365506, "center_b": [1187, 1508], "dia_b": 5017.990974044218}, "hole": {"center": [1331, 1320], "diameter_circle": 1227, "brightness_factor": -0.2866364275740421, "rad_w": 907, "rad_h": 769, "sigma": 725.5999999999999}}, "blur": {"sigma": 12.401510269498074, "rad_w": 5, "rad_h": 5}}}