{"name": "0804.png", "type": "101", "params": {"illumination": {"color": {"brightness_factor": 1.1262785586388948, "contrast_factor": 0.688526988984302, "saturation_factor": 1.2739631135367329}, "halo": {"num": 1, "center_a": [1168, 969], "dia_a": 2032.7281227859103, "center_b": [1168, 969], "dia_b": 4618.63606262411}, "hole": {"center": [1704, 1032], "diameter_circle": 1137, "brightness_factor": -0.2837704503423107, "rad_w": 835, "rad_h": 803, "sigma": 667.9999999999999}}, "blur": {"sigma": 8.843333886357422, "rad_w": 3, "rad_h": 3}}}