{"name": "0804.png", "type": "001", "params": {"illumination": {"color": {"brightness_factor": 0.8217603140083439, "contrast_factor": 1.3864230623997358, "saturation_factor": 0.7099835826936349}, "halo": {"num": 1, "center_a": [894, 1461], "dia_a": 2170.8352277383424, "center_b": [894, 1461], "dia_b": 4180.798708381999}, "hole": {"center": [1013, 1228], "diameter_circle": 1033, "brightness_factor": -0.27840150190282575, "rad_w": 763, "rad_h": 627, "sigma": 609.6}}}}