{"name": "0806.png", "type": "001", "params": {"illumination": {"color": {"brightness_factor": 1.077817973137774, "contrast_factor": 1.3526668452019963, "saturation_factor": 1.2020977669706836}, "halo": {"num": 2, "center_a": [2137, 1472], "dia_a": 3160.8650837013342, "center_b": [2137, 1472], "dia_b": 7371.568902275635}, "hole": {"center": [1745, 2073], "diameter_circle": 1710, "brightness_factor": -0.28942472832570565, "rad_w": 1035, "rad_h": 1057, "sigma": 844.8}}}}