{"name": "0806.png", "type": "101", "params": {"illumination": {"color": {"brightness_factor": 0.7302878339179734, "contrast_factor": 0.6857317730540154, "saturation_factor": 0.9156654840476612}, "halo": {"num": 1, "center_a": [1788, 2157], "dia_a": 3437.8842749133214, "center_b": [1788, 2157], "dia_b": 7308.1974138002215}, "hole": {"center": [960, 1911], "diameter_circle": 2033, "brightness_factor": -0.27609208338515795, "rad_w": 1239, "rad_h": 1357, "sigma": 1085.6}}, "blur": {"sigma": 14.314956882315592, "rad_w": 5, "rad_h": 7}}}