{"name": "0807.png", "type": "101", "params": {"illumination": {"color": {"brightness_factor": 0.9869796183534403, "contrast_factor": 0.9790011860995635, "saturation_factor": 1.0240935269339473}, "halo": {"num": 1, "center_a": [645, 466], "dia_a": 1012.3372848296635, "center_b": [645, 466], "dia_b": 2049.4755120046207}, "hole": {"center": [444, 574], "diameter_circle": 630, "brightness_factor": -0.29189570943784865, "rad_w": 469, "rad_h": 363, "sigma": 374.4}}, "blur": {"sigma": 10.41154258720124, "rad_w": 3, "rad_h": 5}}}