{"name": "0807.png", "type": "001", "params": {"illumination": {"color": {"brightness_factor": 0.7495119181287302, "contrast_factor": 0.9349148828463485, "saturation_factor": 1.19079931857991}, "halo": {"num": 2, "center_a": [400, 404], "dia_a": 1042.1659763958482, "center_b": [400, 404], "dia_b": 1469.5991743384454}, "hole": {"center": [556, 621], "diameter_circle": 484, "brightness_factor": -0.2841139698380928, "rad_w": 337, "rad_h": 339, "sigma": 271.2}}}}