{"name": "0811.png", "type": "001", "params": {"illumination": {"color": {"brightness_factor": 0.7985929873999306, "contrast_factor": 1.044647555363527, "saturation_factor": 0.8769326341614545}, "halo": {"num": 1, "center_a": [942, 1145], "dia_a": 2378.287474361436, "center_b": [942, 1145], "dia_b": 4615.577156116175}, "hole": {"center": [658, 950], "diameter_circle": 1003, "brightness_factor": -0.2840072448124042, "rad_w": 575, "rad_h": 743, "sigma": 594.4}}}}