{"name": "0811.png", "type": "101", "params": {"illumination": {"color": {"brightness_factor": 0.8691316701352965, "contrast_factor": 0.6947668100220227, "saturation_factor": 1.1181565140875889}, "halo": {"num": 2, "center_a": [1319, 1300], "dia_a": 2435.803034626315, "center_b": [1319, 1300], "dia_b": 4842.692637912171}, "hole": {"center": [1426, 1512], "diameter_circle": 1140, "brightness_factor": -0.2866377404105213, "rad_w": 801, "rad_h": 749, "sigma": 640.8}}, "blur": {"sigma": 9.616486535422196, "rad_w": 5, "rad_h": 5}}}