{"name": "0813.png", "type": "101", "params": {"illumination": {"color": {"brightness_factor": 0.9416227922901528, "contrast_factor": 0.7052143310120611, "saturation_factor": 1.0789821364369026}, "halo": {"num": 2, "center_a": [1759, 1281], "dia_a": 2872.0129071377996, "center_b": [1759, 1281], "dia_b": 5825.580256109453}, "hole": {"center": [1558, 1303], "diameter_circle": 1511, "brightness_factor": -0.28467568563262013, "rad_w": 1021, "rad_h": 1097, "sigma": 876.8}}, "blur": {"sigma": 9.587496357675665, "rad_w": 3, "rad_h": 3}}}