{"name": "0813.png", "type": "001", "params": {"illumination": {"color": {"brightness_factor": 1.192862562474422, "contrast_factor": 0.6902013931316615, "saturation_factor": 0.9567578299149633}, "halo": {"num": 1, "center_a": [1430, 1832], "dia_a": 2545.2500750692875, "center_b": [1430, 1832], "dia_b": 5623.172657519302}, "hole": {"center": [1826, 1313], "diameter_circle": 2202, "brightness_factor": -0.2957114492155085, "rad_w": 1361, "rad_h": 1477, "sigma": 1180.8}}}}