{"name": "0814.png", "type": "101", "params": {"illumination": {"color": {"brightness_factor": 1.131862967210032, "contrast_factor": 0.9989868483862595, "saturation_factor": 1.1696312882784872}, "halo": {"num": 1, "center_a": [1518, 1301], "dia_a": 2422.911206154576, "center_b": [1518, 1301], "dia_b": 4530.318735664223}, "hole": {"center": [1142, 999], "diameter_circle": 1326, "brightness_factor": -0.2963281272116838, "rad_w": 847, "rad_h": 795, "sigma": 676.8}}, "blur": {"sigma": 13.76637732969073, "rad_w": 5, "rad_h": 7}}}