{"name": "0814.png", "type": "001", "params": {"illumination": {"color": {"brightness_factor": 0.7584895150055131, "contrast_factor": 1.2354789561062898, "saturation_factor": 0.6260987288931905}, "halo": {"num": 1, "center_a": [954, 1067], "dia_a": 1929.1239495589766, "center_b": [954, 1067], "dia_b": 4521.40828935451}, "hole": {"center": [978, 1297], "diameter_circle": 1719, "brightness_factor": -0.29062724737710627, "rad_w": 957, "rad_h": 1233, "sigma": 986.4}}}}