{"name": "0816.png", "type": "101", "params": {"illumination": {"color": {"brightness_factor": 0.893583371104762, "contrast_factor": 1.1085805849788413, "saturation_factor": 1.3667778177434315}, "halo": {"num": 2, "center_a": [1021, 1088], "dia_a": 2234.6418632813898, "center_b": [1021, 1088], "dia_b": 4276.576984139164}, "hole": {"center": [1185, 1301], "diameter_circle": 1005, "brightness_factor": -0.28308403983436414, "rad_w": 677, "rad_h": 699, "sigma": 558.4}}, "blur": {"sigma": 11.31890182459136, "rad_w": 5, "rad_h": 3}}}