{"name": "0816.png", "type": "001", "params": {"illumination": {"color": {"brightness_factor": 0.9676982028734078, "contrast_factor": 0.9111262974069483, "saturation_factor": 1.2729851152064318}, "halo": {"num": 2, "center_a": [1384, 1510], "dia_a": 2080.490764008398, "center_b": [1384, 1510], "dia_b": 4427.965324037546}, "hole": {"center": [1789, 1181], "diameter_circle": 1131, "brightness_factor": -0.28282086442690973, "rad_w": 773, "rad_h": 731, "sigma": 617.5999999999999}}}}