{"name": "0817.png", "type": "001", "params": {"illumination": {"color": {"brightness_factor": 1.0590571337194299, "contrast_factor": 1.0004947997699638, "saturation_factor": 0.857479823388246}, "halo": {"num": 1, "center_a": [1917, 1552], "dia_a": 3038.1822305838386, "center_b": [1917, 1552], "dia_b": 6326.6007911744155}, "hole": {"center": [2272, 1832], "diameter_circle": 1765, "brightness_factor": -0.29383565174304094, "rad_w": 1315, "rad_h": 1077, "sigma": 1052.0}}}}