{"name": "0817.png", "type": "101", "params": {"illumination": {"color": {"brightness_factor": 1.1983166717059777, "contrast_factor": 1.1553237498222209, "saturation_factor": 0.6892313889204011}, "halo": {"num": 1, "center_a": [1494, 1697], "dia_a": 2514.34357502874, "center_b": [1494, 1697], "dia_b": 6107.243968802077}, "hole": {"center": [1870, 1969], "diameter_circle": 1738, "brightness_factor": -0.3099673319850171, "rad_w": 1061, "rad_h": 1011, "sigma": 848.7999999999998}}, "blur": {"sigma": 5.535114144795785, "rad_w": 1, "rad_h": 3}}}