{"name": "0818.png", "type": "101", "params": {"illumination": {"color": {"brightness_factor": 0.9766628101680179, "contrast_factor": 0.8617185863771741, "saturation_factor": 1.0708505760872273}, "halo": {"num": 2, "center_a": [1384, 1984], "dia_a": 2982.0869878511503, "center_b": [1384, 1984], "dia_b": 7234.22226086317}, "hole": {"center": [1018, 1234], "diameter_circle": 1793, "brightness_factor": -0.29195115301872454, "rad_w": 1199, "rad_h": 1065, "sigma": 959.1999999999998}}, "blur": {"sigma": 9.397289871732555, "rad_w": 3, "rad_h": 3}}}