{"name": "0818.png", "type": "001", "params": {"illumination": {"color": {"brightness_factor": 0.9018164979755559, "contrast_factor": 1.189243076663539, "saturation_factor": 0.8820010550501247}, "halo": {"num": 1, "center_a": [1590, 1219], "dia_a": 2694.369233615069, "center_b": [1590, 1219], "dia_b": 5934.851608551727}, "hole": {"center": [1947, 1782], "diameter_circle": 1617, "brightness_factor": -0.2968871863996534, "rad_w": 925, "rad_h": 1123, "sigma": 898.4}}}}