{"name": "0819.png", "type": "001", "params": {"illumination": {"color": {"brightness_factor": 1.1488810028659198, "contrast_factor": 1.3556785257082256, "saturation_factor": 0.9558534415024483}, "halo": {"num": 1, "center_a": [1233, 1321], "dia_a": 1901.0841011128248, "center_b": [1233, 1321], "dia_b": 4345.014611176738}, "hole": {"center": [1540, 1354], "diameter_circle": 1607, "brightness_factor": -0.3066943015877717, "rad_w": 1133, "rad_h": 931, "sigma": 905.5999999999999}}}}