{"name": "0819.png", "type": "101", "params": {"illumination": {"color": {"brightness_factor": 0.9071969918866847, "contrast_factor": 1.157552026612909, "saturation_factor": 0.6999914373063488}, "halo": {"num": 2, "center_a": [1101, 1226], "dia_a": 1869.8735692755763, "center_b": [1101, 1226], "dia_b": 4583.879321877777}, "hole": {"center": [1380, 1204], "diameter_circle": 1137, "brightness_factor": -0.2938698622788891, "rad_w": 819, "rad_h": 641, "sigma": 654.3999999999999}}, "blur": {"sigma": 6.616189273816861, "rad_w": 3, "rad_h": 3}}}