{"name": "0820.png", "type": "101", "params": {"illumination": {"color": {"brightness_factor": 1.0469155864398871, "contrast_factor": 0.7232105777966539, "saturation_factor": 0.7423907063765798}, "halo": {"num": 1, "center_a": [1749, 1914], "dia_a": 2979.257105327421, "center_b": [1749, 1914], "dia_b": 5492.636721241855}, "hole": {"center": [1660, 1665], "diameter_circle": 2052, "brightness_factor": -0.2982776335391384, "rad_w": 1153, "rad_h": 1259, "sigma": 1007.1999999999998}}, "blur": {"sigma": 12.434764094716446, "rad_w": 7, "rad_h": 5}}}