{"name": "0820.png", "type": "001", "params": {"illumination": {"color": {"brightness_factor": 1.1924650054059953, "contrast_factor": 0.8906270988213881, "saturation_factor": 1.0156639134282925}, "halo": {"num": 2, "center_a": [1354, 1382], "dia_a": 2966.2125284127414, "center_b": [1354, 1382], "dia_b": 6064.665161772172}, "hole": {"center": [2001, 1954], "diameter_circle": 2034, "brightness_factor": -0.29462071690365504, "rad_w": 1247, "rad_h": 1279, "sigma": 1022.4}}}}