{"name": "0822.png", "type": "101", "params": {"illumination": {"color": {"brightness_factor": 1.143557344921766, "contrast_factor": 0.6006495077706585, "saturation_factor": 1.1360851624422459}, "halo": {"num": 1, "center_a": [1450, 1803], "dia_a": 3047.278905818257, "center_b": [1450, 1803], "dia_b": 5793.841883616238}, "hole": {"center": [897, 1970], "diameter_circle": 1845, "brightness_factor": -0.29472357714471076, "rad_w": 1077, "rad_h": 1325, "sigma": 1059.9999999999998}}, "blur": {"sigma": 10.339011212290025, "rad_w": 3, "rad_h": 5}}}