{"name": "0822.png", "type": "001", "params": {"illumination": {"color": {"brightness_factor": 0.8755317820142846, "contrast_factor": 1.226421322447938, "saturation_factor": 1.043268723660124}, "halo": {"num": 1, "center_a": [1481, 1799], "dia_a": 2720.074988429679, "center_b": [1481, 1799], "dia_b": 6296.585927453959}, "hole": {"center": [2203, 1975], "diameter_circle": 2016, "brightness_factor": -0.286957812430066, "rad_w": 1499, "rad_h": 1319, "sigma": 1198.3999999999999}}}}