{"name": "0823.png", "type": "001", "params": {"illumination": {"color": {"brightness_factor": 1.0191236953286889, "contrast_factor": 0.9500503068523598, "saturation_factor": 0.8790351634134917}, "halo": {"num": 2, "center_a": [583, 408], "dia_a": 872.6698143937953, "center_b": [583, 408], "dia_b": 1729.253743450246}, "hole": {"center": [727, 603], "diameter_circle": 423, "brightness_factor": -0.2944018066306372, "rad_w": 299, "rad_h": 249, "sigma": 239.19999999999996}}}}