{"name": "0823.png", "type": "101", "params": {"illumination": {"color": {"brightness_factor": 0.7122586409377055, "contrast_factor": 0.8848403103541055, "saturation_factor": 1.297625664290564}, "halo": {"num": 1, "center_a": [448, 462], "dia_a": 920.4005658781891, "center_b": [448, 462], "dia_b": 1620.2344420271215}, "hole": {"center": [475, 445], "diameter_circle": 613, "brightness_factor": -0.28248848819000416, "rad_w": 419, "rad_h": 453, "sigma": 361.59999999999997}}, "blur": {"sigma": 6.141513763012345, "rad_w": 3, "rad_h": 3}}}