{"name": "0829.png", "type": "001", "params": {"illumination": {"color": {"brightness_factor": 0.816322785958236, "contrast_factor": 0.9424101633582103, "saturation_factor": 0.844151528346927}, "halo": {"num": 1, "center_a": [1149, 1085], "dia_a": 1683.997589563287, "center_b": [1149, 1085], "dia_b": 3253.128199324812}, "hole": {"center": [1059, 994], "diameter_circle": 793, "brightness_factor": 0, "rad_w": 533, "rad_h": 529, "sigma": 425.59999999999997}}}}