{"name": "0829.png", "type": "101", "params": {"illumination": {"color": {"brightness_factor": 1.1391592368127543, "contrast_factor": 0.680412020101105, "saturation_factor": 1.24157713014157}, "halo": {"num": 2, "center_a": [892, 782], "dia_a": 1445.1291724828698, "center_b": [892, 782], "dia_b": 3481.2320628238704}, "hole": {"center": [1297, 1043], "diameter_circle": 1119, "brightness_factor": -0.2798447180802802, "rad_w": 685, "rad_h": 811, "sigma": 648.0}}, "blur": {"sigma": 12.842828983130484, "rad_w": 7, "rad_h": 7}}}