{"name": "0830.png", "type": "101", "params": {"illumination": {"color": {"brightness_factor": 1.017255476871957, "contrast_factor": 1.1177206924088692, "saturation_factor": 0.6285060240852661}, "halo": {"num": 2, "center_a": [1886, 1506], "dia_a": 3013.4175001669096, "center_b": [1886, 1506], "dia_b": 5414.777906428892}, "hole": {"center": [1599, 1734], "diameter_circle": 1960, "brightness_factor": -0.28300711115800337, "rad_w": 1417, "rad_h": 1101, "sigma": 1132.8}}, "blur": {"sigma": 8.732562522599384, "rad_w": 3, "rad_h": 3}}}