{"name": "0830.png", "type": "001", "params": {"illumination": {"color": {"brightness_factor": 0.783897503833368, "contrast_factor": 1.257834852539045, "saturation_factor": 1.384809593595519}, "halo": {"num": 2, "center_a": [1629, 1860], "dia_a": 2852.891566049022, "center_b": [1629, 1860], "dia_b": 5793.302458275973}, "hole": {"center": [1413, 1768], "diameter_circle": 1922, "brightness_factor": -0.2788310629339481, "rad_w": 1363, "rad_h": 1221, "sigma": 1090.3999999999999}}}}