{"name": "0833.png", "type": "001", "params": {"illumination": {"color": {"brightness_factor": 1.0346264915461016, "contrast_factor": 0.9527257363082728, "saturation_factor": 1.2945600632705179}, "halo": {"num": 1, "center_a": [1436, 2004], "dia_a": 2947.731183328775, "center_b": [1436, 2004], "dia_b": 6270.413728518777}, "hole": {"center": [977, 1340], "diameter_circle": 2065, "brightness_factor": -0.28781383702652225, "rad_w": 1135, "rad_h": 1185, "sigma": 948.0}}}}