{"name": "0833.png", "type": "101", "params": {"illumination": {"color": {"brightness_factor": 0.9739666954201613, "contrast_factor": 1.14477364188446, "saturation_factor": 0.6409395399730161}, "halo": {"num": 2, "center_a": [1324, 1583], "dia_a": 3117.9839567077192, "center_b": [1324, 1583], "dia_b": 5961.025797115684}, "hole": {"center": [2007, 1786], "diameter_circle": 1670, "brightness_factor": -0.2846532178474501, "rad_w": 1119, "rad_h": 1045, "sigma": 895.1999999999999}}, "blur": {"sigma": 8.590686866004724, "rad_w": 3, "rad_h": 3}}}