{"name": "0835.png", "type": "001", "params": {"illumination": {"color": {"brightness_factor": 0.8272260121209309, "contrast_factor": 1.2508065126162884, "saturation_factor": 1.075929421002968}, "halo": {"num": 1, "center_a": [1596, 1608], "dia_a": 3088.403231076938, "center_b": [1596, 1608], "dia_b": 5464.442694860136}, "hole": {"center": [1279, 1621], "diameter_circle": 1563, "brightness_factor": -0.28690545053356775, "rad_w": 1169, "rad_h": 921, "sigma": 935.1999999999998}}}}