{"name": "0835.png", "type": "101", "params": {"illumination": {"color": {"brightness_factor": 0.8718890179664711, "contrast_factor": 0.794581845837329, "saturation_factor": 0.6200176214377292}, "halo": {"num": 1, "center_a": [1548, 1967], "dia_a": 3150.6764110446884, "center_b": [1548, 1967], "dia_b": 6032.338344112971}, "hole": {"center": [1901, 1520], "diameter_circle": 1523, "brightness_factor": -0.28956343473248364, "rad_w": 1121, "rad_h": 985, "sigma": 895.9999999999999}}, "blur": {"sigma": 13.839787521893465, "rad_w": 7, "rad_h": 5}}}