{"name": "0838.png", "type": "101", "params": {"illumination": {"color": {"brightness_factor": 0.7760967116982239, "contrast_factor": 0.9064563915864658, "saturation_factor": 0.900864212340029}, "halo": {"num": 2, "center_a": [1282, 973], "dia_a": 1998.7878788185142, "center_b": [1282, 973], "dia_b": 5031.294515634752}, "hole": {"center": [1806, 1028], "diameter_circle": 1487, "brightness_factor": -0.27727500700070956, "rad_w": 1055, "rad_h": 923, "sigma": 843.9999999999999}}, "blur": {"sigma": 14.201898386171308, "rad_w": 5, "rad_h": 5}}}