{"name": "0838.png", "type": "001", "params": {"illumination": {"color": {"brightness_factor": 1.1610763064526965, "contrast_factor": 1.3876521980774899, "saturation_factor": 1.1905543795115512}, "halo": {"num": 2, "center_a": [1071, 1196], "dia_a": 2454.919200283846, "center_b": [1071, 1196], "dia_b": 4010.4221934130937}, "hole": {"center": [1723, 1042], "diameter_circle": 1163, "brightness_factor": -0.28707512468193425, "rad_w": 793, "rad_h": 861, "sigma": 688.8}}}}