{"name": "0841.png", "type": "101", "params": {"illumination": {"color": {"brightness_factor": 0.8087461462746404, "contrast_factor": 0.9811347357357598, "saturation_factor": 0.6030318346835696}, "halo": {"num": 2, "center_a": [1436, 1096], "dia_a": 2118.904955767567, "center_b": [1436, 1096], "dia_b": 4997.166243086809}, "hole": {"center": [1505, 984], "diameter_circle": 1472, "brightness_factor": -0.278495025827894, "rad_w": 989, "rad_h": 955, "sigma": 791.1999999999999}}, "blur": {"sigma": 8.626676149360677, "rad_w": 5, "rad_h": 5}}}