{"name": "0841.png", "type": "001", "params": {"illumination": {"color": {"brightness_factor": 0.9377727196379226, "contrast_factor": 1.001706752151799, "saturation_factor": 1.3840124166916534}, "halo": {"num": 2, "center_a": [1159, 1005], "dia_a": 2359.8869588287607, "center_b": [1159, 1005], "dia_b": 5016.803764035019}, "hole": {"center": [986, 955], "diameter_circle": 1128, "brightness_factor": -0.27831287946181255, "rad_w": 625, "rad_h": 645, "sigma": 516.0}}}}