{"name": "0842.png", "type": "001", "params": {"illumination": {"color": {"brightness_factor": 0.9679488019531247, "contrast_factor": 0.7258549177107978, "saturation_factor": 0.6409681829672935}, "halo": {"num": 2, "center_a": [1654, 1582], "dia_a": 2612.659203076873, "center_b": [1654, 1582], "dia_b": 5649.349555551843}, "hole": {"center": [1049, 1361], "diameter_circle": 1595, "brightness_factor": -0.29105891327210176, "rad_w": 1163, "rad_h": 897, "sigma": 929.5999999999999}}}}