{"name": "0842.png", "type": "101", "params": {"illumination": {"color": {"brightness_factor": 0.8849571548243548, "contrast_factor": 0.8533109236749544, "saturation_factor": 1.2218325477163785}, "halo": {"num": 2, "center_a": [1461, 1494], "dia_a": 2484.7994948000573, "center_b": [1461, 1494], "dia_b": 5631.911060271929}, "hole": {"center": [826, 1674], "diameter_circle": 1369, "brightness_factor": -0.28449557017625515, "rad_w": 901, "rad_h": 941, "sigma": 752.7999999999998}}, "blur": {"sigma": 7.870113908376642, "rad_w": 3, "rad_h": 3}}}