{"name": "0843.png", "type": "101", "params": {"illumination": {"color": {"brightness_factor": 1.0823298681933742, "contrast_factor": 1.021851769778964, "saturation_factor": 0.7644697600684262}, "halo": {"num": 2, "center_a": [1981, 1426], "dia_a": 2873.9354169931275, "center_b": [1981, 1426], "dia_b": 6839.590889925468}, "hole": {"center": [1278, 1739], "diameter_circle": 1512, "brightness_factor": -0.29566405351163827, "rad_w": 1129, "rad_h": 1097, "sigma": 903.1999999999999}}, "blur": {"sigma": 11.608980054163348, "rad_w": 3, "rad_h": 5}}}