{"name": "0843.png", "type": "001", "params": {"illumination": {"color": {"brightness_factor": 0.7749511943435989, "contrast_factor": 1.117967595665573, "saturation_factor": 1.0449536073056105}, "halo": {"num": 2, "center_a": [1266, 1788], "dia_a": 2685.435837568704, "center_b": [1266, 1788], "dia_b": 6116.730542333834}, "hole": {"center": [1089, 1584], "diameter_circle": 1717, "brightness_factor": -0.2883964745847097, "rad_w": 1173, "rad_h": 1067, "sigma": 937.5999999999999}}}}