{"name": "0844.png", "type": "001", "params": {"illumination": {"color": {"brightness_factor": 1.0114904502370687, "contrast_factor": 1.0709980032075181, "saturation_factor": 1.2971965321015504}, "halo": {"num": 2, "center_a": [1434, 1604], "dia_a": 3068.961966351022, "center_b": [1434, 1604], "dia_b": 5304.464648303333}, "hole": {"center": [1461, 1694], "diameter_circle": 2021, "brightness_factor": -0.2936376726529496, "rad_w": 1379, "rad_h": 1341, "sigma": 1103.1999999999998}}}}