{"name": "0844.png", "type": "101", "params": {"illumination": {"color": {"brightness_factor": 1.0534495028642918, "contrast_factor": 0.9941832933338947, "saturation_factor": 0.6345427749173052}, "halo": {"num": 2, "center_a": [1577, 1939], "dia_a": 2859.4113740830862, "center_b": [1577, 1939], "dia_b": 6814.883733480971}, "hole": {"center": [909, 1694], "diameter_circle": 1609, "brightness_factor": -0.2964698700720673, "rad_w": 1045, "rad_h": 901, "sigma": 835.1999999999999}}, "blur": {"sigma": 12.250915224217724, "rad_w": 7, "rad_h": 5}}}