{"name": "0849.png", "type": "101", "params": {"illumination": {"color": {"brightness_factor": 1.0657910892886717, "contrast_factor": 1.0503450228362259, "saturation_factor": 0.7454089787080179}, "halo": {"num": 2, "center_a": [1986, 1541], "dia_a": 2703.899380466292, "center_b": [1986, 1541], "dia_b": 6606.025960693278}, "hole": {"center": [1277, 1473], "diameter_circle": 1377, "brightness_factor": -0.2965404214770771, "rad_w": 873, "rad_h": 855, "sigma": 697.5999999999999}}, "blur": {"sigma": 14.956121505591096, "rad_w": 5, "rad_h": 5}}}