{"name": "0849.png", "type": "001", "params": {"illumination": {"color": {"brightness_factor": 1.0331065159147588, "contrast_factor": 1.0646652082256831, "saturation_factor": 0.9489764408557271}, "halo": {"num": 1, "center_a": [1304, 1621], "dia_a": 2955.1505777228967, "center_b": [1304, 1621], "dia_b": 6095.943157465042}, "hole": {"center": [1664, 1743], "diameter_circle": 1335, "brightness_factor": -0.2920868680671953, "rad_w": 885, "rad_h": 881, "sigma": 707.1999999999999}}}}