{"name": "0854.png", "type": "101", "params": {"illumination": {"color": {"brightness_factor": 0.8827900374058902, "contrast_factor": 0.9240303403662548, "saturation_factor": 1.0520303280323855}, "halo": {"num": 1, "center_a": [956, 1094], "dia_a": 1678.25870963526, "center_b": [956, 1094], "dia_b": 3456.8843093855266}, "hole": {"center": [1378, 1150], "diameter_circle": 1278, "brightness_factor": 0, "rad_w": 909, "rad_h": 769, "sigma": 727.1999999999999}}, "blur": {"sigma": 8.617453765374373, "rad_w": 3, "rad_h": 5}}}