{"name": "0854.png", "type": "001", "params": {"illumination": {"color": {"brightness_factor": 0.8815333377743413, "contrast_factor": 1.1350692169965908, "saturation_factor": 0.8906125187739403}, "halo": {"num": 2, "center_a": [1064, 1087], "dia_a": 1441.8864436499255, "center_b": [1064, 1087], "dia_b": 3835.8754320998346}, "hole": {"center": [915, 1091], "diameter_circle": 810, "brightness_factor": 0, "rad_w": 563, "rad_h": 587, "sigma": 468.79999999999995}}}}