{"name": "0856.png", "type": "101", "params": {"illumination": {"color": {"brightness_factor": 1.133720869580805, "contrast_factor": 1.1792813320869313, "saturation_factor": 1.1646358366834213}, "halo": {"num": 1, "center_a": [468, 591], "dia_a": 1017.4434473993708, "center_b": [468, 591], "dia_b": 1934.0962450545483}, "hole": {"center": [649, 643], "diameter_circle": 537, "brightness_factor": -0.2929794056769555, "rad_w": 369, "rad_h": 389, "sigma": 311.2}}, "blur": {"sigma": 9.74363927996349, "rad_w": 3, "rad_h": 3}}}