{"name": "0856.png", "type": "001", "params": {"illumination": {"color": {"brightness_factor": 0.9477264478084078, "contrast_factor": 1.3781982258041683, "saturation_factor": 0.723701476180291}, "halo": {"num": 2, "center_a": [601, 501], "dia_a": 1035.1437636558996, "center_b": [601, 501], "dia_b": 1904.2833782311127}, "hole": {"center": [430, 527], "diameter_circle": 514, "brightness_factor": -0.2888895743142132, "rad_w": 321, "rad_h": 291, "sigma": 256.8}}}}