{"name": "0860.png", "type": "101", "params": {"illumination": {"color": {"brightness_factor": 0.9302791467026854, "contrast_factor": 0.8210799277506149, "saturation_factor": 1.3128946137786048}, "halo": {"num": 2, "center_a": [1520, 1702], "dia_a": 3039.221102541119, "center_b": [1520, 1702], "dia_b": 5870.356721755111}, "hole": {"center": [2073, 1977], "diameter_circle": 1792, "brightness_factor": -0.28518315881945, "rad_w": 1055, "rad_h": 1261, "sigma": 1008.8}}, "blur": {"sigma": 13.033267885567593, "rad_w": 5, "rad_h": 7}}}