{"name": "0860.png", "type": "001", "params": {"illumination": {"color": {"brightness_factor": 0.9866888394284725, "contrast_factor": 0.7820823296117081, "saturation_factor": 1.2499927517110891}, "halo": {"num": 2, "center_a": [1576, 1844], "dia_a": 2646.079664731105, "center_b": [1576, 1844], "dia_b": 5608.067785244535}, "hole": {"center": [2336, 1309], "diameter_circle": 1652, "brightness_factor": -0.2895261127408982, "rad_w": 981, "rad_h": 1065, "sigma": 852.0}}}}