{"name": "0862.png", "type": "101", "params": {"illumination": {"color": {"brightness_factor": 1.0656188502529418, "contrast_factor": 1.3287029311129106, "saturation_factor": 1.1456767268839938}, "halo": {"num": 2, "center_a": [1138, 1038], "dia_a": 2277.375388068563, "center_b": [1138, 1038], "dia_b": 3669.1355235453907}, "hole": {"center": [1189, 1080], "diameter_circle": 1641, "brightness_factor": -0.2875602224772494, "rad_w": 1127, "rad_h": 941, "sigma": 901.5999999999999}}, "blur": {"sigma": 7.227835784625887, "rad_w": 3, "rad_h": 3}}}