{"name": "0862.png", "type": "001", "params": {"illumination": {"color": {"brightness_factor": 1.0075962695091796, "contrast_factor": 0.6038862258238948, "saturation_factor": 1.1278065870923162}, "halo": {"num": 2, "center_a": [1181, 1380], "dia_a": 2434.9607686845306, "center_b": [1181, 1380], "dia_b": 4859.6634870423}, "hole": {"center": [1718, 1316], "diameter_circle": 1616, "brightness_factor": -0.2854019405445325, "rad_w": 1135, "rad_h": 1177, "sigma": 940.8}}}}