{"name": "0863.png", "type": "001", "params": {"illumination": {"color": {"brightness_factor": 1.0599166164255043, "contrast_factor": 0.9867127808683489, "saturation_factor": 1.3638519124916335}, "halo": {"num": 2, "center_a": [1791, 1254], "dia_a": 2881.9892032430644, "center_b": [1791, 1254], "dia_b": 5008.2517104237}, "hole": {"center": [1209, 1652], "diameter_circle": 1217, "brightness_factor": -0.29176690320228843, "rad_w": 815, "rad_h": 687, "sigma": 651.1999999999999}}}}