{"name": "0863.png", "type": "101", "params": {"illumination": {"color": {"brightness_factor": 0.8233319146046282, "contrast_factor": 1.3919172431184839, "saturation_factor": 1.1187110781208442}, "halo": {"num": 1, "center_a": [1692, 1171], "dia_a": 2839.9530259075023, "center_b": [1692, 1171], "dia_b": 6445.704193600914}, "hole": {"center": [1402, 1486], "diameter_circle": 1208, "brightness_factor": -0.2872450340192796, "rad_w": 895, "rad_h": 879, "sigma": 715.9999999999999}}, "blur": {"sigma": 14.628457198427002, "rad_w": 5, "rad_h": 7}}}