{"name": "0864.png", "type": "001", "params": {"illumination": {"color": {"brightness_factor": 0.798290946918882, "contrast_factor": 1.0607349163418907, "saturation_factor": 0.9745786756864658}, "halo": {"num": 1, "center_a": [775, 906], "dia_a": 1427.5379105813022, "center_b": [775, 906], "dia_b": 3210.1924010743137}, "hole": {"center": [1323, 747], "diameter_circle": 917, "brightness_factor": -0.2811960123446279, "rad_w": 653, "rad_h": 579, "sigma": 521.5999999999999}}}}