{"name": "0864.png", "type": "101", "params": {"illumination": {"color": {"brightness_factor": 0.7740277596241188, "contrast_factor": 0.7267712560785193, "saturation_factor": 1.2677204976719907}, "halo": {"num": 1, "center_a": [783, 780], "dia_a": 1783.0553788232585, "center_b": [783, 780], "dia_b": 2748.6248344981705}, "hole": {"center": [1266, 1004], "diameter_circle": 794, "brightness_factor": -0.2782245539563821, "rad_w": 537, "rad_h": 493, "sigma": 428.79999999999995}}, "blur": {"sigma": 10.957926434119257, "rad_w": 5, "rad_h": 5}}}