{"name": "0865.png", "type": "001", "params": {"illumination": {"color": {"brightness_factor": 0.8288131233023239, "contrast_factor": 0.6377276248345121, "saturation_factor": 1.3376715816471612}, "halo": {"num": 2, "center_a": [1507, 1516], "dia_a": 2987.5431632228488, "center_b": [1507, 1516], "dia_b": 5921.437402861287}, "hole": {"center": [2089, 1386], "diameter_circle": 1406, "brightness_factor": -0.29857300220379424, "rad_w": 913, "rad_h": 903, "sigma": 730.4}}}}