{"name": "0865.png", "type": "101", "params": {"illumination": {"color": {"brightness_factor": 0.785757113646218, "contrast_factor": 0.8646186272006307, "saturation_factor": 0.8921920161541467}, "halo": {"num": 1, "center_a": [1932, 1960], "dia_a": 2824.631381630482, "center_b": [1932, 1960], "dia_b": 6304.859593034469}, "hole": {"center": [1176, 1570], "diameter_circle": 1823, "brightness_factor": -0.29345872355773606, "rad_w": 1095, "rad_h": 1057, "sigma": 875.1999999999999}}, "blur": {"sigma": 7.622728796750563, "rad_w": 3, "rad_h": 3}}}