{"name": "0867.png", "type": "001", "params": {"illumination": {"color": {"brightness_factor": 0.9510402031997429, "contrast_factor": 0.674050840062777, "saturation_factor": 0.8885700204652598}, "halo": {"num": 1, "center_a": [1197, 1031], "dia_a": 2256.946619076344, "center_b": [1197, 1031], "dia_b": 3757.3732099765843}, "hole": {"center": [785, 1359], "diameter_circle": 1136, "brightness_factor": -0.2848197833892996, "rad_w": 675, "rad_h": 805, "sigma": 643.9999999999999}}}}