{"name": "0867.png", "type": "101", "params": {"illumination": {"color": {"brightness_factor": 1.1030234289973702, "contrast_factor": 0.9055640797460113, "saturation_factor": 1.015138475780504}, "halo": {"num": 2, "center_a": [1410, 1075], "dia_a": 2136.48399656976, "center_b": [1410, 1075], "dia_b": 4428.987754354884}, "hole": {"center": [1471, 1316], "diameter_circle": 1357, "brightness_factor": -0.2891436895621875, "rad_w": 931, "rad_h": 841, "sigma": 744.8}}, "blur": {"sigma": 13.189050592114901, "rad_w": 5, "rad_h": 7}}}