{"name": "0870.png", "type": "101", "params": {"illumination": {"color": {"brightness_factor": 0.797231079063004, "contrast_factor": 0.6049654467443469, "saturation_factor": 1.0259367284477763}, "halo": {"num": 1, "center_a": [1576, 1872], "dia_a": 2682.084819504393, "center_b": [1576, 1872], "dia_b": 5841.468545040404}, "hole": {"center": [1193, 1735], "diameter_circle": 1478, "brightness_factor": -0.2909564106598199, "rad_w": 901, "rad_h": 1079, "sigma": 862.4}}, "blur": {"sigma": 13.417810855951355, "rad_w": 5, "rad_h": 5}}}