{"name": "0870.png", "type": "001", "params": {"illumination": {"color": {"brightness_factor": 1.1747593133541023, "contrast_factor": 0.9465922319208384, "saturation_factor": 0.7088660531003047}, "halo": {"num": 1, "center_a": [1462, 1721], "dia_a": 2963.1096077648776, "center_b": [1462, 1721], "dia_b": 6626.962941120842}, "hole": {"center": [967, 1434], "diameter_circle": 2106, "brightness_factor": -0.297868931386929, "rad_w": 1493, "rad_h": 1509, "sigma": 1206.3999999999999}}}}