{"name": "0871.png", "type": "001", "params": {"illumination": {"color": {"brightness_factor": 1.0496653849189914, "contrast_factor": 1.110398326531898, "saturation_factor": 1.3964492324718478}, "halo": {"num": 2, "center_a": [444, 456], "dia_a": 864.5372432237193, "center_b": [444, 456], "dia_b": 1713.7565002518625}, "hole": {"center": [583, 413], "diameter_circle": 546, "brightness_factor": -0.2902268740521292, "rad_w": 359, "rad_h": 383, "sigma": 305.59999999999997}}}}