{"name": "0871.png", "type": "101", "params": {"illumination": {"color": {"brightness_factor": 0.87235363299594, "contrast_factor": 0.7765869536593041, "saturation_factor": 0.6910819817284014}, "halo": {"num": 1, "center_a": [472, 433], "dia_a": 913.81720513459, "center_b": [472, 433], "dia_b": 1839.3328601959156}, "hole": {"center": [405, 576], "diameter_circle": 720, "brightness_factor": -0.2878767292005482, "rad_w": 525, "rad_h": 457, "sigma": 419.2}}, "blur": {"sigma": 5.568761282571404, "rad_w": 1, "rad_h": 1}}}