{"name": "0872.png", "type": "101", "params": {"illumination": {"color": {"brightness_factor": 0.9599061693625772, "contrast_factor": 0.7074826403523613, "saturation_factor": 1.3681364813483579}, "halo": {"num": 2, "center_a": [1822, 1663], "dia_a": 2486.9382049545516, "center_b": [1822, 1663], "dia_b": 5552.758596173217}, "hole": {"center": [1616, 1226], "diameter_circle": 1455, "brightness_factor": -0.29356171688418126, "rad_w": 1009, "rad_h": 873, "sigma": 806.4}}, "blur": {"sigma": 7.026280790277414, "rad_w": 3, "rad_h": 3}}}