{"name": "0872.png", "type": "001", "params": {"illumination": {"color": {"brightness_factor": 0.9500851774672407, "contrast_factor": 1.0025943055888333, "saturation_factor": 0.718777993272822}, "halo": {"num": 1, "center_a": [1533, 1323], "dia_a": 2630.6186296136534, "center_b": [1533, 1323], "dia_b": 5807.746436538016}, "hole": {"center": [946, 1544], "diameter_circle": 2044, "brightness_factor": -0.29388641672142013, "rad_w": 1493, "rad_h": 1195, "sigma": 1193.6}}}}