{"name": "0873.png", "type": "001", "params": {"illumination": {"color": {"brightness_factor": 1.0052511982982764, "contrast_factor": 0.8372780006966004, "saturation_factor": 1.0934995514128263}, "halo": {"num": 1, "center_a": [1679, 1813], "dia_a": 2770.2707764348843, "center_b": [1679, 1813], "dia_b": 6219.303975821161}, "hole": {"center": [2332, 1396], "diameter_circle": 2105, "brightness_factor": -0.302025636932484, "rad_w": 1231, "rad_h": 1331, "sigma": 1064.0}}}}