{"name": "0873.png", "type": "101", "params": {"illumination": {"color": {"brightness_factor": 1.0964981904959197, "contrast_factor": 1.2350632693106331, "saturation_factor": 0.7626957583142776}, "halo": {"num": 1, "center_a": [1952, 1765], "dia_a": 2521.201888049999, "center_b": [1952, 1765], "dia_b": 5510.347554579916}, "hole": {"center": [1424, 1391], "diameter_circle": 1887, "brightness_factor": -0.309478908070488, "rad_w": 1203, "rad_h": 1113, "sigma": 961.5999999999999}}, "blur": {"sigma": 8.7856908612361, "rad_w": 3, "rad_h": 3}}}