{"name": "0880.png", "type": "101", "params": {"illumination": {"color": {"brightness_factor": 1.056614376093182, "contrast_factor": 0.8139771783261779, "saturation_factor": 0.7940504783570953}, "halo": {"num": 1, "center_a": [1720, 1357], "dia_a": 2831.317423921541, "center_b": [1720, 1357], "dia_b": 5762.636298991647}, "hole": {"center": [1471, 1786], "diameter_circle": 1953, "brightness_factor": -0.3060635494785721, "rad_w": 1333, "rad_h": 1369, "sigma": 1094.3999999999999}}, "blur": {"sigma": 11.13761348052665, "rad_w": 5, "rad_h": 5}}}