{"name": "0880.png", "type": "001", "params": {"illumination": {"color": {"brightness_factor": 0.8553410007031124, "contrast_factor": 1.0567028613161213, "saturation_factor": 1.0592618158525795}, "halo": {"num": 1, "center_a": [1555, 1305], "dia_a": 3153.668323809904, "center_b": [1555, 1305], "dia_b": 5075.632311376088}, "hole": {"center": [1657, 1813], "diameter_circle": 1836, "brightness_factor": -0.292997802820121, "rad_w": 1255, "rad_h": 1123, "sigma": 1003.9999999999999}}}}