{"name": "0883.png", "type": "001", "params": {"illumination": {"color": {"brightness_factor": 1.19643346077856, "contrast_factor": 0.7802205698376793, "saturation_factor": 0.9763948938050264}, "halo": {"num": 2, "center_a": [1533, 1500], "dia_a": 3227.002207552971, "center_b": [1533, 1500], "dia_b": 6038.966783094227}, "hole": {"center": [1255, 1267], "diameter_circle": 1753, "brightness_factor": -0.29334972497000167, "rad_w": 1289, "rad_h": 1233, "sigma": 1031.1999999999998}}}}