{"name": "0883.png", "type": "101", "params": {"illumination": {"color": {"brightness_factor": 1.0077753115032664, "contrast_factor": 1.058960711948947, "saturation_factor": 1.1800134665176358}, "halo": {"num": 2, "center_a": [1627, 1673], "dia_a": 2564.2731386983105, "center_b": [1627, 1673], "dia_b": 5866.574038445328}, "hole": {"center": [1077, 1494], "diameter_circle": 1325, "brightness_factor": -0.2939569337138247, "rad_w": 751, "rad_h": 977, "sigma": 781.5999999999999}}, "blur": {"sigma": 7.690016982052514, "rad_w": 3, "rad_h": 3}}}