{"name": "0884.png", "type": "001", "params": {"illumination": {"color": {"brightness_factor": 1.1765673736350726, "contrast_factor": 0.7500415605876563, "saturation_factor": 0.6118175677322931}, "halo": {"num": 2, "center_a": [1632, 1400], "dia_a": 2446.559422151561, "center_b": [1632, 1400], "dia_b": 4891.599538967417}, "hole": {"center": [1772, 1457], "diameter_circle": 2012, "brightness_factor": -0.2928278591994991, "rad_w": 1159, "rad_h": 1321, "sigma": 1056.0}}}}