{"name": "0886.png", "type": "001", "params": {"illumination": {"color": {"brightness_factor": 1.0731631532301436, "contrast_factor": 0.6996272784004396, "saturation_factor": 1.1765687377197085}, "halo": {"num": 1, "center_a": [1780, 1559], "dia_a": 2346.7844270316787, "center_b": [1780, 1559], "dia_b": 6044.392561904665}, "hole": {"center": [1419, 1173], "diameter_circle": 1942, "brightness_factor": -0.30320944004883066, "rad_w": 1187, "rad_h": 1163, "sigma": 949.5999999999999}}}}