{"name": "0886.png", "type": "101", "params": {"illumination": {"color": {"brightness_factor": 0.9388970510867831, "contrast_factor": 0.8066798273621555, "saturation_factor": 0.677027650221218}, "halo": {"num": 1, "center_a": [1720, 1366], "dia_a": 2802.917966870199, "center_b": [1720, 1366], "dia_b": 6289.6627402070335}, "hole": {"center": [1757, 1391], "diameter_circle": 1474, "brightness_factor": -0.2915235774716713, "rad_w": 993, "rad_h": 1047, "sigma": 837.6}}, "blur": {"sigma": 8.678064737986375, "rad_w": 5, "rad_h": 3}}}