{"name": "0888.png", "type": "001", "params": {"illumination": {"color": {"brightness_factor": 0.752446616187523, "contrast_factor": 1.011194415107186, "saturation_factor": 1.2657872694029093}, "halo": {"num": 1, "center_a": [482, 479], "dia_a": 905.0980737062328, "center_b": [482, 479], "dia_b": 1633.8325763987878}, "hole": {"center": [537, 400], "diameter_circle": 705, "brightness_factor": -0.2862674098938877, "rad_w": 497, "rad_h": 399, "sigma": 396.79999999999995}}}}