{"name": "0888.png", "type": "101", "params": {"illumination": {"color": {"brightness_factor": 0.8155275790098792, "contrast_factor": 0.7558937982749261, "saturation_factor": 0.7165471775626628}, "halo": {"num": 2, "center_a": [430, 594], "dia_a": 854.9933723677639, "center_b": [430, 594], "dia_b": 1889.8314806354215}, "hole": {"center": [655, 479], "diameter_circle": 422, "brightness_factor": -0.28862572294660094, "rad_w": 265, "rad_h": 261, "sigma": 211.2}}, "blur": {"sigma": 8.398231095453518, "rad_w": 3, "rad_h": 3}}}