{"name": "0892.png", "type": "001", "params": {"illumination": {"color": {"brightness_factor": 0.9180477177444122, "contrast_factor": 1.364960745397713, "saturation_factor": 1.04327143369669}, "halo": {"num": 2, "center_a": [1203, 1749], "dia_a": 2678.8643544650718, "center_b": [1203, 1749], "dia_b": 5401.72149880519}, "hole": {"center": [1014, 1257], "diameter_circle": 1293, "brightness_factor": -0.28299900656897875, "rad_w": 753, "rad_h": 915, "sigma": 731.1999999999999}}}}