{"name": "0893.png", "type": "101", "params": {"illumination": {"color": {"brightness_factor": 0.9055854663605325, "contrast_factor": 0.9494052731452892, "saturation_factor": 0.6622448424256754}, "halo": {"num": 2, "center_a": [1245, 1505], "dia_a": 2252.995027797327, "center_b": [1245, 1505], "dia_b": 4869.57099536362}, "hole": {"center": [1222, 1075], "diameter_circle": 1402, "brightness_factor": -0.2789095961207512, "rad_w": 925, "rad_h": 1023, "sigma": 817.5999999999999}}, "blur": {"sigma": 6.850822913252199, "rad_w": 3, "rad_h": 3}}}