{"name": "0893.png", "type": "001", "params": {"illumination": {"color": {"brightness_factor": 1.0740436607830306, "contrast_factor": 0.8581661859671685, "saturation_factor": 1.35546663105973}, "halo": {"num": 1, "center_a": [1077, 1211], "dia_a": 2374.9102647172845, "center_b": [1077, 1211], "dia_b": 3743.4370474259335}, "hole": {"center": [1554, 1263], "diameter_circle": 1027, "brightness_factor": -0.28256402058591784, "rad_w": 739, "rad_h": 673, "sigma": 591.1999999999999}}}}