{"name": "0895.png", "type": "101", "params": {"illumination": {"color": {"brightness_factor": 1.1722115893105223, "contrast_factor": 1.0180202971222512, "saturation_factor": 1.2905573848244627}, "halo": {"num": 2, "center_a": [1261, 796], "dia_a": 1568.3343717601795, "center_b": [1261, 796], "dia_b": 4129.219635033942}, "hole": {"center": [1144, 1121], "diameter_circle": 864, "brightness_factor": -0.282414537557878, "rad_w": 535, "rad_h": 607, "sigma": 485.5999999999999}}, "blur": {"sigma": 10.799919631203537, "rad_w": 3, "rad_h": 3}}}