{"name": "0895.png", "type": "001", "params": {"illumination": {"color": {"brightness_factor": 1.0339975045268288, "contrast_factor": 1.2861201593835085, "saturation_factor": 0.8240303167525087}, "halo": {"num": 1, "center_a": [1294, 887], "dia_a": 1612.505931928503, "center_b": [1294, 887], "dia_b": 3386.8839232552223}, "hole": {"center": [1119, 1164], "diameter_circle": 1397, "brightness_factor": -0.278510920136246, "rad_w": 861, "rad_h": 931, "sigma": 744.0}}}}