{"name": "0896.png", "type": "101", "params": {"illumination": {"color": {"brightness_factor": 0.769826423883104, "contrast_factor": 0.7029751825654, "saturation_factor": 1.0253154192268117}, "halo": {"num": 2, "center_a": [494, 563], "dia_a": 857.6381446246874, "center_b": [494, 563], "dia_b": 1640.7958361412361}, "hole": {"center": [597, 615], "diameter_circle": 432, "brightness_factor": -0.28649610569030787, "rad_w": 263, "rad_h": 319, "sigma": 254.39999999999998}}, "blur": {"sigma": 12.87247888349939, "rad_w": 5, "rad_h": 7}}}