{"name": "0896.png", "type": "001", "params": {"illumination": {"color": {"brightness_factor": 1.1148889444376515, "contrast_factor": 1.2601269386517944, "saturation_factor": 1.0384065558017794}, "halo": {"num": 1, "center_a": [511, 414], "dia_a": 992.6199717963063, "center_b": [511, 414], "dia_b": 2043.945157283745}, "hole": {"center": [410, 406], "diameter_circle": 507, "brightness_factor": -0.2962078981918268, "rad_w": 297, "rad_h": 365, "sigma": 291.2}}}}